Order_ID,Order_Date,Year,Quarter,Month,Region,Country,Product,Channel,Units_Sold,Unit_Price,Revenue,Material_Cost,Shipping_Cost,Labor_Cost,Marketing_Cost,Total_Cost,Profit,Margin_Percent
ORD-002328,2024-01-01,2024,Q1,1,North America,USA,Server,Online,110,1989.09,218800.09,148784.06,1820.36,2275.93,1977.52,154857.87,63942.22,29.22
ORD-004638,2024-01-01,2024,Q1,1,Latin America,Brazil,Desktop,Enterprise,135,814.28,109927.59,65956.56,3665.86,6199.63,957.38,76779.43,33148.16,30.15
ORD-004895,2024-01-01,2024,Q1,1,Asia Pacific,Australia,Printer,Online,26,268.16,6972.27,3974.19,235.84,787.97,286.72,5284.72,1687.55,24.2
ORD-002477,2024-01-01,2024,Q1,1,North America,USA,Tablet,Online,427,555.14,237043.5,123262.62,4909.39,16234.8,9531.55,153938.35,83105.15,35.06
ORD-004761,2024-01-01,2024,Q1,1,Asia Pacific,Japan,Tablet,Online,351,555.76,195073.09,101438.01,4381.18,12159.87,6372.31,124351.36,70721.72,36.25
ORD-000558,2024-01-01,2024,Q1,1,North America,Mexico,Server,Online,496,2463.67,1221981.22,830947.23,12837.93,28124.71,4920.61,876830.48,345150.74,28.25
ORD-002688,2024-01-01,2024,Q1,1,Asia Pacific,India,Desktop,Retail,316,731.64,231199.65,138719.79,10959.45,4587.89,6807.25,161074.37,70125.27,30.33
ORD-000741,2024-01-01,2024,Q1,1,North America,USA,Server,Online,258,1920.82,495572.4,336989.23,3905.42,7639.64,3319.12,351853.42,143718.98,29.0
ORD-000188,2024-01-02,2024,Q1,1,North America,Mexico,Laptop,Enterprise,147,930.07,136720.28,79297.76,3323.38,3265.11,1692.47,87578.72,49141.56,35.94
ORD-000145,2024-01-02,2024,Q1,1,North America,Canada,Printer,Online,316,303.42,95881.09,54652.22,8511.9,12494.38,7736.86,83395.37,12485.72,13.02
ORD-001457,2024-01-02,2024,Q1,1,Europe,Italy,Tablet,Retail,112,488.77,54741.96,28465.82,2327.03,5664.79,2178.18,38635.83,16106.14,29.42
ORD-001362,2024-01-02,2024,Q1,1,North America,Mexico,Desktop,Distributor,278,679.36,188862.43,113317.46,3179.48,8116.63,2995.08,127608.64,61253.79,32.43
ORD-001622,2024-01-02,2024,Q1,1,Europe,France,Laptop,Online,173,802.89,138900.11,80562.06,2760.04,5976.92,3091.43,92390.46,46509.65,33.48
ORD-002924,2024-01-03,2024,Q1,1,Middle East,Qatar,Tablet,Online,108,462.46,49945.41,25971.61,3775.47,6298.16,1697.69,37742.93,12202.47,24.43
ORD-004906,2024-01-03,2024,Q1,1,Asia Pacific,Singapore,Desktop,Distributor,188,817.24,153641.13,92184.68,4941.15,8199.63,4436.61,109762.07,43879.06,28.56
ORD-001176,2024-01-03,2024,Q1,1,Asia Pacific,India,Tablet,Enterprise,16,453.92,7262.79,3776.65,511.42,264.73,316.23,4869.03,2393.76,32.96
ORD-003499,2024-01-03,2024,Q1,1,Latin America,Brazil,Laptop,Retail,366,836.44,306137.72,177559.88,9363.69,6032.23,9034.83,201990.63,104147.09,34.02
ORD-001136,2024-01-03,2024,Q1,1,Middle East,UAE,Monitor,Retail,210,340.4,71483.45,39315.9,2777.24,8819.89,3749.76,54662.79,16820.66,23.53
ORD-000721,2024-01-04,2024,Q1,1,Asia Pacific,Australia,Printer,Retail,432,319.62,138075.25,78702.89,11236.76,16819.14,6419.27,113178.06,24897.19,18.03
ORD-000988,2024-01-04,2024,Q1,1,Latin America,Argentina,Desktop,Distributor,236,649.09,153185.46,91911.28,6349.74,6962.92,1965.82,107189.75,45995.71,30.03
ORD-004308,2024-01-04,2024,Q1,1,Latin America,Chile,Tablet,Online,285,518.57,147792.73,76852.22,9860.95,5930.12,1453.36,94096.64,53696.09,36.33
ORD-000771,2024-01-05,2024,Q1,1,North America,Canada,Server,Retail,384,2112.48,811192.25,551610.73,10644.05,18883.12,1881.1,583018.99,228173.26,28.13
ORD-002909,2024-01-05,2024,Q1,1,Asia Pacific,Australia,Monitor,Online,159,289.68,46059.81,25332.9,4590.92,9306.82,752.69,39983.33,6076.49,13.19
ORD-000307,2024-01-05,2024,Q1,1,North America,USA,Desktop,Online,63,815.19,51356.95,30814.17,1535.09,2030.29,1359.54,35739.1,15617.85,30.41
ORD-004007,2024-01-05,2024,Q1,1,North America,Mexico,Tablet,Online,40,560.68,22427.02,11662.05,592.78,1416.74,669.92,14341.49,8085.53,36.05
ORD-004137,2024-01-06,2024,Q1,1,Europe,France,Server,Retail,100,2190.55,219054.89,148957.33,3281.38,1032.67,1810.55,155081.93,63972.97,29.2
ORD-004063,2024-01-06,2024,Q1,1,Asia Pacific,Singapore,Printer,Online,237,257.24,60965.45,34750.31,6417.41,10842.7,4005.27,56015.68,4949.77,8.12
ORD-000718,2024-01-06,2024,Q1,1,Asia Pacific,Japan,Desktop,Distributor,51,663.12,33819.16,20291.49,1298.47,1591.34,312.7,23494.0,10325.15,30.53
ORD-003826,2024-01-06,2024,Q1,1,North America,Mexico,Desktop,Retail,273,796.31,217393.91,130436.35,6903.96,11389.57,4331.34,153061.22,64332.69,29.59
ORD-001223,2024-01-07,2024,Q1,1,Latin America,Argentina,Printer,Enterprise,151,297.38,44904.81,25595.74,5110.85,6170.42,2261.4,39138.41,5766.4,12.84
ORD-004488,2024-01-07,2024,Q1,1,North America,USA,Tablet,Online,430,443.0,190488.41,99053.97,8194.96,17354.58,8896.94,133500.46,56987.95,29.92
ORD-002543,2024-01-07,2024,Q1,1,Latin America,Argentina,Server,Online,128,1996.95,255609.94,173814.76,1945.33,2916.49,537.22,179213.79,76396.15,29.89
ORD-001387,2024-01-07,2024,Q1,1,Middle East,Saudi Arabia,Laptop,Enterprise,284,955.94,271488.16,157463.13,8850.7,9618.39,5610.86,181543.1,89945.07,33.13
ORD-000953,2024-01-07,2024,Q1,1,North America,Canada,Laptop,Retail,15,833.55,12503.21,7251.86,291.88,863.84,334.1,8741.68,3761.53,30.08
ORD-002238,2024-01-08,2024,Q1,1,Latin America,Brazil,Server,Retail,145,2104.45,305145.8,207499.14,1345.32,8175.78,3124.67,220144.92,85000.88,27.86
ORD-004043,2024-01-08,2024,Q1,1,North America,Mexico,Laptop,Online,119,852.25,101417.65,58822.24,2683.82,3855.0,2182.47,67543.53,33874.11,33.4
ORD-000654,2024-01-08,2024,Q1,1,Latin America,Brazil,Server,Retail,145,2160.24,313235.43,213000.09,4766.96,1883.18,1052.01,220702.24,92533.19,29.54
ORD-004431,2024-01-08,2024,Q1,1,Asia Pacific,Australia,Monitor,Online,304,299.24,90968.51,50032.68,8724.45,5516.07,1977.18,66250.39,24718.13,27.17
ORD-002957,2024-01-08,2024,Q1,1,Middle East,Saudi Arabia,Desktop,Online,413,784.64,324057.88,194434.73,10572.72,24575.75,2733.04,232316.24,91741.64,28.31
ORD-001379,2024-01-09,2024,Q1,1,Middle East,Saudi Arabia,Printer,Enterprise,209,292.89,61214.36,34892.19,6388.76,4049.93,1869.14,47200.02,14014.35,22.89
ORD-004630,2024-01-09,2024,Q1,1,Asia Pacific,Singapore,Tablet,Distributor,39,504.61,19679.96,10233.58,985.46,2038.55,773.57,14031.16,5648.8,28.7
ORD-000194,2024-01-09,2024,Q1,1,Asia Pacific,Japan,Desktop,Enterprise,228,834.25,190208.71,114125.23,7722.58,2795.24,2453.33,127096.37,63112.34,33.18
ORD-001643,2024-01-10,2024,Q1,1,North America,Canada,Tablet,Enterprise,70,473.54,33147.99,17236.96,2352.18,3733.01,1051.61,24373.75,8774.25,26.47
ORD-002981,2024-01-10,2024,Q1,1,Middle East,UAE,Desktop,Retail,266,694.21,184660.75,110796.45,2980.19,15949.08,4328.47,134054.19,50606.57,27.41
ORD-000527,2024-01-10,2024,Q1,1,North America,Canada,Laptop,Online,157,844.2,132539.19,76872.73,2474.29,6105.62,1738.84,87191.47,45347.71,34.21
ORD-003092,2024-01-10,2024,Q1,1,Middle East,Saudi Arabia,Printer,Online,489,284.57,139153.91,79317.73,7766.92,10189.38,4086.19,101360.23,37793.68,27.16
ORD-000750,2024-01-10,2024,Q1,1,Europe,UK,Desktop,Retail,291,791.94,230455.35,138273.21,7908.97,12083.65,5383.62,163649.45,66805.9,28.99
ORD-001153,2024-01-11,2024,Q1,1,Asia Pacific,Australia,Desktop,Retail,309,712.35,220117.45,132070.47,9902.42,3334.67,1452.44,146759.99,73357.46,33.33
ORD-003759,2024-01-11,2024,Q1,1,Asia Pacific,Japan,Server,Enterprise,101,1976.43,199619.35,135741.16,3336.79,2832.72,1050.58,142961.25,56658.1,28.38
ORD-001025,2024-01-11,2024,Q1,1,Europe,Germany,Laptop,Distributor,280,907.27,254035.1,147340.36,6111.99,8963.97,4955.25,167371.57,86663.53,34.11
ORD-001346,2024-01-11,2024,Q1,1,Europe,UK,Laptop,Distributor,362,981.69,355370.48,206114.88,4457.87,18777.26,8825.24,238175.25,117195.23,32.98
ORD-000828,2024-01-11,2024,Q1,1,Europe,Italy,Server,Online,105,2103.07,220822.01,150158.96,1778.5,5281.98,2481.41,159700.86,61121.15,27.68
ORD-004321,2024-01-12,2024,Q1,1,Asia Pacific,Japan,Desktop,Enterprise,273,706.17,192784.86,115670.91,5778.61,6016.19,1317.76,128783.48,64001.38,33.2
ORD-001064,2024-01-12,2024,Q1,1,Europe,UK,Server,Online,113,2514.3,284115.71,193198.68,3723.9,2232.36,1432.59,200587.54,83528.17,29.4
ORD-002856,2024-01-12,2024,Q1,1,North America,Canada,Laptop,Online,216,988.1,213430.2,123789.52,3577.53,9932.32,4458.47,141757.85,71672.36,33.58
ORD-004642,2024-01-12,2024,Q1,1,North America,Mexico,Monitor,Enterprise,292,311.0,90811.38,49946.26,9782.38,7207.04,3030.22,69965.9,20845.48,22.95
ORD-000380,2024-01-12,2024,Q1,1,Europe,Germany,Desktop,Retail,157,736.33,115603.28,69361.97,1566.04,7970.57,2946.56,81845.14,33758.14,29.2
ORD-001765,2024-01-12,2024,Q1,1,Middle East,Qatar,Laptop,Online,333,770.92,256716.78,148895.73,4314.22,19238.88,4093.16,176541.99,80174.78,31.23
ORD-004346,2024-01-12,2024,Q1,1,Latin America,Chile,Laptop,Online,136,827.26,112506.72,65253.9,4514.75,6378.75,1981.79,78129.19,34377.53,30.56
ORD-001588,2024-01-12,2024,Q1,1,Europe,Spain,Printer,Retail,475,302.99,143918.24,82033.4,11968.49,12004.15,4198.38,110204.43,33713.82,23.43
ORD-004222,2024-01-12,2024,Q1,1,North America,Mexico,Laptop,Online,370,864.42,319836.2,185504.99,8775.85,13052.92,3044.79,210378.56,109457.64,34.22
ORD-000754,2024-01-13,2024,Q1,1,Asia Pacific,India,Desktop,Online,293,639.12,187261.7,112357.02,2936.13,6104.68,5099.78,126497.61,60764.09,32.45
ORD-004077,2024-01-13,2024,Q1,1,North America,Mexico,Printer,Online,438,251.1,109981.05,62689.2,3729.29,14127.66,10338.3,90884.45,19096.6,17.36
ORD-003684,2024-01-13,2024,Q1,1,North America,USA,Server,Enterprise,360,2511.89,904279.77,614910.24,7386.57,12999.01,7748.5,643044.33,261235.44,28.89
ORD-004992,2024-01-13,2024,Q1,1,North America,Mexico,Printer,Enterprise,91,240.35,21871.44,12466.72,1186.31,3105.04,1829.5,18587.57,3283.87,15.01
ORD-003862,2024-01-13,2024,Q1,1,Europe,Spain,Desktop,Enterprise,103,762.57,78544.9,47126.94,1669.36,5266.79,319.97,54383.07,24161.83,30.76
ORD-001397,2024-01-14,2024,Q1,1,Latin America,Argentina,Printer,Retail,379,288.67,109404.24,62360.42,3572.36,8830.75,5869.82,80633.35,28770.89,26.3
ORD-001465,2024-01-14,2024,Q1,1,North America,Canada,Printer,Online,173,245.76,42516.54,24234.43,5355.0,6868.06,2319.99,38777.48,3739.06,8.79
ORD-000038,2024-01-14,2024,Q1,1,Europe,Spain,Printer,Enterprise,171,317.6,54310.15,30956.78,2208.67,9863.26,3850.69,46879.41,7430.74,13.68
ORD-004939,2024-01-14,2024,Q1,1,North America,Mexico,Tablet,Online,68,558.51,37978.99,19749.07,845.31,1786.5,1202.9,23583.79,14395.2,37.9
ORD-004793,2024-01-15,2024,Q1,1,Europe,Spain,Tablet,Distributor,466,532.68,248227.29,129078.19,14062.48,17181.73,3117.35,163439.76,84787.53,34.16
ORD-000074,2024-01-15,2024,Q1,1,Asia Pacific,India,Tablet,Retail,213,494.01,105224.3,54716.64,7096.79,4967.82,962.27,67743.52,37480.78,35.62
ORD-004634,2024-01-15,2024,Q1,1,Latin America,Argentina,Desktop,Distributor,207,761.31,157591.99,94555.19,2503.44,12027.86,4503.19,113589.69,44002.3,27.92
ORD-002915,2024-01-15,2024,Q1,1,Asia Pacific,Japan,Server,Online,403,2243.49,904127.27,614806.55,5567.0,19323.03,6520.29,646216.86,257910.42,28.53
ORD-000818,2024-01-15,2024,Q1,1,Latin America,Argentina,Tablet,Distributor,374,445.92,166773.97,86722.46,5427.62,10600.21,3241.95,105992.25,60781.72,36.45
ORD-001110,2024-01-16,2024,Q1,1,Europe,Germany,Server,Retail,61,2140.1,130545.94,88771.24,997.54,2378.17,816.89,92963.84,37582.1,28.79
ORD-004300,2024-01-16,2024,Q1,1,Europe,Germany,Tablet,Online,373,502.57,187457.71,97478.01,3935.64,13663.28,2082.62,117159.55,70298.16,37.5
ORD-001886,2024-01-17,2024,Q1,1,Europe,France,Desktop,Enterprise,238,640.02,152324.82,91394.89,7724.96,2390.49,1741.56,103251.9,49072.92,32.22
ORD-003196,2024-01-17,2024,Q1,1,Latin America,Chile,Laptop,Retail,68,978.62,66546.19,38596.79,1380.46,3413.58,1682.78,45073.61,21472.58,32.27
ORD-003442,2024-01-17,2024,Q1,1,North America,Canada,Monitor,Online,400,332.82,133126.19,73219.4,4003.54,22291.49,7599.03,107113.47,26012.72,19.54
ORD-000241,2024-01-17,2024,Q1,1,Asia Pacific,Japan,Laptop,Retail,428,1021.56,437227.96,253592.21,5983.59,13078.49,5585.93,278240.23,158987.72,36.36
ORD-002836,2024-01-17,2024,Q1,1,Asia Pacific,Singapore,Monitor,Retail,124,314.85,39041.24,21472.68,3499.31,2819.37,2625.49,30416.85,8624.38,22.09
ORD-004224,2024-01-17,2024,Q1,1,North America,Mexico,Laptop,Online,133,785.03,104408.44,60556.9,1786.5,1920.47,2640.15,66904.01,37504.43,35.92
ORD-001238,2024-01-17,2024,Q1,1,Europe,Italy,Laptop,Online,339,1015.55,344270.47,199676.87,8287.86,14545.75,1883.14,224393.61,119876.85,34.82
ORD-000260,2024-01-18,2024,Q1,1,Asia Pacific,Australia,Laptop,Online,121,809.13,97904.95,56784.87,3170.57,2459.12,1126.57,63541.13,34363.82,35.1
ORD-000914,2024-01-18,2024,Q1,1,Asia Pacific,Singapore,Tablet,Retail,379,538.41,204057.07,106109.68,12771.51,20200.27,9127.89,148209.35,55847.72,27.37
ORD-002679,2024-01-19,2024,Q1,1,North America,Canada,Tablet,Online,161,436.69,70306.94,36559.61,2741.88,1951.91,1524.35,42777.75,27529.19,39.16
ORD-002478,2024-01-19,2024,Q1,1,Europe,Italy,Tablet,Retail,124,527.86,65455.18,34036.69,3707.37,2655.99,1649.19,42049.25,23405.93,35.76
ORD-003634,2024-01-19,2024,Q1,1,Latin America,Brazil,Laptop,Online,263,784.41,206300.29,119654.17,5595.01,3720.16,4966.6,133935.94,72364.35,35.08
ORD-002080,2024-01-19,2024,Q1,1,Asia Pacific,India,Printer,Distributor,190,317.21,60269.73,34353.75,3452.28,6265.3,2566.5,46637.82,13631.91,22.62
ORD-001558,2024-01-19,2024,Q1,1,North America,Mexico,Server,Online,278,1941.53,539744.59,367026.32,8100.97,9188.38,1065.96,385381.63,154362.96,28.6
ORD-003422,2024-01-19,2024,Q1,1,Asia Pacific,Australia,Monitor,Retail,199,333.34,66334.91,36484.2,2812.69,7227.22,1018.36,47542.47,18792.44,28.33
ORD-003176,2024-01-19,2024,Q1,1,Middle East,UAE,Printer,Retail,138,254.91,35177.64,20051.25,3328.65,3833.64,2945.62,30159.16,5018.48,14.27
ORD-004570,2024-01-19,2024,Q1,1,Asia Pacific,Australia,Desktop,Enterprise,193,742.41,143284.32,85970.59,6510.1,4764.92,585.12,97830.74,45453.59,31.72
ORD-002007,2024-01-19,2024,Q1,1,North America,Mexico,Laptop,Retail,219,807.33,176805.48,102547.18,6884.45,11696.8,5335.94,126464.37,50341.11,28.47
ORD-004082,2024-01-19,2024,Q1,1,Latin America,Argentina,Monitor,Enterprise,397,288.53,114547.16,63000.94,5810.82,18807.84,9208.31,96827.92,17719.25,15.47
ORD-000281,2024-01-20,2024,Q1,1,Asia Pacific,Singapore,Desktop,Retail,448,787.73,352901.07,211740.64,11015.31,15582.14,9876.08,248214.17,104686.89,29.66
ORD-003213,2024-01-20,2024,Q1,1,Europe,Italy,Printer,Enterprise,340,243.15,82670.84,47122.38,6295.01,14668.01,2193.06,70278.46,12392.38,14.99
ORD-001880,2024-01-21,2024,Q1,1,Asia Pacific,India,Monitor,Distributor,381,333.22,126956.99,69826.34,3278.34,15439.33,9266.53,97810.54,29146.44,22.96
ORD-004778,2024-01-21,2024,Q1,1,Europe,Spain,Desktop,Enterprise,173,687.37,118915.41,71349.24,4787.34,7796.27,1842.72,85775.58,33139.82,27.87
ORD-004880,2024-01-21,2024,Q1,1,Europe,Spain,Desktop,Enterprise,473,782.92,370323.11,222193.87,13262.2,23414.74,4692.27,263563.08,106760.03,28.83
ORD-001447,2024-01-21,2024,Q1,1,Europe,UK,Tablet,Enterprise,412,538.99,222065.79,115474.21,11402.16,21665.84,9533.1,158075.31,63990.49,28.82
ORD-000032,2024-01-21,2024,Q1,1,North America,USA,Printer,Online,309,260.75,80570.76,45925.33,2801.97,14074.87,7486.16,70288.33,10282.43,12.76
ORD-001600,2024-01-21,2024,Q1,1,Europe,Italy,Laptop,Online,158,799.09,126256.93,73229.02,2626.69,3531.2,2990.16,82377.08,43879.85,34.75
ORD-003341,2024-01-21,2024,Q1,1,Latin America,Brazil,Desktop,Retail,440,650.75,286328.35,171797.01,7938.83,4473.94,8025.4,192235.17,94093.17,32.86
ORD-001300,2024-01-21,2024,Q1,1,Asia Pacific,India,Laptop,Distributor,228,835.13,190409.31,110437.4,3711.69,2465.12,2889.12,119503.33,70905.98,37.24
ORD-002160,2024-01-21,2024,Q1,1,Europe,Germany,Laptop,Online,29,816.85,23688.75,13739.47,619.35,1175.72,638.16,16172.71,7516.04,31.73
ORD-002670,2024-01-22,2024,Q1,1,North America,Mexico,Laptop,Enterprise,252,869.41,219090.91,127072.73,6665.38,11661.93,2936.83,148336.86,70754.05,32.29
ORD-003208,2024-01-22,2024,Q1,1,Latin America,Chile,Server,Enterprise,144,1878.88,270559.23,183980.28,3105.33,7871.54,870.27,195827.42,74731.81,27.62
ORD-000016,2024-01-22,2024,Q1,1,Asia Pacific,Singapore,Monitor,Enterprise,242,292.9,70881.23,38984.68,6206.35,2537.14,5645.53,53373.7,17507.53,24.7
ORD-001266,2024-01-22,2024,Q1,1,Asia Pacific,Australia,Tablet,Online,229,466.89,106918.22,55597.48,4574.28,13218.44,850.11,74240.31,32677.91,30.56
ORD-001391,2024-01-22,2024,Q1,1,Latin America,Argentina,Tablet,Distributor,185,489.01,90466.06,47042.35,4478.17,7930.85,3689.68,63141.05,27325.01,30.2
ORD-004592,2024-01-22,2024,Q1,1,Europe,Italy,Server,Enterprise,237,1890.99,448165.31,304752.41,4965.27,3525.84,1795.47,315038.99,133126.32,29.7
ORD-002190,2024-01-22,2024,Q1,1,Asia Pacific,India,Server,Online,448,2412.69,1080886.52,735002.83,8616.38,9979.16,9209.28,762807.65,318078.86,29.43
ORD-004040,2024-01-22,2024,Q1,1,Europe,Spain,Desktop,Online,487,823.09,400845.96,240507.58,5792.56,5372.12,10780.98,262453.24,138392.72,34.53
ORD-002782,2024-01-23,2024,Q1,1,Middle East,UAE,Printer,Retail,25,251.89,6297.28,3589.45,796.81,291.64,140.72,4818.62,1478.66,23.48
ORD-000357,2024-01-23,2024,Q1,1,Latin America,Chile,Printer,Online,306,316.09,96724.66,55133.06,5641.8,3384.48,3488.8,67648.13,29076.53,30.06
ORD-000832,2024-01-23,2024,Q1,1,North America,USA,Monitor,Enterprise,261,280.31,73161.78,40238.98,3941.54,12394.22,2139.86,58714.6,14447.18,19.75
ORD-002536,2024-01-23,2024,Q1,1,Latin America,Chile,Desktop,Online,379,651.02,246736.53,148041.92,9713.48,9749.02,4082.95,171587.37,75149.16,30.46
ORD-002008,2024-01-23,2024,Q1,1,North America,Canada,Desktop,Online,373,668.17,249225.56,149535.34,11999.48,11537.12,3638.96,176710.89,72514.67,29.1
ORD-001427,2024-01-24,2024,Q1,1,North America,Mexico,Desktop,Retail,272,856.29,232911.29,139746.77,3750.15,12657.23,2759.01,158913.17,73998.12,31.77
ORD-003243,2024-01-25,2024,Q1,1,North America,USA,Desktop,Distributor,81,728.78,59031.5,35418.9,1732.31,2672.64,529.71,40353.55,18677.94,31.64
ORD-003455,2024-01-25,2024,Q1,1,Europe,France,Printer,Enterprise,488,255.27,124573.81,71007.07,13504.01,24785.92,12015.35,121312.35,3261.46,2.62
ORD-000687,2024-01-25,2024,Q1,1,Middle East,UAE,Laptop,Online,308,943.78,290685.67,168597.69,6474.96,4039.2,6819.37,185931.22,104754.45,36.04
ORD-000884,2024-01-25,2024,Q1,1,Asia Pacific,Japan,Tablet,Distributor,89,533.89,47516.06,24708.35,2271.43,3872.4,1542.19,32394.37,15121.69,31.82
ORD-002687,2024-01-25,2024,Q1,1,Europe,Germany,Monitor,Online,129,256.71,33115.0,18213.25,2846.59,4795.63,650.5,26505.96,6609.04,19.96
ORD-001050,2024-01-25,2024,Q1,1,North America,USA,Laptop,Retail,491,1009.74,495782.59,287553.9,7575.1,10975.1,5074.98,311179.08,184603.5,37.23
ORD-004067,2024-01-26,2024,Q1,1,North America,Canada,Laptop,Distributor,448,821.81,368170.19,213538.71,4210.79,25950.24,10492.46,254192.21,113977.98,30.96
ORD-002891,2024-01-26,2024,Q1,1,North America,USA,Monitor,Online,243,332.66,80836.33,44459.98,4681.52,6591.8,2997.13,58730.44,22105.89,27.35
ORD-002420,2024-01-26,2024,Q1,1,North America,Canada,Printer,Retail,387,281.81,109060.69,62164.59,6189.5,4610.93,4342.49,77307.52,31753.17,29.12
ORD-003599,2024-01-27,2024,Q1,1,Europe,UK,Monitor,Retail,80,271.86,21748.66,11961.76,2083.55,3234.17,253.48,17532.96,4215.7,19.38
ORD-001005,2024-01-27,2024,Q1,1,North America,Mexico,Tablet,Online,478,523.66,250307.85,130160.08,9365.38,7541.02,9562.43,156628.92,93678.93,37.43
ORD-000229,2024-01-27,2024,Q1,1,Europe,UK,Laptop,Retail,228,907.57,206925.36,120016.71,5618.43,9609.64,3409.26,138654.04,68271.32,32.99
ORD-004249,2024-01-27,2024,Q1,1,Asia Pacific,India,Tablet,Online,327,496.16,162244.19,84366.98,6637.16,14299.92,5201.03,110505.09,51739.1,31.89
ORD-000663,2024-01-28,2024,Q1,1,North America,Mexico,Monitor,Online,105,285.74,30002.96,16501.63,1189.95,1134.17,430.21,19255.96,10747.0,35.82
ORD-002179,2024-01-28,2024,Q1,1,Europe,UK,Tablet,Retail,178,517.79,92166.03,47926.34,5268.34,3641.66,2227.46,59063.8,33102.23,35.92
ORD-000679,2024-01-28,2024,Q1,1,Europe,France,Printer,Online,355,294.09,104400.75,59508.43,10912.25,5749.93,2226.93,78397.54,26003.21,24.91
ORD-001471,2024-01-28,2024,Q1,1,North America,USA,Monitor,Enterprise,304,294.09,89402.0,49171.1,2567.73,17791.07,5567.13,75097.02,14304.97,16.0
ORD-004745,2024-01-28,2024,Q1,1,North America,USA,Tablet,Enterprise,355,560.65,199029.36,103495.27,6896.47,8117.61,2917.48,121426.82,77602.54,38.99
ORD-001023,2024-01-29,2024,Q1,1,North America,Mexico,Printer,Online,288,318.62,91761.94,52304.31,5918.83,14699.05,4045.08,76967.26,14794.68,16.12
ORD-004432,2024-01-29,2024,Q1,1,Asia Pacific,Australia,Server,Online,375,2351.21,881702.89,599557.96,13006.58,7576.1,4235.15,624375.8,257327.08,29.19
ORD-000991,2024-01-29,2024,Q1,1,Latin America,Argentina,Server,Retail,348,2092.99,728359.03,495284.14,9238.32,10737.72,4945.29,520205.47,208153.56,28.58
ORD-001279,2024-01-29,2024,Q1,1,North America,USA,Desktop,Online,344,821.28,282520.48,169512.29,6489.93,18996.34,3387.44,198386.0,84134.48,29.78
ORD-004615,2024-01-29,2024,Q1,1,Middle East,UAE,Printer,Enterprise,123,270.15,33228.8,18940.41,3720.09,2802.45,622.23,26085.19,7143.61,21.5
ORD-001121,2024-01-29,2024,Q1,1,Middle East,Qatar,Laptop,Distributor,372,862.41,320817.21,186073.98,12253.4,4004.44,1513.46,203845.28,116971.93,36.46
ORD-001891,2024-01-29,2024,Q1,1,Latin America,Brazil,Tablet,Retail,239,499.99,119497.17,62138.53,2564.39,14023.58,2658.76,81385.25,38111.92,31.89
ORD-000455,2024-01-29,2024,Q1,1,North America,Canada,Server,Distributor,229,2426.39,555643.19,377837.37,1844.72,4971.16,2941.11,387594.36,168048.83,30.24
ORD-004171,2024-01-30,2024,Q1,1,Middle East,UAE,Desktop,Retail,485,753.12,365261.35,219156.81,6772.29,26787.04,10779.14,263495.28,101766.07,27.86
ORD-004017,2024-01-30,2024,Q1,1,Europe,Spain,Tablet,Retail,190,529.62,100628.41,52326.77,6318.71,7367.55,2851.68,68864.7,31763.7,31.57
ORD-004330,2024-01-30,2024,Q1,1,North America,USA,Laptop,Distributor,435,1009.43,439100.72,254678.42,11499.47,13499.86,1807.38,281485.12,157615.6,35.9
ORD-003758,2024-01-31,2024,Q1,1,Europe,Germany,Printer,Online,215,270.3,58113.95,33124.95,6061.28,12004.22,3159.17,54349.63,3764.32,6.48
ORD-002728,2024-01-31,2024,Q1,1,North America,Canada,Tablet,Distributor,398,541.94,215693.38,112160.56,12304.12,8386.9,4041.73,136893.3,78800.08,36.53
ORD-002803,2024-01-31,2024,Q1,1,North America,Canada,Monitor,Online,278,280.24,77905.73,42848.15,4631.11,3371.12,3600.77,54451.14,23454.59,30.11
ORD-000908,2024-02-01,2024,Q1,2,Europe,France,Printer,Retail,148,284.19,42060.15,23974.29,1885.63,7412.5,799.15,34071.57,7988.58,18.99
ORD-002204,2024-02-01,2024,Q1,2,Asia Pacific,Australia,Laptop,Distributor,71,870.99,61840.58,35867.54,1341.42,3854.03,218.79,41281.77,20558.81,33.24
ORD-003085,2024-02-01,2024,Q1,2,Asia Pacific,Singapore,Monitor,Online,222,275.58,61177.85,33647.82,4926.54,12200.61,2684.73,53459.7,7718.15,12.62
ORD-004572,2024-02-02,2024,Q1,2,Europe,Spain,Monitor,Distributor,313,282.67,88474.57,48661.02,4046.45,3450.75,3015.31,59173.53,29301.04,33.12
ORD-002852,2024-02-02,2024,Q1,2,North America,USA,Server,Retail,61,2411.87,147124.29,100044.52,1809.42,2231.05,753.07,104838.05,42286.24,28.74
ORD-000565,2024-02-03,2024,Q1,2,Latin America,Chile,Laptop,Online,23,870.97,20032.36,11618.77,552.8,925.05,186.51,13283.12,6749.24,33.69
ORD-000694,2024-02-03,2024,Q1,2,North America,USA,Tablet,Online,454,443.19,201207.31,104627.8,5334.3,21366.64,4636.78,135965.52,65241.79,32.43
ORD-004263,2024-02-03,2024,Q1,2,Europe,UK,Server,Online,110,2164.73,238120.05,161921.63,2364.59,1831.31,1240.98,167358.52,70761.53,29.72
ORD-001000,2024-02-03,2024,Q1,2,Europe,Spain,Laptop,Retail,404,907.69,366706.82,212689.95,4352.75,6939.29,4362.55,228344.55,138362.27,37.73
ORD-001419,2024-02-04,2024,Q1,2,Asia Pacific,Japan,Laptop,Online,225,823.73,185340.02,107497.21,3127.29,3275.24,757.94,114657.68,70682.34,38.14
ORD-000383,2024-02-04,2024,Q1,2,North America,USA,Desktop,Distributor,146,818.78,119542.22,71725.33,1424.64,1668.63,2411.13,77229.74,42312.48,35.4
ORD-004617,2024-02-04,2024,Q1,2,Asia Pacific,Singapore,Tablet,Retail,373,445.13,166035.35,86338.38,6409.47,18956.15,5153.64,116857.64,49177.72,29.62
ORD-004678,2024-02-04,2024,Q1,2,Middle East,UAE,Tablet,Distributor,486,435.91,211853.59,110163.86,11363.3,27180.29,6562.69,155270.14,56583.45,26.71
ORD-000047,2024-02-04,2024,Q1,2,Asia Pacific,Singapore,Laptop,Online,366,788.75,288682.78,167436.01,6813.52,12842.64,3659.09,190751.26,97931.51,33.92
ORD-001688,2024-02-05,2024,Q1,2,North America,USA,Desktop,Distributor,141,758.44,106940.3,64164.18,4628.29,4246.13,2229.55,75268.16,31672.15,29.62
ORD-003753,2024-02-05,2024,Q1,2,Middle East,Qatar,Desktop,Retail,389,777.73,302537.94,181522.76,10379.88,3994.1,5644.15,201540.89,100997.05,33.38
ORD-001635,2024-02-05,2024,Q1,2,Middle East,UAE,Printer,Online,359,245.82,88250.75,50302.92,6727.31,12322.35,5085.51,74438.1,13812.64,15.65
ORD-004370,2024-02-05,2024,Q1,2,Asia Pacific,Japan,Monitor,Online,353,273.52,96551.56,53103.36,10474.03,20538.1,3910.64,88026.12,8525.43,8.83
ORD-000279,2024-02-05,2024,Q1,2,Asia Pacific,Singapore,Desktop,Distributor,426,761.52,324406.4,194643.84,8176.15,15106.58,5857.95,223784.52,100621.88,31.02
ORD-001197,2024-02-06,2024,Q1,2,Middle East,Qatar,Tablet,Online,93,435.86,40534.61,21078.0,2047.63,2217.94,1393.73,26737.3,13797.31,34.04
ORD-000408,2024-02-06,2024,Q1,2,Asia Pacific,Australia,Tablet,Enterprise,70,461.61,32312.84,16802.68,2212.19,2223.27,486.29,21724.43,10588.41,32.77
ORD-001253,2024-02-06,2024,Q1,2,Latin America,Argentina,Desktop,Enterprise,351,707.45,248313.47,148988.08,5084.74,12360.72,1594.25,168027.79,80285.68,32.33
ORD-002051,2024-02-07,2024,Q1,2,North America,Mexico,Printer,Enterprise,432,289.83,125207.66,71368.37,7913.01,17306.09,4699.42,101286.89,23920.77,19.1
ORD-001193,2024-02-07,2024,Q1,2,North America,Mexico,Desktop,Online,384,723.19,277704.22,166622.53,11625.13,6289.89,7995.61,192533.16,85171.06,30.67
ORD-000225,2024-02-07,2024,Q1,2,Europe,Spain,Monitor,Retail,415,291.97,121166.31,66641.47,11657.0,12149.01,5705.17,96152.65,25013.66,20.64
ORD-001290,2024-02-08,2024,Q1,2,North America,USA,Laptop,Online,162,1000.07,162011.07,93966.42,5664.82,7009.59,2316.87,108957.71,53053.37,32.75
ORD-003272,2024-02-08,2024,Q1,2,Europe,Spain,Printer,Retail,381,244.7,93230.95,53141.64,13273.47,5433.14,6618.9,78467.15,14763.8,15.84
ORD-001105,2024-02-08,2024,Q1,2,Europe,France,Server,Retail,105,2486.99,261133.9,177571.05,2964.18,4448.97,1274.21,186258.41,74875.49,28.67
ORD-003749,2024-02-08,2024,Q1,2,North America,USA,Laptop,Enterprise,314,862.4,270792.6,157059.71,10813.91,18341.32,5814.95,192029.88,78762.72,29.09
ORD-001974,2024-02-08,2024,Q1,2,North America,Canada,Printer,Retail,44,267.86,11785.77,6717.89,1506.45,2425.68,1009.18,11659.2,126.57,1.07
ORD-000466,2024-02-08,2024,Q1,2,Europe,France,Monitor,Retail,348,287.55,100065.95,55036.27,9162.52,15213.19,1388.67,80800.65,19265.3,19.25
ORD-003501,2024-02-09,2024,Q1,2,Asia Pacific,Australia,Tablet,Online,293,439.41,128746.5,66948.18,7337.09,10399.79,5581.02,90266.08,38480.42,29.89
ORD-001189,2024-02-09,2024,Q1,2,Europe,UK,Server,Retail,98,2183.87,214019.19,145533.05,2524.68,4186.26,615.99,152859.98,61159.21,28.58
ORD-001209,2024-02-09,2024,Q1,2,Latin America,Brazil,Server,Online,43,2185.22,93964.67,63895.98,1330.78,2428.41,565.54,68220.71,25743.97,27.4
ORD-003042,2024-02-09,2024,Q1,2,Middle East,Saudi Arabia,Tablet,Distributor,50,485.97,24298.61,12635.28,434.53,758.54,700.67,14529.02,9769.6,40.21
ORD-002257,2024-02-09,2024,Q1,2,Europe,Spain,Laptop,Online,236,893.44,210851.61,122293.93,7228.84,12141.67,5545.12,147209.56,63642.05,30.18
ORD-003785,2024-02-09,2024,Q1,2,Latin America,Chile,Server,Retail,449,1988.38,892781.45,607091.39,7210.21,26388.38,5607.87,646297.84,246483.61,27.61
ORD-002303,2024-02-10,2024,Q1,2,Europe,France,Monitor,Distributor,65,270.42,17577.4,9667.57,788.73,3361.93,1159.0,14977.23,2600.17,14.79
ORD-000512,2024-02-10,2024,Q1,2,Latin America,Chile,Monitor,Enterprise,285,341.9,97441.28,53592.7,8538.88,6909.14,2202.49,71243.21,26198.07,26.89
ORD-000086,2024-02-10,2024,Q1,2,Europe,France,Server,Retail,329,2271.13,747202.85,508097.94,7691.5,17256.98,1475.25,534521.67,212681.18,28.46
ORD-002502,2024-02-10,2024,Q1,2,North America,USA,Laptop,Retail,105,841.49,88356.64,51246.85,2484.02,1675.83,1690.51,57097.21,31259.43,35.38
ORD-002390,2024-02-10,2024,Q1,2,Middle East,Qatar,Desktop,Retail,198,800.09,158417.76,95050.66,4874.83,5883.4,4361.3,110170.19,48247.57,30.46
ORD-000998,2024-02-10,2024,Q1,2,Europe,Spain,Monitor,Distributor,162,307.78,49860.7,27423.39,4882.93,7798.13,2010.94,42115.39,7745.31,15.53
ORD-001049,2024-02-11,2024,Q1,2,Europe,Italy,Laptop,Online,295,869.93,256628.03,148844.26,3454.37,12812.74,4953.46,170064.83,86563.2,33.73
ORD-000997,2024-02-11,2024,Q1,2,Asia Pacific,Japan,Desktop,Distributor,364,649.68,236482.06,141889.23,6591.13,6676.13,2398.39,157554.88,78927.18,33.38
ORD-001767,2024-02-11,2024,Q1,2,Europe,UK,Desktop,Retail,334,641.18,214155.04,128493.02,8256.34,8217.21,5370.08,150336.65,63818.39,29.8
ORD-000615,2024-02-12,2024,Q1,2,North America,Canada,Printer,Retail,29,270.29,7838.44,4467.91,837.15,1729.47,678.78,7713.3,125.14,1.6
ORD-004404,2024-02-12,2024,Q1,2,Latin America,Chile,Laptop,Distributor,263,863.15,227009.2,131665.34,3387.39,8032.3,4977.5,148062.53,78946.67,34.78
ORD-001915,2024-02-12,2024,Q1,2,Middle East,UAE,Tablet,Distributor,324,444.84,144126.87,74945.97,11070.28,13671.23,7348.27,107035.74,37091.13,25.74
ORD-002181,2024-02-12,2024,Q1,2,Europe,Italy,Server,Distributor,359,2478.08,889632.43,604950.05,5456.77,4650.85,7191.41,622249.09,267383.35,30.06
ORD-003128,2024-02-12,2024,Q1,2,Europe,UK,Printer,Distributor,457,291.31,133130.31,75884.28,6633.61,26116.06,5714.38,114348.34,18781.97,14.11
ORD-003267,2024-02-12,2024,Q1,2,Latin America,Chile,Server,Distributor,380,1895.93,720451.94,489907.32,3117.66,16554.67,6000.59,515580.23,204871.7,28.44
ORD-001809,2024-02-12,2024,Q1,2,North America,Canada,Desktop,Online,338,687.06,232227.76,139336.66,5443.92,7967.73,3740.64,156488.95,75738.82,32.61
ORD-001592,2024-02-12,2024,Q1,2,North America,USA,Tablet,Online,67,537.96,36043.65,18742.7,759.15,3476.34,220.11,23198.3,12845.36,35.64
ORD-004090,2024-02-13,2024,Q1,2,Europe,Germany,Laptop,Online,64,874.64,55976.75,32466.51,1963.69,1500.52,227.21,36157.93,19818.82,35.41
ORD-003522,2024-02-13,2024,Q1,2,Asia Pacific,Singapore,Printer,Online,299,276.88,82786.75,47188.45,9885.18,12002.07,1505.15,70580.84,12205.91,14.74
ORD-002703,2024-02-14,2024,Q1,2,Latin America,Chile,Laptop,Online,200,1012.76,202551.56,117479.9,3209.91,8934.53,2394.27,132018.61,70532.95,34.82
ORD-004777,2024-02-14,2024,Q1,2,Latin America,Chile,Server,Online,311,2295.73,713971.32,485500.5,2650.54,15059.55,3802.34,507012.93,206958.4,28.99
ORD-004261,2024-02-14,2024,Q1,2,Europe,Germany,Tablet,Retail,218,442.09,96374.72,50114.85,7253.74,10091.46,2942.46,70402.52,25972.2,26.95
ORD-004479,2024-02-15,2024,Q1,2,Europe,France,Monitor,Enterprise,480,275.23,132112.09,72661.65,15920.87,14095.42,1640.43,104318.38,27793.71,21.04
ORD-003251,2024-02-15,2024,Q1,2,Latin America,Argentina,Printer,Enterprise,439,264.24,116001.96,66121.12,10679.69,8512.69,8911.05,94224.55,21777.41,18.77
ORD-001073,2024-02-16,2024,Q1,2,North America,Mexico,Desktop,Online,355,764.06,271239.84,162743.9,10121.97,14039.27,3417.21,190322.36,80917.48,29.83
ORD-000819,2024-02-16,2024,Q1,2,Europe,France,Desktop,Retail,258,785.49,202656.64,121593.98,3578.94,8332.38,6172.35,139677.66,62978.98,31.08
ORD-000493,2024-02-16,2024,Q1,2,Asia Pacific,Japan,Laptop,Distributor,275,863.82,237550.54,137779.31,8091.32,5706.43,997.6,152574.66,84975.88,35.77
ORD-000643,2024-02-16,2024,Q1,2,North America,Mexico,Monitor,Distributor,272,307.55,83653.72,46009.54,2998.73,11513.25,6520.57,67042.1,16611.61,19.86
ORD-000312,2024-02-16,2024,Q1,2,Middle East,UAE,Tablet,Retail,491,461.15,226423.59,117740.27,10829.14,14040.9,11706.79,154317.1,72106.49,31.85
ORD-003795,2024-02-17,2024,Q1,2,North America,Canada,Tablet,Online,78,554.34,43238.29,22483.91,1911.29,4515.7,581.87,29492.78,13745.51,31.79
ORD-004781,2024-02-17,2024,Q1,2,Middle East,UAE,Monitor,Retail,428,259.08,110884.77,60986.62,5691.19,22415.68,4313.87,93407.36,17477.4,15.76
ORD-004184,2024-02-17,2024,Q1,2,Europe,Spain,Desktop,Distributor,480,753.68,361766.25,217059.75,4950.98,9251.51,5733.89,236996.12,124770.13,34.49
ORD-000650,2024-02-17,2024,Q1,2,Latin America,Argentina,Desktop,Online,464,794.42,368611.22,221166.73,15836.25,21550.29,11197.1,269750.37,98860.85,26.82
ORD-002523,2024-02-18,2024,Q1,2,Latin America,Chile,Printer,Distributor,364,300.73,109466.99,62396.18,6902.09,6531.27,1533.16,77362.7,32104.29,29.33
ORD-002823,2024-02-18,2024,Q1,2,Europe,France,Monitor,Retail,338,275.75,93202.99,51261.64,6311.09,18740.15,7851.45,84164.33,9038.66,9.7
ORD-002115,2024-02-18,2024,Q1,2,Europe,France,Laptop,Enterprise,260,985.37,256196.61,148594.04,3578.79,6582.77,3671.63,162427.23,93769.38,36.6
ORD-002454,2024-02-18,2024,Q1,2,North America,USA,Desktop,Retail,489,781.92,382361.17,229416.7,12822.54,12350.4,6427.68,261017.32,121343.85,31.74
ORD-001652,2024-02-19,2024,Q1,2,Europe,UK,Server,Retail,23,2195.06,50486.33,34330.7,336.03,991.26,441.4,36099.39,14386.94,28.5
ORD-003175,2024-02-19,2024,Q1,2,Middle East,Saudi Arabia,Tablet,Online,178,567.07,100938.08,52487.8,3603.64,5411.47,2916.67,64419.59,36518.49,36.18
ORD-003731,2024-02-19,2024,Q1,2,Latin America,Chile,Monitor,Distributor,317,332.62,105440.6,57992.33,5682.43,7224.7,4698.05,75597.51,29843.09,28.3
ORD-002931,2024-02-19,2024,Q1,2,North America,USA,Printer,Online,428,241.77,103478.25,58982.61,10163.68,16031.4,4925.65,90103.34,13374.92,12.93
ORD-002106,2024-02-19,2024,Q1,2,Latin America,Argentina,Laptop,Enterprise,210,876.35,184033.29,106739.31,3746.54,9935.59,1199.05,121620.49,62412.81,33.91
ORD-000559,2024-02-20,2024,Q1,2,Asia Pacific,India,Monitor,Online,8,284.73,2277.85,1252.82,270.64,315.97,111.22,1950.64,327.21,14.36
ORD-001608,2024-02-20,2024,Q1,2,Europe,Italy,Monitor,Enterprise,312,268.19,83675.46,46021.5,6809.2,17510.09,7024.54,77365.34,6310.12,7.54
ORD-000291,2024-02-20,2024,Q1,2,Asia Pacific,Singapore,Tablet,Distributor,77,537.02,41350.85,21502.44,2390.97,1073.23,510.19,25476.83,15874.02,38.39
ORD-000853,2024-02-20,2024,Q1,2,Asia Pacific,Singapore,Printer,Retail,149,298.0,44402.71,25309.55,4030.63,4353.41,1173.25,34866.83,9535.88,21.48
ORD-004473,2024-02-21,2024,Q1,2,Latin America,Argentina,Laptop,Online,35,1013.12,35459.04,20566.24,288.47,826.13,394.62,22075.47,13383.58,37.74
ORD-004445,2024-02-21,2024,Q1,2,Latin America,Chile,Printer,Retail,51,245.28,12509.08,7130.18,1620.01,2075.97,1196.9,12023.05,486.03,3.89
ORD-003357,2024-02-21,2024,Q1,2,Middle East,UAE,Tablet,Online,465,429.99,199943.51,103970.63,15383.08,10246.29,10432.3,140032.31,59911.21,29.96
ORD-002828,2024-02-22,2024,Q1,2,Asia Pacific,India,Desktop,Online,459,647.94,297406.67,178444.0,5144.1,16468.6,8278.59,208335.29,89071.38,29.95
ORD-002739,2024-02-22,2024,Q1,2,North America,Mexico,Printer,Online,109,291.03,31722.81,18082.0,2949.46,1868.44,1648.03,24547.94,7174.87,22.62
ORD-003814,2024-02-22,2024,Q1,2,Latin America,Chile,Tablet,Enterprise,17,461.51,7845.7,4079.76,306.27,228.74,206.39,4821.16,3024.54,38.55
ORD-000612,2024-02-22,2024,Q1,2,Asia Pacific,India,Printer,Enterprise,342,238.87,81692.0,46564.44,10782.54,6610.1,1464.08,65421.16,16270.84,19.92
ORD-002825,2024-02-23,2024,Q1,2,Asia Pacific,India,Server,Online,465,2477.57,1152070.08,783407.65,14949.85,23611.89,9404.92,831374.32,320695.76,27.84
ORD-003538,2024-02-23,2024,Q1,2,Latin America,Argentina,Laptop,Online,146,792.56,115713.25,67113.68,5061.63,4473.67,2695.76,79344.74,36368.51,31.43
ORD-003259,2024-02-23,2024,Q1,2,North America,Mexico,Printer,Online,496,264.57,131228.38,74800.17,12782.6,28185.58,7157.19,122925.55,8302.83,6.33
ORD-004423,2024-02-23,2024,Q1,2,Europe,Spain,Laptop,Distributor,46,984.23,45274.6,26259.27,1209.25,2024.93,715.19,30208.65,15065.95,33.28
ORD-001166,2024-02-23,2024,Q1,2,North America,USA,Desktop,Distributor,422,746.1,314852.85,188911.71,4681.32,20888.26,5060.99,219542.27,95310.58,30.27
ORD-000199,2024-02-23,2024,Q1,2,Europe,Italy,Tablet,Enterprise,392,515.96,202255.11,105172.66,6374.24,8641.5,8049.43,128237.82,74017.29,36.6
ORD-004196,2024-02-23,2024,Q1,2,Europe,Italy,Printer,Online,173,264.07,45683.9,26039.82,4666.05,7343.03,3043.66,41092.56,4591.34,10.05
ORD-002853,2024-02-24,2024,Q1,2,Asia Pacific,Japan,Server,Online,74,2127.18,157411.4,107039.75,1553.92,4130.22,1617.54,114341.44,43069.97,27.36
ORD-000925,2024-02-24,2024,Q1,2,Europe,France,Server,Online,224,2221.83,497690.94,338429.84,6916.47,11913.92,4960.14,362220.37,135470.57,27.22
ORD-001031,2024-02-24,2024,Q1,2,Europe,France,Laptop,Online,101,855.96,86451.68,50141.97,2395.2,1493.21,2143.79,56174.17,30277.5,35.02
ORD-000930,2024-02-24,2024,Q1,2,Latin America,Argentina,Monitor,Online,331,338.42,112016.52,61609.09,3388.06,10491.42,6628.89,82117.46,29899.06,26.69
ORD-001725,2024-02-24,2024,Q1,2,Europe,France,Monitor,Distributor,170,262.15,44565.52,24511.04,3760.2,9668.68,581.71,38521.62,6043.9,13.56
ORD-003740,2024-02-25,2024,Q1,2,North America,Mexico,Desktop,Retail,137,644.36,88277.64,52966.59,3405.29,3717.7,1831.42,61920.99,26356.65,29.86
ORD-004010,2024-02-25,2024,Q1,2,Asia Pacific,Singapore,Printer,Online,376,265.28,99746.33,56855.41,7699.41,8495.44,1980.67,75030.93,24715.4,24.78
ORD-003590,2024-02-25,2024,Q1,2,Europe,Germany,Desktop,Distributor,374,793.99,296953.95,178172.37,6759.19,6224.34,6468.19,197624.09,99329.86,33.45
ORD-000659,2024-02-25,2024,Q1,2,North America,Mexico,Desktop,Distributor,394,746.52,294129.27,176477.56,5267.05,13554.89,5076.12,200375.63,93753.64,31.87
ORD-002678,2024-02-26,2024,Q1,2,North America,USA,Printer,Retail,258,246.57,63616.28,36261.28,5394.44,4155.54,3464.45,49275.71,14340.57,22.54
ORD-003473,2024-02-26,2024,Q1,2,Asia Pacific,Japan,Laptop,Online,30,904.38,27131.36,15736.19,869.81,1542.69,352.2,18500.89,8630.47,31.81
ORD-004427,2024-02-27,2024,Q1,2,Europe,Italy,Desktop,Enterprise,9,851.03,7659.28,4595.57,209.14,176.58,81.48,5062.77,2596.51,33.9
ORD-000484,2024-02-27,2024,Q1,2,Asia Pacific,Japan,Server,Enterprise,493,2459.19,1212378.78,824417.57,5881.14,12661.51,8322.71,851282.93,361095.85,29.78
ORD-001708,2024-02-27,2024,Q1,2,North America,Mexico,Monitor,Online,162,267.51,43336.01,23834.81,2365.91,7842.4,839.37,34882.48,8453.53,19.51
ORD-002221,2024-02-27,2024,Q1,2,North America,USA,Tablet,Enterprise,107,436.26,46679.75,24273.47,1123.94,3801.48,746.47,29945.36,16734.39,35.85
ORD-004747,2024-02-27,2024,Q1,2,Europe,France,Desktop,Retail,118,712.45,84069.4,50441.64,1081.77,6143.15,2508.51,60175.07,23894.33,28.42
ORD-003924,2024-02-27,2024,Q1,2,Europe,France,Printer,Online,457,288.49,131841.89,75149.88,11176.22,17812.78,5304.34,109443.21,22398.67,16.99
ORD-003502,2024-02-28,2024,Q1,2,North America,Mexico,Laptop,Enterprise,448,876.09,392488.12,227643.11,8648.91,19660.51,4034.18,259986.71,132501.4,33.76
ORD-000979,2024-02-28,2024,Q1,2,North America,Canada,Monitor,Retail,161,320.43,51588.74,28373.81,4538.79,5341.79,3190.95,41445.35,10143.4,19.66
ORD-002582,2024-02-28,2024,Q1,2,North America,USA,Desktop,Enterprise,179,718.44,128601.06,77160.64,4861.3,6645.45,3406.22,92073.61,36527.45,28.4
ORD-004981,2024-02-28,2024,Q1,2,Middle East,UAE,Monitor,Online,25,266.59,6664.75,3665.61,710.93,710.26,404.46,5491.26,1173.49,17.61
ORD-004353,2024-02-29,2024,Q1,2,North America,Canada,Printer,Retail,356,262.16,93327.18,53196.49,8750.37,6734.13,7114.25,75795.24,17531.94,18.79
ORD-002071,2024-02-29,2024,Q1,2,Latin America,Brazil,Desktop,Retail,160,819.72,131154.98,78692.99,3158.85,4472.68,2100.88,88425.4,42729.58,32.58
ORD-003356,2024-03-01,2024,Q1,3,Middle East,Saudi Arabia,Tablet,Distributor,499,485.67,242350.56,126022.29,12454.98,29425.1,3044.5,170946.88,71403.68,29.46
ORD-001047,2024-03-01,2024,Q1,3,Europe,Italy,Desktop,Retail,492,764.03,375901.91,225541.15,14795.26,7294.7,10247.75,257878.86,118023.05,31.4
ORD-001149,2024-03-01,2024,Q1,3,Asia Pacific,Japan,Laptop,Enterprise,308,961.78,296227.52,171811.96,9620.1,6657.73,5316.01,193405.8,102821.72,34.71
ORD-003564,2024-03-01,2024,Q1,3,Middle East,Saudi Arabia,Printer,Online,14,304.26,4259.67,2428.01,254.64,765.02,333.36,3781.04,478.63,11.24
ORD-000627,2024-03-01,2024,Q1,3,Europe,France,Monitor,Enterprise,213,287.49,61235.27,33679.4,3137.36,12182.52,2786.21,51785.49,9449.78,15.43
ORD-003285,2024-03-01,2024,Q1,3,Middle East,Saudi Arabia,Desktop,Online,16,852.12,13633.97,8180.38,524.12,625.19,316.58,9646.27,3987.7,29.25
ORD-001174,2024-03-02,2024,Q1,3,Middle East,UAE,Laptop,Online,61,1028.6,62744.87,36392.03,803.9,1415.72,421.47,39033.11,23711.76,37.79
ORD-003559,2024-03-02,2024,Q1,3,North America,USA,Tablet,Online,369,571.44,210860.85,109647.64,4984.39,19149.38,6993.95,140775.37,70085.48,33.24
ORD-000413,2024-03-02,2024,Q1,3,Latin America,Chile,Desktop,Distributor,392,775.9,304151.23,182490.74,4692.18,5099.8,6240.27,198522.99,105628.24,34.73
ORD-000888,2024-03-03,2024,Q1,3,Asia Pacific,Singapore,Tablet,Retail,150,540.37,81055.4,42148.81,2892.74,2983.66,2951.3,50976.5,30078.9,37.11
ORD-003321,2024-03-03,2024,Q1,3,Asia Pacific,Australia,Desktop,Online,186,746.68,138882.25,83329.35,3845.13,9010.13,2615.08,98799.69,40082.56,28.86
ORD-000539,2024-03-03,2024,Q1,3,Europe,UK,Tablet,Online,169,453.87,76703.5,39885.82,4859.34,4471.24,1895.7,51112.09,25591.4,33.36
ORD-002623,2024-03-04,2024,Q1,3,Europe,France,Laptop,Retail,325,899.78,292428.02,169608.25,10472.3,16513.69,3163.48,199757.72,92670.3,31.69
ORD-004720,2024-03-04,2024,Q1,3,Latin America,Chile,Tablet,Retail,359,549.22,197170.08,102528.44,3053.66,11027.16,1292.36,117901.62,79268.46,40.2
ORD-004247,2024-03-04,2024,Q1,3,Latin America,Brazil,Server,Enterprise,338,2369.55,800909.28,544618.31,5876.29,14697.75,1088.51,566280.86,234628.42,29.3
ORD-003123,2024-03-05,2024,Q1,3,Asia Pacific,Singapore,Desktop,Enterprise,379,762.53,288999.07,173399.44,10145.55,6547.26,9467.58,199559.83,89439.24,30.95
ORD-000075,2024-03-05,2024,Q1,3,Europe,Germany,Server,Distributor,184,2045.09,376296.8,255881.83,3587.43,10795.48,3973.38,274238.11,102058.7,27.12
ORD-001856,2024-03-05,2024,Q1,3,Latin America,Argentina,Monitor,Online,286,329.38,94202.66,51811.46,8013.55,7737.77,1254.58,68817.36,25385.3,26.95
ORD-004717,2024-03-05,2024,Q1,3,North America,USA,Desktop,Online,428,716.61,306709.13,184025.48,9842.63,13891.62,9407.47,217167.19,89541.93,29.19
ORD-002225,2024-03-06,2024,Q1,3,Middle East,Saudi Arabia,Desktop,Distributor,174,646.07,112415.37,67449.22,1423.67,9444.79,4136.39,82454.07,29961.3,26.65
ORD-001472,2024-03-06,2024,Q1,3,Europe,France,Laptop,Online,213,952.0,202775.72,117609.91,2408.13,3565.03,777.99,124361.06,78414.65,38.67
ORD-000688,2024-03-07,2024,Q1,3,North America,USA,Tablet,Online,279,488.27,136226.56,70837.81,9020.84,12284.57,2999.9,95143.13,41083.43,30.16
ORD-001705,2024-03-07,2024,Q1,3,North America,Mexico,Laptop,Distributor,335,821.87,275327.53,159689.97,6526.89,8701.22,6810.7,181728.77,93598.76,34.0
ORD-004810,2024-03-07,2024,Q1,3,Asia Pacific,Singapore,Monitor,Enterprise,218,338.16,73718.44,40545.14,4146.5,9047.53,4495.79,58234.96,15483.48,21.0
ORD-002391,2024-03-08,2024,Q1,3,North America,Mexico,Tablet,Online,196,514.62,100866.0,52450.32,6846.24,8938.36,2513.06,70747.98,30118.02,29.86
ORD-002587,2024-03-08,2024,Q1,3,Asia Pacific,Singapore,Server,Retail,440,2417.36,1063638.77,723274.36,13943.52,20613.24,6067.73,763898.86,299739.91,28.18
ORD-003632,2024-03-08,2024,Q1,3,North America,Mexico,Laptop,Enterprise,421,964.8,406181.65,235585.36,6155.03,7861.39,7140.45,256742.23,149439.43,36.79
ORD-003279,2024-03-09,2024,Q1,3,Asia Pacific,India,Printer,Distributor,248,297.28,73726.53,42024.12,5706.97,10715.31,4095.98,62542.38,11184.15,15.17
ORD-000827,2024-03-09,2024,Q1,3,North America,Mexico,Printer,Online,466,238.12,110964.65,63249.85,4663.04,14169.8,1579.86,83662.55,27302.1,24.6
ORD-001036,2024-03-09,2024,Q1,3,Latin America,Chile,Laptop,Online,407,839.99,341875.54,198287.81,13952.71,6962.93,1741.75,220945.2,120930.34,35.37
ORD-000610,2024-03-09,2024,Q1,3,Asia Pacific,Singapore,Laptop,Distributor,477,816.06,389262.97,225772.52,14120.89,17896.13,3936.96,261726.5,127536.47,32.76
ORD-003349,2024-03-09,2024,Q1,3,Latin America,Brazil,Desktop,Retail,185,756.23,139903.24,83941.94,3946.94,10537.31,3302.15,101728.35,38174.89,27.29
ORD-003989,2024-03-10,2024,Q1,3,North America,USA,Laptop,Retail,309,874.02,270071.29,156641.35,5131.12,10441.0,3235.92,175449.4,94621.89,35.04
ORD-004536,2024-03-11,2024,Q1,3,North America,USA,Desktop,Online,90,670.85,60376.71,36226.03,1399.73,1290.74,1764.7,40681.2,19695.51,32.62
ORD-003443,2024-03-11,2024,Q1,3,North America,Mexico,Monitor,Retail,428,283.65,121401.97,66771.08,12232.23,16017.84,6662.13,101683.28,19718.68,16.24
ORD-003890,2024-03-12,2024,Q1,3,North America,USA,Tablet,Retail,97,471.45,45730.84,23780.04,1780.86,1206.25,1415.63,28182.77,17548.06,38.37
ORD-004217,2024-03-12,2024,Q1,3,Europe,Italy,Server,Online,55,2388.77,131382.34,89339.99,1242.28,837.25,754.64,92174.15,39208.18,29.84
ORD-004418,2024-03-12,2024,Q1,3,North America,Mexico,Desktop,Retail,352,854.71,300859.37,180515.62,10987.86,16661.6,7523.92,215689.0,85170.37,28.31
ORD-004056,2024-03-12,2024,Q1,3,Europe,UK,Printer,Online,290,279.92,81176.6,46270.66,5347.57,3900.41,4206.88,59725.52,21451.08,26.43
ORD-001341,2024-03-12,2024,Q1,3,Asia Pacific,Japan,Printer,Distributor,250,265.54,66383.82,37838.78,7545.15,12151.04,5663.81,63198.78,3185.04,4.8
ORD-003824,2024-03-12,2024,Q1,3,Asia Pacific,Singapore,Desktop,Distributor,424,843.28,357550.33,214530.2,4133.46,25119.93,9840.82,253624.41,103925.92,29.07
ORD-003222,2024-03-13,2024,Q1,3,Asia Pacific,Japan,Server,Retail,412,2032.09,837219.03,569308.94,11440.64,9866.88,9840.14,600456.61,236762.42,28.28
ORD-002530,2024-03-13,2024,Q1,3,Europe,Italy,Tablet,Enterprise,277,540.4,149690.69,77839.16,8774.7,13214.39,1111.39,100939.64,48751.05,32.57
ORD-003114,2024-03-13,2024,Q1,3,Europe,France,Laptop,Distributor,236,922.11,217617.29,126218.03,4606.61,8610.15,5460.35,144895.14,72722.15,33.42
ORD-003264,2024-03-13,2024,Q1,3,North America,Canada,Monitor,Retail,230,290.6,66837.56,36760.66,3898.5,13245.13,4737.05,58641.34,8196.22,12.26
ORD-001774,2024-03-13,2024,Q1,3,Europe,UK,Printer,Online,428,279.81,119759.43,68262.87,12888.1,12812.26,2660.94,96624.18,23135.25,19.32
ORD-004820,2024-03-13,2024,Q1,3,Europe,Germany,Printer,Online,134,305.99,41002.86,23371.63,1415.45,3505.6,2525.36,30818.04,10184.82,24.84
ORD-001691,2024-03-13,2024,Q1,3,Europe,Italy,Tablet,Distributor,332,487.61,161887.29,84181.39,7635.66,19142.67,3028.82,113988.54,47898.75,29.59
ORD-001043,2024-03-13,2024,Q1,3,Middle East,UAE,Tablet,Retail,146,435.64,63603.39,33073.76,3379.61,3586.47,1440.18,41480.02,22123.37,34.78
ORD-003636,2024-03-14,2024,Q1,3,Asia Pacific,Singapore,Tablet,Online,231,531.34,122738.54,63824.04,5580.53,8384.4,5237.71,83026.68,39711.86,32.35
ORD-002970,2024-03-14,2024,Q1,3,Europe,Spain,Printer,Online,433,240.42,104102.07,59338.18,13066.52,17735.06,8681.58,98821.33,5280.74,5.07
ORD-000720,2024-03-15,2024,Q1,3,Europe,Germany,Laptop,Online,208,905.7,188384.76,109263.16,4288.99,3467.5,3351.42,120371.07,68013.69,36.1
ORD-000873,2024-03-15,2024,Q1,3,Middle East,Qatar,Monitor,Distributor,89,319.79,28461.4,15653.77,2889.67,3488.19,1981.18,24012.81,4448.59,15.63
ORD-000994,2024-03-15,2024,Q1,3,Asia Pacific,Australia,Monitor,Enterprise,487,301.4,146782.17,80730.19,15672.6,9670.18,7387.34,113460.31,33321.85,22.7
ORD-000585,2024-03-15,2024,Q1,3,Asia Pacific,Australia,Laptop,Online,338,904.84,305835.54,177384.61,5949.92,5181.43,6821.26,195337.22,110498.32,36.13
ORD-002100,2024-03-15,2024,Q1,3,Latin America,Argentina,Desktop,Online,54,738.43,39875.11,23925.07,1606.03,2268.19,844.24,28643.53,11231.59,28.17
ORD-002561,2024-03-15,2024,Q1,3,North America,Canada,Desktop,Retail,149,809.21,120571.99,72343.2,3324.52,4512.9,503.96,80684.57,39887.42,33.08
ORD-004211,2024-03-16,2024,Q1,3,Europe,Spain,Monitor,Retail,445,269.3,119838.25,65911.04,8827.43,23595.02,8654.03,106987.52,12850.73,10.72
ORD-004160,2024-03-16,2024,Q1,3,Latin America,Brazil,Printer,Enterprise,221,257.63,56936.04,32453.54,1862.69,9131.46,1304.48,44752.17,12183.87,21.4
ORD-002432,2024-03-16,2024,Q1,3,Europe,UK,Monitor,Online,175,340.14,59525.19,32738.85,2324.59,5905.83,2477.87,43447.14,16078.05,27.01
ORD-004236,2024-03-16,2024,Q1,3,Middle East,UAE,Printer,Online,346,248.57,86004.29,49022.44,8215.46,8553.1,8373.61,74164.61,11839.67,13.77
ORD-000422,2024-03-16,2024,Q1,3,North America,Mexico,Server,Enterprise,5,2135.38,10676.91,7260.3,83.0,235.83,88.27,7667.4,3009.5,28.19
ORD-004691,2024-03-16,2024,Q1,3,North America,Mexico,Server,Enterprise,417,2382.93,993679.89,675702.33,12707.38,23291.58,9051.3,720752.58,272927.31,27.47
ORD-003380,2024-03-16,2024,Q1,3,Latin America,Brazil,Tablet,Distributor,352,566.44,199387.76,103681.64,4850.24,19903.86,2373.3,130809.04,68578.72,34.39
ORD-003594,2024-03-17,2024,Q1,3,Middle East,UAE,Desktop,Online,187,825.99,154459.54,92675.72,4903.01,5621.98,4011.85,107212.56,47246.98,30.59
ORD-002581,2024-03-17,2024,Q1,3,Asia Pacific,Japan,Laptop,Distributor,36,1013.01,36468.53,21151.75,829.17,1843.9,675.56,24500.37,11968.16,32.82
ORD-000773,2024-03-18,2024,Q1,3,Europe,Germany,Tablet,Online,344,462.72,159175.64,82771.33,11196.86,11859.86,5340.03,111168.09,48007.55,30.16
ORD-004877,2024-03-18,2024,Q1,3,North America,USA,Desktop,Distributor,490,790.19,387193.28,232315.97,12738.67,23204.13,11474.49,279733.26,107460.02,27.75
ORD-003130,2024-03-18,2024,Q1,3,Asia Pacific,Australia,Laptop,Enterprise,483,941.09,454544.38,263635.74,4133.8,28180.51,11601.74,307551.79,146992.59,32.34
ORD-000664,2024-03-18,2024,Q1,3,North America,Mexico,Desktop,Online,286,862.38,246639.64,147983.78,4232.21,4054.7,1253.99,157524.7,89114.94,36.13
ORD-002098,2024-03-18,2024,Q1,3,Europe,UK,Printer,Enterprise,183,242.83,44438.35,25329.86,5249.73,8513.27,2546.84,41639.7,2798.65,6.3
ORD-001903,2024-03-19,2024,Q1,3,North America,Canada,Monitor,Online,55,292.81,16104.58,8857.52,1316.74,1105.63,339.34,11619.23,4485.35,27.85
ORD-004509,2024-03-19,2024,Q1,3,Asia Pacific,India,Laptop,Retail,238,818.71,194852.07,113014.2,5548.41,8486.8,4870.07,131919.48,62932.59,32.3
ORD-002215,2024-03-19,2024,Q1,3,North America,Mexico,Laptop,Retail,305,993.93,303148.28,175826.0,3601.38,4980.34,1254.72,185662.45,117485.84,38.76
ORD-001283,2024-03-19,2024,Q1,3,Europe,Spain,Tablet,Retail,161,509.17,81975.86,42627.45,4896.01,2693.74,1258.78,51475.98,30499.89,37.21
ORD-004932,2024-03-19,2024,Q1,3,Asia Pacific,Australia,Server,Retail,61,2461.88,150174.46,102118.63,1041.39,1473.91,1125.4,105759.34,44415.12,29.58
ORD-004803,2024-03-19,2024,Q1,3,Middle East,UAE,Tablet,Retail,269,482.37,129756.26,67473.25,6852.11,12295.64,4095.53,90716.53,39039.73,30.09
ORD-000489,2024-03-20,2024,Q1,3,North America,Mexico,Desktop,Online,280,659.23,184585.0,110751.0,5830.18,14795.87,4901.49,136278.53,48306.46,26.17
ORD-000602,2024-03-21,2024,Q1,3,Asia Pacific,India,Monitor,Online,344,293.48,100956.09,55525.85,7770.43,19843.63,2820.33,85960.23,14995.85,14.85
ORD-001233,2024-03-22,2024,Q1,3,Europe,Italy,Tablet,Distributor,208,541.67,112668.3,58587.51,4405.2,11268.32,3441.0,77702.03,34966.27,31.03
ORD-000960,2024-03-22,2024,Q1,3,North America,Mexico,Tablet,Retail,147,509.45,74889.26,38942.41,3875.71,4823.15,3095.98,50737.25,24152.01,32.25
ORD-003490,2024-03-22,2024,Q1,3,Europe,Italy,Tablet,Enterprise,230,441.23,101483.6,52771.47,6558.09,6239.29,3441.33,69010.19,32473.42,32.0
ORD-002648,2024-03-22,2024,Q1,3,Europe,France,Server,Enterprise,20,2183.52,43670.5,29695.94,370.41,605.08,347.83,31019.26,12651.24,28.97
ORD-003928,2024-03-23,2024,Q1,3,Europe,Germany,Tablet,Online,19,561.31,10664.81,5545.7,528.21,748.11,455.94,7277.96,3386.85,31.76
ORD-002704,2024-03-23,2024,Q1,3,Asia Pacific,Japan,Printer,Online,205,317.51,65090.38,37101.51,6188.71,5496.36,4521.99,53308.58,11781.8,18.1
ORD-000556,2024-03-23,2024,Q1,3,Latin America,Chile,Server,Distributor,9,2161.06,19449.57,13225.71,223.09,474.12,191.75,14114.67,5334.9,27.43
ORD-004408,2024-03-23,2024,Q1,3,Latin America,Chile,Printer,Online,251,301.14,75585.08,43083.49,8345.23,6243.16,4612.35,62284.24,13300.84,17.6
ORD-001824,2024-03-23,2024,Q1,3,Latin America,Argentina,Laptop,Retail,228,909.4,207344.02,120259.53,2433.79,3182.22,857.05,126732.59,80611.43,38.88
ORD-003250,2024-03-23,2024,Q1,3,Europe,Germany,Tablet,Enterprise,202,541.79,109441.5,56909.58,4954.61,3201.05,4139.24,69204.48,40237.02,36.77
ORD-002363,2024-03-23,2024,Q1,3,Latin America,Argentina,Desktop,Online,390,686.25,267638.86,160583.32,11816.34,7664.5,2617.76,182681.92,84956.94,31.74
ORD-001303,2024-03-24,2024,Q1,3,North America,Mexico,Laptop,Online,12,783.82,9405.84,5455.39,326.26,251.62,108.18,6141.44,3264.4,34.71
ORD-003029,2024-03-24,2024,Q1,3,Europe,Spain,Desktop,Online,442,645.79,285437.99,171262.79,12012.67,11386.38,6067.52,200729.36,84708.63,29.68
ORD-004716,2024-03-25,2024,Q1,3,Asia Pacific,Australia,Printer,Distributor,98,255.9,25078.22,14294.59,3154.62,4071.41,1720.93,23241.55,1836.68,7.32
ORD-001582,2024-03-25,2024,Q1,3,Europe,UK,Monitor,Online,9,259.83,2338.44,1286.14,84.19,503.77,134.97,2009.08,329.37,14.08
ORD-004714,2024-03-25,2024,Q1,3,Latin America,Chile,Desktop,Retail,467,640.74,299225.45,179535.27,4702.88,17472.61,9628.37,211339.12,87886.33,29.37
ORD-002966,2024-03-26,2024,Q1,3,North America,USA,Tablet,Online,172,522.68,89901.06,46748.55,4454.67,6605.78,3660.6,61469.6,28431.46,31.63
ORD-000682,2024-03-26,2024,Q1,3,Asia Pacific,Japan,Monitor,Online,191,267.56,51103.94,28107.17,4727.31,11113.56,3488.12,47436.15,3667.79,7.18
ORD-001533,2024-03-26,2024,Q1,3,Asia Pacific,India,Monitor,Distributor,182,277.69,50538.69,27796.28,3709.14,5465.7,1215.61,38186.74,12351.96,24.44
ORD-001402,2024-03-27,2024,Q1,3,Europe,Germany,Desktop,Retail,121,840.43,101692.58,61015.55,3319.2,2461.33,1645.33,68441.42,33251.17,32.7
ORD-000929,2024-03-27,2024,Q1,3,North America,Mexico,Laptop,Distributor,24,775.31,18607.54,10792.37,286.1,729.41,143.84,11951.72,6655.82,35.77
ORD-001914,2024-03-27,2024,Q1,3,North America,Mexico,Printer,Retail,86,269.56,23182.46,13214.0,1749.56,1046.36,928.98,16938.9,6243.56,26.93
ORD-003968,2024-03-27,2024,Q1,3,North America,Mexico,Server,Retail,450,2229.02,1003058.98,682080.11,10980.32,25300.63,1583.31,719944.36,283114.62,28.23
ORD-003378,2024-03-27,2024,Q1,3,Middle East,Saudi Arabia,Monitor,Online,342,289.84,99125.07,54518.79,3610.82,12090.06,7085.41,77305.07,21820.0,22.01
ORD-001910,2024-03-27,2024,Q1,3,North America,Mexico,Laptop,Retail,290,879.37,255016.11,147909.34,5920.18,12049.28,2669.42,168548.23,86467.88,33.91
ORD-000006,2024-03-28,2024,Q1,3,North America,Canada,Tablet,Online,162,517.77,83878.18,43616.65,4523.48,3584.14,3808.59,55532.85,28345.32,33.79
ORD-001999,2024-03-28,2024,Q1,3,Asia Pacific,Singapore,Server,Enterprise,387,2208.14,854549.39,581093.59,4472.39,22542.55,7674.52,615783.05,238766.34,27.94
ORD-003328,2024-03-28,2024,Q1,3,North America,USA,Tablet,Online,474,533.22,252747.98,131428.95,9907.11,18953.19,2345.09,162634.33,90113.65,35.65
ORD-003709,2024-03-28,2024,Q1,3,Latin America,Brazil,Printer,Enterprise,426,261.54,111417.96,63508.24,10268.38,19956.01,2333.15,96065.78,15352.18,13.78
ORD-004828,2024-03-29,2024,Q1,3,North America,Canada,Laptop,Retail,345,892.27,307833.96,178543.7,6353.24,5871.77,5476.68,196245.38,111588.58,36.25
ORD-000778,2024-03-29,2024,Q1,3,Asia Pacific,Singapore,Monitor,Retail,106,292.46,31000.74,17050.4,3130.25,1076.42,784.2,22041.28,8959.46,28.9
ORD-002385,2024-03-29,2024,Q1,3,Asia Pacific,Australia,Server,Distributor,490,2198.85,1077438.74,732658.34,16559.51,5340.59,3605.5,758163.94,319274.8,29.63
ORD-001625,2024-03-30,2024,Q1,3,Middle East,Qatar,Desktop,Distributor,205,736.93,151069.79,90641.87,5364.46,8851.07,1947.37,106804.78,44265.01,29.3
ORD-003683,2024-03-30,2024,Q1,3,Europe,UK,Tablet,Online,70,492.07,34445.11,17911.46,1859.77,787.47,979.96,21538.66,12906.45,37.47
ORD-000386,2024-03-30,2024,Q1,3,Asia Pacific,India,Tablet,Online,138,547.86,75604.79,39314.49,4751.43,3286.66,3259.99,50612.57,24992.22,33.06
ORD-001370,2024-03-30,2024,Q1,3,Europe,Germany,Desktop,Enterprise,61,746.35,45527.56,27316.54,1844.83,2132.0,462.15,31755.51,13772.05,30.25
ORD-000742,2024-03-30,2024,Q1,3,North America,USA,Monitor,Distributor,450,337.08,151685.02,83426.76,4224.9,22757.17,3157.75,113566.59,38118.43,25.13
ORD-004231,2024-03-30,2024,Q1,3,Asia Pacific,Australia,Desktop,Enterprise,107,757.99,81105.13,48663.08,3117.72,5800.67,764.43,58345.91,22759.22,28.06
ORD-000507,2024-03-30,2024,Q1,3,Latin America,Brazil,Printer,Enterprise,387,317.55,122892.24,70048.58,5302.04,21069.28,9282.81,105702.71,17189.53,13.99
ORD-003993,2024-03-31,2024,Q1,3,Asia Pacific,India,Monitor,Online,337,287.9,97023.43,53362.89,8406.05,10670.27,4924.7,77363.91,19659.52,20.26
ORD-000464,2024-03-31,2024,Q1,3,North America,Mexico,Printer,Enterprise,460,257.39,118400.18,67488.1,6345.43,9710.58,6127.86,89671.97,28728.21,24.26
ORD-000043,2024-04-01,2024,Q2,4,North America,USA,Printer,Online,354,300.07,106223.16,60547.2,7196.81,7282.65,2135.54,77162.2,29060.96,27.36
ORD-001212,2024-04-01,2024,Q2,4,North America,USA,Monitor,Distributor,390,299.77,116909.89,64300.44,3608.88,18677.7,1574.39,88161.41,28748.49,24.59
ORD-003320,2024-04-01,2024,Q2,4,Middle East,Qatar,Desktop,Retail,316,646.94,204434.32,122660.59,9534.51,6587.47,1503.84,140286.41,64147.91,31.38
ORD-001357,2024-04-01,2024,Q2,4,Latin America,Chile,Server,Retail,115,1906.74,219275.08,149107.05,2381.2,2396.95,1037.74,154922.95,64352.13,29.35
ORD-001844,2024-04-01,2024,Q2,4,Europe,Spain,Server,Online,307,1870.13,574129.48,390408.05,4429.77,3767.89,3489.29,402095.0,172034.49,29.96
ORD-001802,2024-04-01,2024,Q2,4,Middle East,Saudi Arabia,Tablet,Online,109,507.35,55300.87,28756.45,1541.36,5735.84,1398.85,37432.5,17868.37,32.31
ORD-003671,2024-04-02,2024,Q2,4,Europe,Spain,Printer,Online,203,258.59,52493.36,29921.22,3808.36,9148.5,1214.81,44092.88,8400.48,16.0
ORD-002965,2024-04-02,2024,Q2,4,Latin America,Argentina,Tablet,Retail,498,432.3,215284.59,111947.99,17346.55,7079.51,3885.59,140259.63,75024.95,34.85
ORD-003432,2024-04-02,2024,Q2,4,North America,Mexico,Desktop,Enterprise,277,681.77,188849.35,113309.61,8234.8,3800.55,5869.55,131214.51,57634.85,30.52
ORD-000625,2024-04-02,2024,Q2,4,North America,Mexico,Desktop,Online,367,699.44,256694.58,154016.75,7008.84,13476.99,3461.31,177963.89,78730.69,30.67
ORD-002446,2024-04-02,2024,Q2,4,Latin America,Chile,Tablet,Online,115,477.44,54905.34,28550.77,2544.28,1709.66,1810.93,34615.65,20289.68,36.95
ORD-001421,2024-04-02,2024,Q2,4,Middle East,UAE,Tablet,Distributor,149,470.56,70113.59,36459.06,1385.02,8337.83,3711.33,49893.24,20220.34,28.84
ORD-000346,2024-04-03,2024,Q2,4,North America,USA,Desktop,Distributor,107,685.09,73304.52,43982.71,3629.57,5365.09,924.53,53901.9,19402.62,26.47
ORD-000619,2024-04-04,2024,Q2,4,North America,USA,Laptop,Retail,201,814.99,163813.18,95011.65,3141.97,4580.06,1938.77,104672.45,59140.73,36.1
ORD-000823,2024-04-04,2024,Q2,4,Europe,Germany,Tablet,Distributor,138,466.55,64383.69,33479.52,3641.4,6607.38,1871.39,45599.69,18783.99,29.18
ORD-001785,2024-04-04,2024,Q2,4,Latin America,Chile,Laptop,Online,406,907.2,368321.99,213626.75,5207.14,6436.33,4262.33,229532.56,138789.43,37.68
ORD-000566,2024-04-04,2024,Q2,4,Europe,France,Monitor,Distributor,209,335.71,70163.4,38589.87,2273.75,10134.45,901.74,51899.8,18263.6,26.03
ORD-000117,2024-04-05,2024,Q2,4,Middle East,UAE,Server,Retail,257,1945.46,499982.65,339988.2,7932.56,7916.62,1292.04,357129.41,142853.24,28.57
ORD-000406,2024-04-05,2024,Q2,4,North America,Canada,Laptop,Distributor,6,977.45,5864.73,3401.54,135.66,269.55,54.19,3860.93,2003.8,34.17
ORD-000942,2024-04-05,2024,Q2,4,Middle East,UAE,Laptop,Online,213,959.8,204437.63,118573.82,5321.73,10447.93,4160.69,138504.17,65933.45,32.25
ORD-003508,2024-04-05,2024,Q2,4,Europe,UK,Printer,Online,130,318.13,41357.41,23573.73,4068.01,5255.07,1215.98,34112.79,7244.63,17.52
ORD-003760,2024-04-05,2024,Q2,4,Asia Pacific,Japan,Printer,Enterprise,286,306.94,87784.21,50037.0,6558.91,8849.26,5349.15,70794.32,16989.89,19.35
ORD-003365,2024-04-06,2024,Q2,4,Europe,UK,Laptop,Retail,443,902.57,399839.82,231907.09,11804.63,14293.26,2013.44,260018.43,139821.39,34.97
ORD-004977,2024-04-06,2024,Q2,4,Europe,UK,Monitor,Online,267,318.16,84948.27,46721.55,7299.09,15311.35,6204.48,75536.47,9411.8,11.08
ORD-000591,2024-04-07,2024,Q2,4,Europe,Spain,Server,Enterprise,275,2212.93,608555.45,413817.71,6966.49,15485.63,6623.96,442893.79,165661.66,27.22
ORD-002194,2024-04-07,2024,Q2,4,Europe,France,Laptop,Online,271,885.72,240030.14,139217.48,3725.15,7529.41,2473.06,152945.1,87085.04,36.28
ORD-003204,2024-04-07,2024,Q2,4,Asia Pacific,Singapore,Desktop,Retail,134,749.9,100485.99,60291.6,3597.45,4371.53,1260.33,69520.9,30965.09,30.82
ORD-001030,2024-04-07,2024,Q2,4,Asia Pacific,Japan,Server,Online,220,2134.57,469605.34,319331.63,6313.33,2874.72,3750.81,332270.49,137334.85,29.24
ORD-003015,2024-04-08,2024,Q2,4,North America,USA,Desktop,Distributor,381,725.13,276273.2,165763.92,9496.72,20293.43,4607.65,200161.73,76111.48,27.55
ORD-004185,2024-04-08,2024,Q2,4,Latin America,Chile,Server,Enterprise,170,1877.21,319126.17,217005.79,3840.8,6317.72,910.11,228074.43,91051.74,28.53
ORD-000097,2024-04-08,2024,Q2,4,Europe,Spain,Tablet,Enterprise,406,469.72,190705.24,99166.72,6460.75,16382.53,6412.28,128422.29,62282.95,32.66
ORD-000246,2024-04-08,2024,Q2,4,Middle East,Saudi Arabia,Printer,Retail,297,289.26,85908.85,48968.04,2569.08,9627.12,4165.3,65329.54,20579.3,23.95
ORD-000205,2024-04-08,2024,Q2,4,Asia Pacific,Singapore,Desktop,Retail,346,705.52,244109.05,146465.43,4719.74,10543.21,5947.78,167676.15,76432.89,31.31
ORD-001451,2024-04-09,2024,Q2,4,Asia Pacific,India,Laptop,Distributor,276,970.67,267905.5,155385.19,5073.0,12710.43,5015.8,178184.42,89721.08,33.49
ORD-003226,2024-04-09,2024,Q2,4,Middle East,Qatar,Desktop,Retail,450,854.46,384505.2,230703.12,15251.94,21270.13,8290.85,275516.03,108989.17,28.35
ORD-004743,2024-04-10,2024,Q2,4,North America,Canada,Printer,Enterprise,464,304.87,141460.24,80632.33,7619.86,21751.74,5590.46,115594.4,25865.84,18.28
ORD-003754,2024-04-10,2024,Q2,4,Europe,Spain,Desktop,Online,203,753.29,152917.19,91750.31,5214.49,4706.15,3369.69,105040.64,47876.54,31.31
ORD-001833,2024-04-10,2024,Q2,4,North America,Mexico,Laptop,Distributor,90,832.31,74907.45,43446.32,1903.53,2435.15,476.23,48261.24,26646.21,35.57
ORD-001911,2024-04-10,2024,Q2,4,Middle East,Saudi Arabia,Monitor,Online,225,304.28,68462.65,37654.46,6090.12,11653.23,5271.78,60669.58,7793.07,11.38
ORD-001349,2024-04-11,2024,Q2,4,Middle East,Saudi Arabia,Monitor,Online,308,343.67,105849.46,58217.2,4107.9,5356.97,4454.62,72136.69,33712.77,31.85
ORD-001055,2024-04-11,2024,Q2,4,Latin America,Argentina,Printer,Retail,18,318.14,5726.58,3264.15,323.27,616.92,427.45,4631.8,1094.78,19.12
ORD-001574,2024-04-11,2024,Q2,4,Latin America,Chile,Desktop,Online,65,813.34,52867.28,31720.37,930.21,1928.47,482.73,35061.77,17805.51,33.68
ORD-000587,2024-04-12,2024,Q2,4,Europe,Spain,Laptop,Enterprise,249,1006.61,250644.89,145374.04,7751.88,4188.83,2422.31,159737.06,90907.83,36.27
ORD-004119,2024-04-12,2024,Q2,4,Europe,UK,Tablet,Enterprise,129,517.04,66698.28,34683.11,2443.97,4194.56,2969.03,44290.67,22407.61,33.6
ORD-002484,2024-04-12,2024,Q2,4,Asia Pacific,Singapore,Monitor,Retail,296,320.58,94891.03,52190.07,10022.14,5804.04,973.22,68989.46,25901.57,27.3
ORD-002847,2024-04-13,2024,Q2,4,North America,Mexico,Monitor,Enterprise,261,327.26,85413.93,46977.66,4076.69,7577.43,5142.6,63774.38,21639.54,25.33
ORD-003915,2024-04-13,2024,Q2,4,Europe,UK,Desktop,Online,124,754.78,93593.33,56156.0,3390.42,6907.4,621.02,67074.84,26518.49,28.33
ORD-000202,2024-04-13,2024,Q2,4,North America,Mexico,Server,Online,301,2484.44,747815.53,508514.56,4845.87,11425.39,2230.49,527016.31,220799.22,29.53
ORD-000793,2024-04-13,2024,Q2,4,Europe,Germany,Desktop,Distributor,98,650.09,63708.65,38225.19,1880.4,3196.29,2358.58,45660.45,18048.2,28.33
ORD-002613,2024-04-13,2024,Q2,4,North America,USA,Laptop,Distributor,266,843.64,224407.52,130156.36,2160.95,3835.89,4539.07,140692.27,83715.25,37.31
ORD-003104,2024-04-13,2024,Q2,4,North America,USA,Desktop,Online,448,673.25,301617.87,180970.72,4905.66,20400.72,6679.35,212956.46,88661.42,29.4
ORD-003593,2024-04-13,2024,Q2,4,Middle East,Saudi Arabia,Printer,Retail,120,298.08,35769.7,20388.73,2028.24,4310.73,1843.77,28571.46,7198.24,20.12
ORD-003006,2024-04-14,2024,Q2,4,Latin America,Chile,Printer,Online,182,266.05,48421.95,27600.51,5300.42,7317.8,2983.99,43202.72,5219.24,10.78
ORD-001884,2024-04-14,2024,Q2,4,Latin America,Argentina,Server,Online,313,2098.0,656675.49,446539.34,5789.81,6545.03,4963.67,463837.84,192837.65,29.37
ORD-003962,2024-04-14,2024,Q2,4,Latin America,Chile,Laptop,Online,151,1022.05,154329.5,89511.11,3354.56,5036.51,2927.18,100829.37,53500.14,34.67
ORD-000543,2024-04-14,2024,Q2,4,Europe,Germany,Desktop,Online,408,769.43,313928.08,188356.85,10738.33,19313.4,7392.06,225800.63,88127.45,28.07
ORD-002504,2024-04-14,2024,Q2,4,Europe,Spain,Server,Retail,381,2302.54,877268.98,596542.91,7273.86,4421.46,7363.65,615601.88,261667.09,29.83
ORD-001374,2024-04-15,2024,Q2,4,Asia Pacific,Japan,Printer,Retail,466,265.67,123803.32,70567.89,15015.66,25983.48,2285.1,113852.13,9951.19,8.04
ORD-001620,2024-04-15,2024,Q2,4,Latin America,Chile,Desktop,Online,81,840.84,68107.66,40864.6,978.14,832.36,692.0,43367.09,24740.57,36.33
ORD-003769,2024-04-15,2024,Q2,4,North America,USA,Server,Retail,131,1907.35,249862.84,169906.73,2868.01,3669.55,2284.39,178728.69,71134.16,28.47
ORD-004984,2024-04-15,2024,Q2,4,Asia Pacific,Singapore,Laptop,Online,5,786.97,3934.83,2282.2,112.46,82.75,112.64,2590.04,1344.78,34.18
ORD-003779,2024-04-15,2024,Q2,4,Europe,UK,Server,Distributor,455,2431.32,1106252.2,752251.5,10799.86,8034.59,11088.63,782174.58,324077.63,29.3
ORD-003891,2024-04-16,2024,Q2,4,North America,Canada,Server,Enterprise,141,2234.59,315077.32,214252.57,3793.7,8396.4,965.04,227407.72,87669.6,27.82
ORD-000648,2024-04-16,2024,Q2,4,Europe,Italy,Laptop,Retail,391,882.68,345126.75,200173.51,5912.37,11527.84,9209.82,226823.54,118303.2,34.28
ORD-002011,2024-04-17,2024,Q2,4,North America,Mexico,Monitor,Online,328,288.45,94613.07,52037.19,9530.91,5549.67,8133.03,75250.79,19362.28,20.46
ORD-001053,2024-04-17,2024,Q2,4,Europe,Germany,Monitor,Online,164,276.43,45334.44,24933.94,1833.72,6849.87,3671.32,37288.85,8045.59,17.75
ORD-004556,2024-04-17,2024,Q2,4,Europe,Italy,Server,Retail,469,2189.75,1026993.25,698355.41,5273.3,7745.15,5444.07,716817.93,310175.32,30.2
ORD-004018,2024-04-17,2024,Q2,4,North America,Canada,Tablet,Online,9,483.4,4350.64,2262.33,248.95,475.74,92.26,3079.28,1271.36,29.22
ORD-002585,2024-04-18,2024,Q2,4,North America,Mexico,Server,Enterprise,89,2506.47,223076.09,151691.74,1459.57,1759.74,288.94,155200.0,67876.09,30.43
ORD-003120,2024-04-18,2024,Q2,4,Latin America,Brazil,Tablet,Retail,429,525.73,225537.67,117279.59,3744.95,16533.11,1762.73,139320.38,86217.29,38.23
ORD-003850,2024-04-18,2024,Q2,4,Middle East,Saudi Arabia,Printer,Enterprise,133,273.33,36353.39,20721.43,4250.29,7362.35,989.14,33323.21,3030.18,8.34
ORD-004397,2024-04-18,2024,Q2,4,Asia Pacific,Japan,Desktop,Online,193,698.83,134874.85,80924.91,2061.56,2063.98,1873.67,86924.13,47950.73,35.55
ORD-000437,2024-04-18,2024,Q2,4,North America,Mexico,Laptop,Online,53,914.93,48491.51,28125.07,1394.7,601.54,366.83,30488.14,18003.37,37.13
ORD-004738,2024-04-18,2024,Q2,4,Asia Pacific,India,Desktop,Retail,107,778.99,83352.04,50011.22,2077.4,5569.88,449.98,58108.48,25243.56,30.29
ORD-003371,2024-04-18,2024,Q2,4,Asia Pacific,Singapore,Desktop,Online,195,736.73,143663.2,86197.92,6733.25,5771.71,1114.83,99817.7,43845.49,30.52
ORD-000690,2024-04-18,2024,Q2,4,Europe,France,Desktop,Enterprise,440,800.44,352193.63,211316.18,11365.18,6041.13,4095.92,232818.41,119375.22,33.89
ORD-003742,2024-04-19,2024,Q2,4,Europe,Italy,Server,Retail,29,2194.4,63637.54,43273.53,767.91,958.2,229.06,45228.71,18408.84,28.93
ORD-000616,2024-04-20,2024,Q2,4,Middle East,UAE,Laptop,Retail,213,790.14,168299.71,97613.83,5229.06,11919.55,1773.75,116536.2,51763.52,30.76
ORD-000691,2024-04-20,2024,Q2,4,Latin America,Chile,Monitor,Retail,217,311.83,67668.16,37217.49,7581.78,7476.76,1517.23,53793.27,13874.89,20.5
ORD-004859,2024-04-20,2024,Q2,4,Europe,Spain,Printer,Online,135,280.58,37878.61,21590.81,4320.56,7524.82,525.94,33962.13,3916.48,10.34
ORD-002714,2024-04-20,2024,Q2,4,Middle East,Qatar,Server,Distributor,451,2177.54,982071.77,667808.8,10540.2,6488.89,1592.15,686430.04,295641.73,30.1
ORD-004653,2024-04-20,2024,Q2,4,North America,Canada,Desktop,Online,56,656.23,36748.83,22049.3,638.62,2244.8,754.78,25687.5,11061.33,30.1
ORD-000693,2024-04-20,2024,Q2,4,Europe,UK,Laptop,Retail,310,886.17,274711.54,159332.69,8646.42,14523.62,7407.26,189909.99,84801.54,30.87
ORD-004035,2024-04-20,2024,Q2,4,Middle East,UAE,Tablet,Distributor,451,462.05,208383.81,108359.58,7452.98,13907.95,6893.55,136614.06,71769.75,34.44
ORD-002834,2024-04-20,2024,Q2,4,North America,Canada,Server,Enterprise,36,2066.99,74411.48,50599.81,1230.23,2158.35,149.73,54138.12,20273.37,27.24
ORD-001384,2024-04-20,2024,Q2,4,North America,USA,Tablet,Online,229,521.72,119473.03,62125.98,5939.06,11474.97,893.02,80433.02,39040.0,32.68
ORD-004446,2024-04-20,2024,Q2,4,Asia Pacific,India,Desktop,Enterprise,131,638.3,83617.62,50170.57,2527.27,7487.64,1795.93,61981.42,21636.2,25.88
ORD-004741,2024-04-21,2024,Q2,4,Europe,Germany,Laptop,Distributor,193,895.3,172792.04,100219.39,3452.02,6184.46,4648.11,114503.98,58288.07,33.73
ORD-003034,2024-04-21,2024,Q2,4,North America,USA,Desktop,Retail,301,649.27,195429.98,117257.99,5769.86,14680.48,3645.91,141354.24,54075.74,27.67
ORD-002025,2024-04-21,2024,Q2,4,North America,Mexico,Monitor,Online,220,277.58,61066.63,33586.65,7519.28,5043.45,4758.17,50907.54,10159.09,16.64
ORD-004996,2024-04-22,2024,Q2,4,Europe,UK,Tablet,Retail,328,492.38,161499.48,83979.73,2938.03,8166.64,2300.7,97385.1,64114.38,39.7
ORD-000144,2024-04-22,2024,Q2,4,Europe,Germany,Printer,Distributor,125,320.2,40025.17,22814.35,4040.99,6702.3,1740.44,35298.09,4727.09,11.81
ORD-002084,2024-04-22,2024,Q2,4,North America,Mexico,Laptop,Enterprise,292,995.25,290612.8,168555.42,8661.76,10737.61,6271.77,194226.56,96386.23,33.17
ORD-002682,2024-04-22,2024,Q2,4,Europe,UK,Server,Enterprise,439,2162.01,949122.33,645403.18,13346.38,6910.85,3666.71,669327.13,279795.2,29.48
ORD-001971,2024-04-22,2024,Q2,4,North America,Canada,Server,Retail,270,2522.48,681070.35,463127.83,5177.99,9062.76,2381.87,479750.46,201319.88,29.56
ORD-003162,2024-04-22,2024,Q2,4,Europe,UK,Printer,Enterprise,369,307.4,113428.99,64654.53,10134.22,11625.42,3485.54,89899.7,23529.29,20.74
ORD-004637,2024-04-22,2024,Q2,4,Asia Pacific,Australia,Laptop,Online,72,1012.89,72928.04,42298.26,1920.06,3488.64,970.1,48677.07,24250.97,33.25
ORD-000738,2024-04-22,2024,Q2,4,Europe,France,Monitor,Distributor,424,318.69,135126.66,74319.66,7953.94,18172.15,3671.5,104117.25,31009.4,22.95
ORD-004163,2024-04-22,2024,Q2,4,North America,Canada,Desktop,Enterprise,356,730.19,259948.19,155968.92,5115.4,16093.8,2288.14,179466.26,80481.94,30.96
ORD-003001,2024-04-23,2024,Q2,4,North America,USA,Tablet,Enterprise,241,447.86,107933.32,56125.33,8424.47,9585.29,1026.99,75162.08,32771.24,30.36
ORD-003624,2024-04-23,2024,Q2,4,Europe,Germany,Desktop,Online,263,721.84,189844.94,113906.96,2163.43,11386.95,3508.39,130965.73,58879.21,31.01
ORD-001536,2024-04-23,2024,Q2,4,Latin America,Brazil,Server,Online,51,2459.16,125417.14,85283.65,1451.06,1999.83,613.17,89347.72,36069.42,28.76
ORD-001749,2024-04-23,2024,Q2,4,Europe,UK,Laptop,Retail,346,789.2,273063.48,158376.82,6404.47,16936.45,5719.79,187437.53,85625.95,31.36
ORD-000921,2024-04-23,2024,Q2,4,North America,Mexico,Tablet,Distributor,164,450.51,73883.23,38419.28,2141.75,4016.86,969.25,45547.14,28336.09,38.35
ORD-000392,2024-04-24,2024,Q2,4,North America,Mexico,Printer,Enterprise,227,259.03,58799.26,33515.58,4591.83,4060.36,3718.66,45886.43,12912.83,21.96
ORD-003409,2024-04-24,2024,Q2,4,Europe,Italy,Printer,Retail,53,293.54,15557.37,8867.7,1579.92,1855.79,928.96,13232.36,2325.01,14.94
ORD-001206,2024-04-24,2024,Q2,4,Middle East,UAE,Tablet,Online,384,546.5,209855.3,109124.76,3796.68,19138.8,8590.11,140650.34,69204.96,32.98
ORD-003486,2024-04-25,2024,Q2,4,Asia Pacific,India,Server,Retail,403,2086.95,841040.18,571907.32,3916.81,14908.43,8933.02,599665.57,241374.61,28.7
ORD-004485,2024-04-25,2024,Q2,4,Europe,Germany,Printer,Online,398,247.52,98514.09,56153.03,10702.96,17108.33,5867.15,89831.46,8682.62,8.81
ORD-002656,2024-04-25,2024,Q2,4,Europe,Germany,Server,Online,428,2374.3,1016199.23,691015.48,3686.48,24276.17,7184.73,726162.86,290036.37,28.54
ORD-001366,2024-04-25,2024,Q2,4,North America,USA,Monitor,Retail,23,278.75,6411.2,3526.16,799.37,339.07,513.35,5177.94,1233.26,19.24
ORD-001714,2024-04-25,2024,Q2,4,Asia Pacific,Australia,Monitor,Online,453,311.81,141249.44,77687.19,4589.17,10151.12,4593.52,97021.0,44228.44,31.31
ORD-004183,2024-04-25,2024,Q2,4,Asia Pacific,Singapore,Laptop,Online,466,870.23,405528.02,235206.25,11869.23,27230.41,10265.81,284571.71,120956.31,29.83
ORD-002996,2024-04-25,2024,Q2,4,North America,Canada,Tablet,Retail,8,516.09,4128.71,2146.93,197.17,204.04,78.66,2626.8,1501.91,36.38
ORD-004909,2024-04-25,2024,Q2,4,North America,Mexico,Server,Retail,94,2199.5,206752.79,140591.9,3095.04,3946.77,1662.92,149296.62,57456.17,27.79
ORD-000868,2024-04-26,2024,Q2,4,Europe,Germany,Server,Retail,303,1940.36,587930.49,399792.73,4849.77,14694.11,3215.26,422551.87,165378.62,28.13
ORD-001335,2024-04-26,2024,Q2,4,Europe,France,Laptop,Retail,467,947.13,442311.24,256540.52,13553.22,20880.84,3674.95,294649.53,147661.71,33.38
ORD-000325,2024-04-26,2024,Q2,4,Europe,Italy,Printer,Distributor,411,302.71,124413.08,70915.46,4118.42,12586.01,8165.23,95785.12,28627.97,23.01
ORD-002824,2024-04-27,2024,Q2,4,Asia Pacific,Singapore,Desktop,Distributor,166,676.87,112359.97,67415.98,4320.57,3001.19,1744.62,76482.36,35877.61,31.93
ORD-004484,2024-04-27,2024,Q2,4,Europe,Spain,Laptop,Online,149,947.25,141140.69,81861.6,3771.65,1841.13,869.0,88343.38,52797.31,37.41
ORD-003417,2024-04-27,2024,Q2,4,Europe,Italy,Desktop,Retail,168,650.78,109331.21,65598.73,2601.57,5922.43,1185.14,75307.87,34023.34,31.12
ORD-000571,2024-04-27,2024,Q2,4,Latin America,Brazil,Tablet,Retail,197,508.5,100175.21,52091.11,3635.59,3923.39,3003.28,62653.37,37521.83,37.46
ORD-003171,2024-04-27,2024,Q2,4,Europe,Germany,Monitor,Online,95,295.62,28083.88,15446.14,1683.31,2085.65,1628.67,20843.76,7240.13,25.78
ORD-000723,2024-04-27,2024,Q2,4,North America,Canada,Tablet,Enterprise,235,468.18,110021.37,57211.11,6158.84,6624.99,2372.87,72367.81,37653.56,34.22
ORD-001503,2024-04-28,2024,Q2,4,Asia Pacific,Australia,Tablet,Online,155,503.77,78084.95,40604.17,1561.74,4707.04,1592.62,48465.57,29619.37,37.93
ORD-001946,2024-04-28,2024,Q2,4,Middle East,Qatar,Server,Online,197,2098.38,413380.34,281098.63,1877.46,5543.12,999.8,289519.01,123861.33,29.96
ORD-002844,2024-04-28,2024,Q2,4,Europe,Italy,Printer,Retail,363,287.77,104460.07,59542.24,3883.05,5177.16,2787.14,71389.6,33070.47,31.66
ORD-003812,2024-04-29,2024,Q2,4,North America,Canada,Printer,Online,301,252.83,76100.74,43377.42,7198.08,11142.53,6149.06,67867.1,8233.64,10.82
ORD-000321,2024-04-29,2024,Q2,4,Europe,Italy,Laptop,Distributor,70,935.98,65518.5,38000.73,2173.73,2631.17,761.01,43566.64,21951.85,33.5
ORD-004193,2024-04-30,2024,Q2,4,Middle East,Saudi Arabia,Monitor,Retail,109,283.78,30932.25,17012.74,1137.51,5736.27,2649.08,26535.6,4396.65,14.21
ORD-003334,2024-04-30,2024,Q2,4,Latin America,Chile,Printer,Online,289,283.53,81938.74,46705.08,8293.95,9861.61,3597.81,68458.44,13480.29,16.45
ORD-000003,2024-05-01,2024,Q2,5,Middle East,Saudi Arabia,Desktop,Enterprise,386,722.55,278903.37,167342.02,10997.9,20129.75,3773.53,202243.2,76660.16,27.49
ORD-001973,2024-05-01,2024,Q2,5,Europe,Spain,Server,Enterprise,79,2426.75,191713.44,130365.14,1049.25,4367.71,1569.58,137351.68,54361.76,28.36
ORD-001404,2024-05-01,2024,Q2,5,Middle East,Qatar,Desktop,Enterprise,314,849.93,266879.04,160127.43,4354.68,12802.28,3560.7,180845.1,86033.95,32.24
ORD-004623,2024-05-01,2024,Q2,5,Europe,France,Monitor,Distributor,281,311.23,87455.53,48100.54,3542.33,6140.83,2691.24,60474.94,26980.6,30.85
ORD-002571,2024-05-01,2024,Q2,5,Asia Pacific,Singapore,Laptop,Online,214,1008.38,215793.95,125160.49,5485.68,12625.3,2918.9,146190.37,69603.57,32.25
ORD-004088,2024-05-01,2024,Q2,5,Asia Pacific,Australia,Printer,Retail,361,290.13,104737.48,59700.36,8080.32,15766.32,6853.76,90400.76,14336.72,13.69
ORD-001371,2024-05-01,2024,Q2,5,Latin America,Brazil,Laptop,Enterprise,390,953.25,371768.65,215625.82,5322.95,15976.36,6427.98,243353.11,128415.54,34.54
ORD-004612,2024-05-02,2024,Q2,5,North America,Canada,Laptop,Online,279,825.57,230333.32,133593.33,3186.01,9024.58,5886.06,151689.99,78643.33,34.14
ORD-000155,2024-05-02,2024,Q2,5,Europe,France,Monitor,Distributor,186,289.78,53899.15,29644.53,4275.22,3372.49,4261.09,41553.33,12345.82,22.91
ORD-003316,2024-05-02,2024,Q2,5,North America,Canada,Tablet,Retail,465,566.85,263587.15,137065.32,15154.86,17448.07,8668.38,178336.63,85250.52,32.34
ORD-004384,2024-05-02,2024,Q2,5,Asia Pacific,India,Monitor,Enterprise,110,305.7,33626.98,18494.84,1858.51,5377.3,472.43,26203.07,7423.91,22.08
ORD-001966,2024-05-03,2024,Q2,5,Europe,Spain,Monitor,Distributor,39,341.75,13328.43,7330.64,410.68,1056.25,442.51,9240.08,4088.36,30.67
ORD-002574,2024-05-03,2024,Q2,5,Europe,Spain,Server,Online,141,2000.19,282026.34,191777.91,3986.87,3585.73,1247.08,200597.6,81428.75,28.87
ORD-001837,2024-05-03,2024,Q2,5,Middle East,UAE,Laptop,Distributor,37,871.18,32233.8,18695.61,1068.91,2119.75,279.75,22164.01,10069.79,31.24
ORD-002099,2024-05-03,2024,Q2,5,Latin America,Argentina,Laptop,Online,333,798.7,265965.59,154260.04,5458.29,14752.57,2455.64,176926.54,89039.05,33.48
ORD-002327,2024-05-03,2024,Q2,5,Middle East,Qatar,Server,Distributor,145,2040.92,295932.93,201234.4,1906.17,2335.01,1185.41,206660.99,89271.95,30.17
ORD-004167,2024-05-04,2024,Q2,5,Asia Pacific,India,Laptop,Online,211,820.18,173056.96,100373.04,3304.17,8559.3,842.61,113079.12,59977.84,34.66
ORD-004361,2024-05-04,2024,Q2,5,North America,Mexico,Desktop,Retail,273,766.76,209326.78,125596.07,8258.11,12729.5,1974.06,148557.74,60769.05,29.03
ORD-002566,2024-05-04,2024,Q2,5,North America,USA,Laptop,Enterprise,259,791.96,205118.06,118968.47,7613.52,8754.94,4805.97,140142.9,64975.16,31.68
ORD-002949,2024-05-04,2024,Q2,5,Middle East,Saudi Arabia,Printer,Online,444,316.41,140485.58,80076.78,12382.64,20795.12,8695.41,121949.96,18535.62,13.19
ORD-002572,2024-05-04,2024,Q2,5,Europe,Italy,Server,Distributor,245,1940.16,475338.24,323230.01,7257.49,4600.82,1881.78,336970.09,138368.16,29.11
ORD-004980,2024-05-04,2024,Q2,5,North America,USA,Printer,Online,332,306.3,101692.98,57965.0,5533.25,15861.43,1347.82,80707.5,20985.48,20.64
ORD-000683,2024-05-05,2024,Q2,5,Middle East,Qatar,Printer,Enterprise,72,303.81,21874.49,12468.46,1398.65,744.47,1432.4,16043.98,5830.51,26.65
ORD-002674,2024-05-05,2024,Q2,5,Europe,France,Desktop,Retail,169,645.88,109154.21,65492.52,3145.39,4549.61,745.52,73933.04,35221.17,32.27
ORD-002549,2024-05-05,2024,Q2,5,North America,USA,Printer,Online,315,303.77,95687.27,54541.74,4639.97,3391.74,5364.29,67937.74,27749.53,29.0
ORD-000614,2024-05-05,2024,Q2,5,Asia Pacific,Singapore,Laptop,Retail,5,1015.22,5076.11,2944.14,127.83,221.85,57.38,3351.21,1724.9,33.98
ORD-001516,2024-05-05,2024,Q2,5,North America,Mexico,Laptop,Online,209,792.45,165622.63,96061.12,4500.01,2420.91,2300.96,105283.0,60339.63,36.43
ORD-004700,2024-05-06,2024,Q2,5,Europe,Spain,Printer,Enterprise,7,319.66,2237.6,1275.43,98.9,111.91,135.09,1621.33,616.26,27.54
ORD-002476,2024-05-06,2024,Q2,5,Latin America,Brazil,Laptop,Retail,218,926.04,201876.79,117088.54,1869.68,6775.53,4057.56,129791.32,72085.47,35.71
ORD-000849,2024-05-06,2024,Q2,5,North America,Canada,Desktop,Enterprise,114,765.64,87283.22,52369.93,958.98,2867.14,2360.77,58556.82,28726.4,32.91
ORD-000980,2024-05-07,2024,Q2,5,Asia Pacific,Australia,Tablet,Distributor,84,563.49,47333.25,24613.29,716.13,3064.6,750.16,29144.18,18189.07,38.43
ORD-000259,2024-05-07,2024,Q2,5,Asia Pacific,Australia,Server,Online,299,2172.82,649672.14,441777.06,4472.72,10239.98,5756.66,462246.41,187425.73,28.85
ORD-003185,2024-05-07,2024,Q2,5,Asia Pacific,Australia,Printer,Distributor,89,297.23,26453.42,15078.45,2847.77,4805.8,1073.82,23805.84,2647.58,10.01
ORD-001801,2024-05-07,2024,Q2,5,Europe,UK,Monitor,Retail,421,323.03,135993.71,74796.54,11131.59,12146.67,5622.39,103697.19,32296.52,23.75
ORD-000996,2024-05-07,2024,Q2,5,Latin America,Chile,Desktop,Enterprise,309,652.61,201657.69,120994.61,8469.09,9779.85,7209.97,146453.53,55204.17,27.38
ORD-002985,2024-05-08,2024,Q2,5,Europe,UK,Server,Enterprise,138,2471.26,341033.61,231902.85,1940.02,5651.99,1128.97,240623.84,100409.77,29.44
ORD-004304,2024-05-08,2024,Q2,5,Middle East,UAE,Printer,Enterprise,29,319.81,9274.43,5286.43,658.94,1411.79,147.46,7504.61,1769.82,19.08
ORD-003971,2024-05-08,2024,Q2,5,North America,Mexico,Printer,Distributor,405,276.39,111938.07,63804.7,5224.04,13067.42,4927.05,87023.22,24914.85,22.26
ORD-004428,2024-05-08,2024,Q2,5,North America,Canada,Tablet,Online,56,482.55,27022.97,14051.95,1651.32,3337.62,1363.51,20404.4,6618.57,24.49
ORD-001529,2024-05-08,2024,Q2,5,Asia Pacific,Japan,Desktop,Online,304,696.05,211599.32,126959.59,4506.59,17732.42,2890.07,152088.67,59510.65,28.12
ORD-002014,2024-05-08,2024,Q2,5,Latin America,Chile,Laptop,Distributor,218,1001.56,218339.86,126637.12,7110.65,8340.37,2389.82,144477.96,73861.9,33.83
ORD-001889,2024-05-08,2024,Q2,5,Middle East,UAE,Server,Online,176,2413.32,424744.73,288826.42,2403.97,1821.69,2366.26,295418.33,129326.4,30.45
ORD-001778,2024-05-09,2024,Q2,5,Asia Pacific,Australia,Laptop,Online,86,858.77,73854.04,42835.34,2759.39,3640.75,991.46,50226.94,23627.09,31.99
ORD-000822,2024-05-09,2024,Q2,5,Asia Pacific,Japan,Server,Retail,363,2459.21,892694.81,607032.47,10422.18,19516.29,8221.37,645192.3,247502.5,27.73
ORD-004956,2024-05-09,2024,Q2,5,North America,Mexico,Desktop,Online,87,821.3,71453.24,42871.94,806.08,4982.33,1218.8,49879.16,21574.08,30.19
ORD-001468,2024-05-09,2024,Q2,5,Middle East,UAE,Printer,Enterprise,391,316.52,123758.68,70542.45,9044.38,20931.05,8033.99,108551.87,15206.81,12.29
ORD-004296,2024-05-09,2024,Q2,5,Latin America,Chile,Tablet,Retail,407,481.81,196095.12,101969.46,10514.96,5213.12,5341.32,123038.86,73056.26,37.26
ORD-001018,2024-05-09,2024,Q2,5,Asia Pacific,Singapore,Tablet,Enterprise,203,508.56,103237.99,53683.75,3481.47,2588.5,2508.01,62261.73,40976.26,39.69
ORD-000008,2024-05-10,2024,Q2,5,North America,USA,Laptop,Online,329,909.28,299154.68,173509.72,5087.28,5817.43,5361.29,189775.71,109378.97,36.56
ORD-001098,2024-05-10,2024,Q2,5,Europe,Germany,Desktop,Enterprise,375,806.94,302602.19,181561.32,4482.42,6190.66,7561.01,199795.41,102806.79,33.97
ORD-001052,2024-05-10,2024,Q2,5,North America,USA,Printer,Online,171,281.35,48110.08,27422.74,5875.85,5172.93,4161.15,42632.67,5477.4,11.39
ORD-002281,2024-05-10,2024,Q2,5,Asia Pacific,Japan,Printer,Retail,133,294.3,39142.2,22311.06,2439.48,5244.66,514.6,30509.8,8632.41,22.05
ORD-004434,2024-05-10,2024,Q2,5,Middle East,UAE,Server,Online,191,1974.86,377198.29,256494.84,5985.45,5248.04,3644.75,271373.07,105825.22,28.06
ORD-002042,2024-05-11,2024,Q2,5,North America,USA,Desktop,Enterprise,121,717.12,86771.89,52063.14,2765.25,6799.32,2812.58,64440.29,22331.6,25.74
ORD-003026,2024-05-11,2024,Q2,5,Latin America,Chile,Tablet,Distributor,401,525.64,210783.13,109607.23,7666.54,21625.76,2401.02,141300.54,69482.59,32.96
ORD-002428,2024-05-11,2024,Q2,5,Europe,Germany,Tablet,Online,490,572.12,280339.35,145776.46,5740.4,23275.92,9687.78,184480.55,95858.79,34.19
ORD-000775,2024-05-11,2024,Q2,5,Europe,Spain,Monitor,Online,343,320.85,110051.34,60528.24,9726.64,15241.41,1113.19,86609.48,23441.86,21.3
ORD-000603,2024-05-12,2024,Q2,5,North America,Mexico,Laptop,Distributor,245,781.69,191513.35,111077.74,4645.59,6459.13,4249.49,126431.96,65081.39,33.98
ORD-001224,2024-05-12,2024,Q2,5,Europe,Spain,Server,Online,333,2511.51,836333.98,568707.11,5775.58,6270.04,1546.27,582299.0,254034.99,30.37
ORD-001484,2024-05-12,2024,Q2,5,Asia Pacific,Singapore,Monitor,Online,62,292.87,18158.2,9987.01,1788.28,860.35,767.93,13403.58,4754.63,26.18
ORD-004647,2024-05-13,2024,Q2,5,Europe,Germany,Printer,Online,367,280.32,102876.39,58639.54,7275.43,4974.48,5722.07,76611.53,26264.86,25.53
ORD-004871,2024-05-13,2024,Q2,5,Middle East,Saudi Arabia,Tablet,Distributor,479,558.2,267375.93,139035.48,8097.35,12215.11,4359.92,163707.86,103668.07,38.77
ORD-000483,2024-05-13,2024,Q2,5,Europe,Spain,Tablet,Retail,65,457.67,29748.71,15469.33,1934.84,1614.21,221.34,19239.71,10509.0,35.33
ORD-004749,2024-05-13,2024,Q2,5,Middle East,Saudi Arabia,Monitor,Enterprise,112,280.16,31377.71,17257.74,1943.04,3644.36,661.65,23506.79,7870.92,25.08
ORD-004594,2024-05-13,2024,Q2,5,Middle East,Qatar,Laptop,Distributor,109,982.6,107103.83,62120.22,2183.38,1425.56,712.7,66441.86,40661.97,37.96
ORD-001770,2024-05-13,2024,Q2,5,Middle East,Qatar,Monitor,Online,381,290.3,110604.23,60832.33,13145.75,15123.82,1381.58,90483.47,20120.76,18.19
ORD-003325,2024-05-14,2024,Q2,5,Asia Pacific,Japan,Laptop,Retail,475,896.5,425838.43,246986.29,7413.42,9753.7,11244.61,275398.02,150440.41,35.33
ORD-004286,2024-05-14,2024,Q2,5,Middle East,UAE,Server,Retail,322,2024.17,651782.6,443212.17,10305.98,10553.19,6039.56,470110.9,181671.71,27.87
ORD-000088,2024-05-14,2024,Q2,5,Latin America,Argentina,Desktop,Enterprise,40,805.67,32226.98,19336.19,870.83,2208.12,814.88,23230.03,8996.95,27.92
ORD-002012,2024-05-15,2024,Q2,5,Middle East,Saudi Arabia,Desktop,Retail,120,837.9,100547.55,60328.53,3883.88,4475.43,541.87,69229.71,31317.84,31.15
ORD-004110,2024-05-15,2024,Q2,5,Middle East,Qatar,Laptop,Distributor,125,983.06,122882.29,71271.73,2815.04,2233.24,530.16,76850.17,46032.12,37.46
ORD-004654,2024-05-16,2024,Q2,5,Europe,Germany,Server,Online,119,2013.81,239643.32,162957.46,2754.24,5308.67,624.02,171644.4,67998.92,28.38
ORD-002968,2024-05-16,2024,Q2,5,Asia Pacific,Australia,Tablet,Retail,102,551.86,56289.32,29270.44,2660.35,2322.3,800.31,35053.4,21235.92,37.73
ORD-001083,2024-05-16,2024,Q2,5,Asia Pacific,Australia,Printer,Online,430,251.96,108342.82,61755.41,7044.14,22939.1,6959.56,98698.2,9644.62,8.9
ORD-002764,2024-05-16,2024,Q2,5,North America,Canada,Tablet,Distributor,262,503.66,131959.91,68619.16,4082.3,9310.58,6295.41,88307.45,43652.47,33.08
ORD-003420,2024-05-16,2024,Q2,5,North America,Mexico,Monitor,Online,206,324.69,66885.36,36786.95,7057.31,6777.77,851.63,51473.65,15411.71,23.04
ORD-002101,2024-05-16,2024,Q2,5,Middle East,Saudi Arabia,Monitor,Enterprise,305,274.02,83574.68,45966.07,6632.87,7135.62,3651.45,63386.01,20188.66,24.16
ORD-004455,2024-05-16,2024,Q2,5,Asia Pacific,Australia,Printer,Online,397,296.66,117776.0,67132.32,13693.89,8929.59,3193.79,92949.59,24826.41,21.08
ORD-003942,2024-05-16,2024,Q2,5,Asia Pacific,Australia,Laptop,Retail,464,821.03,380957.43,220955.31,12780.84,23180.97,10795.7,267712.82,113244.61,29.73
ORD-003368,2024-05-16,2024,Q2,5,North America,Mexico,Monitor,Retail,33,259.88,8575.98,4716.79,689.08,1293.25,460.72,7159.84,1416.14,16.51
ORD-002105,2024-05-17,2024,Q2,5,North America,Mexico,Printer,Online,145,284.82,41298.79,23540.31,5018.96,8607.21,2324.04,39490.52,1808.27,4.38
ORD-001932,2024-05-17,2024,Q2,5,Asia Pacific,Singapore,Monitor,Distributor,348,296.05,103023.99,56663.2,3121.77,6683.97,5692.53,72161.47,30862.52,29.96
ORD-003629,2024-05-17,2024,Q2,5,Europe,UK,Server,Online,342,2125.65,726971.45,494340.59,5723.97,7857.85,5223.43,513145.84,213825.61,29.41
ORD-000606,2024-05-17,2024,Q2,5,Middle East,Saudi Arabia,Tablet,Online,314,562.04,176482.1,91770.69,7363.2,17197.49,6800.05,123131.43,53350.67,30.23
ORD-004000,2024-05-17,2024,Q2,5,North America,Canada,Desktop,Retail,430,805.64,346423.27,207853.96,6450.68,8054.24,5281.39,227640.28,118783.0,34.29
ORD-003470,2024-05-18,2024,Q2,5,Europe,UK,Printer,Online,412,305.19,125737.49,71670.37,8921.7,20300.13,2133.25,103025.45,22712.05,18.06
ORD-003911,2024-05-18,2024,Q2,5,North America,USA,Monitor,Enterprise,359,338.73,121602.86,66881.57,8384.01,17765.92,4355.41,97386.92,24215.94,19.91
ORD-002602,2024-05-18,2024,Q2,5,Europe,UK,Printer,Enterprise,78,286.42,22340.75,12734.23,1208.94,1800.53,937.83,16681.53,5659.22,25.33
ORD-000745,2024-05-18,2024,Q2,5,Latin America,Brazil,Server,Enterprise,480,2055.13,986463.83,670795.4,12586.09,7264.98,2019.18,692665.65,293798.18,29.78
ORD-003894,2024-05-18,2024,Q2,5,North America,Mexico,Laptop,Retail,423,867.72,367044.57,212885.85,11432.84,5182.84,4517.09,234018.62,133025.96,36.24
ORD-002608,2024-05-18,2024,Q2,5,Asia Pacific,India,Monitor,Enterprise,14,272.95,3821.35,2101.74,253.37,212.15,113.02,2680.29,1141.06,29.86
ORD-003885,2024-05-19,2024,Q2,5,North America,Mexico,Printer,Online,247,250.26,61815.42,35234.79,5172.5,7908.02,3350.4,51665.71,10149.71,16.42
ORD-003351,2024-05-19,2024,Q2,5,Europe,France,Tablet,Online,390,517.87,201967.96,105023.34,4410.03,5891.39,8992.43,124317.19,77650.78,38.45
ORD-003967,2024-05-19,2024,Q2,5,North America,Mexico,Monitor,Online,130,270.88,35213.97,19367.68,3295.04,1992.44,2056.12,26711.28,8502.69,24.15
ORD-003165,2024-05-19,2024,Q2,5,Europe,France,Monitor,Online,497,260.29,129365.54,71151.05,12612.31,28798.13,8203.65,120765.14,8600.41,6.65
ORD-000739,2024-05-19,2024,Q2,5,Middle East,Saudi Arabia,Server,Retail,134,2002.43,268325.49,182461.33,4660.03,6512.48,2881.36,196515.2,71810.29,26.76
ORD-001611,2024-05-20,2024,Q2,5,North America,Canada,Monitor,Retail,470,326.13,153280.55,84304.3,14845.15,23259.0,10267.99,132676.44,20604.11,13.44
ORD-002769,2024-05-20,2024,Q2,5,Asia Pacific,India,Server,Retail,205,2078.04,425997.78,289678.49,5117.21,6361.03,2709.03,303865.77,122132.01,28.67
ORD-003429,2024-05-20,2024,Q2,5,Europe,Italy,Server,Enterprise,499,2465.59,1230330.53,836624.76,7573.05,24908.56,2447.1,871553.47,358777.07,29.16
ORD-000839,2024-05-20,2024,Q2,5,Asia Pacific,Singapore,Tablet,Distributor,458,547.28,250655.74,130340.99,7696.55,19852.1,4662.06,162551.69,88104.05,35.15
ORD-001638,2024-05-20,2024,Q2,5,Europe,Germany,Printer,Enterprise,388,311.52,120870.53,68896.2,5275.5,21420.12,8440.64,104032.46,16838.06,13.93
ORD-002690,2024-05-20,2024,Q2,5,Europe,Germany,Laptop,Online,131,851.02,111484.04,64660.74,2679.01,2473.54,2326.81,72140.1,39343.94,35.29
ORD-004223,2024-05-20,2024,Q2,5,Asia Pacific,India,Printer,Online,105,310.68,32621.61,18594.32,3107.98,2887.9,909.64,25499.84,7121.77,21.83
ORD-002350,2024-05-21,2024,Q2,5,Latin America,Brazil,Server,Retail,411,2023.63,831710.1,565562.86,10687.44,16254.09,4574.98,597079.38,234630.72,28.21
ORD-002157,2024-05-21,2024,Q2,5,North America,Mexico,Laptop,Online,371,874.78,324542.66,188234.74,3939.9,9266.41,3362.68,204803.73,119738.93,36.89
ORD-002449,2024-05-21,2024,Q2,5,Europe,Spain,Laptop,Online,68,807.88,54935.86,31862.8,2276.45,1513.26,793.74,36446.25,18489.61,33.66
ORD-000786,2024-05-22,2024,Q2,5,Asia Pacific,Australia,Laptop,Online,28,1032.78,28917.85,16772.35,421.64,1152.79,244.78,18591.56,10326.29,35.71
ORD-002335,2024-05-22,2024,Q2,5,Asia Pacific,India,Server,Online,209,2127.76,444702.14,302397.46,5759.91,8583.0,1593.63,318333.99,126368.15,28.42
ORD-001567,2024-05-22,2024,Q2,5,Europe,Germany,Laptop,Retail,227,938.65,213074.13,123583.0,7511.77,11478.67,1422.63,143996.06,69078.07,32.42
ORD-003872,2024-05-22,2024,Q2,5,Europe,Germany,Desktop,Retail,491,749.88,368189.1,220913.46,9146.34,24243.69,4991.03,259294.51,108894.58,29.58
ORD-004799,2024-05-22,2024,Q2,5,Latin America,Brazil,Tablet,Online,350,466.99,163445.98,84991.91,3446.83,15006.69,5122.62,108568.06,54877.93,33.58
ORD-001372,2024-05-22,2024,Q2,5,Middle East,Saudi Arabia,Tablet,Enterprise,298,553.01,164798.02,85694.97,9819.23,14543.71,2764.58,112822.5,51975.52,31.54
ORD-001761,2024-05-22,2024,Q2,5,Middle East,Saudi Arabia,Server,Online,190,2304.26,437810.01,297710.81,6049.52,9125.56,3929.95,316815.83,120994.18,27.64
ORD-004299,2024-05-23,2024,Q2,5,Asia Pacific,Singapore,Laptop,Online,119,947.73,112779.81,65412.29,1957.12,3711.22,2549.72,73630.35,39149.47,34.71
ORD-004846,2024-05-23,2024,Q2,5,Europe,France,Tablet,Distributor,395,473.18,186906.18,97191.21,11518.77,6214.96,8629.04,123553.99,63352.19,33.9
ORD-000164,2024-05-23,2024,Q2,5,North America,USA,Server,Retail,142,2292.12,325480.86,221326.99,4575.47,5593.16,430.97,231926.59,93554.28,28.74
ORD-000183,2024-05-23,2024,Q2,5,North America,Canada,Printer,Online,165,304.57,50254.57,28645.1,4365.22,4096.43,4000.39,41107.14,9147.42,18.2
ORD-004597,2024-05-23,2024,Q2,5,Middle East,UAE,Tablet,Online,446,460.44,205355.82,106785.03,15449.37,24889.47,5645.31,152769.18,52586.64,25.61
ORD-000428,2024-05-23,2024,Q2,5,North America,USA,Printer,Online,318,305.48,97143.82,55371.98,5370.32,17174.55,6712.64,84629.49,12514.33,12.88
ORD-000789,2024-05-24,2024,Q2,5,Asia Pacific,Japan,Printer,Enterprise,483,283.6,136979.25,78078.17,14829.99,13372.18,6609.88,112890.23,24089.02,17.59
ORD-004092,2024-05-24,2024,Q2,5,Europe,Italy,Desktop,Retail,422,644.35,271913.95,163148.37,13701.61,11303.84,9017.96,197171.79,74742.17,27.49
ORD-000686,2024-05-24,2024,Q2,5,Europe,Italy,Desktop,Distributor,389,806.66,313789.85,188273.91,11913.89,20005.48,2306.17,222499.45,91290.41,29.09
ORD-004074,2024-05-25,2024,Q2,5,Asia Pacific,Japan,Printer,Enterprise,93,255.52,23763.34,13545.1,1090.25,4939.14,999.17,20573.67,3189.67,13.42
ORD-000535,2024-05-25,2024,Q2,5,Europe,Germany,Monitor,Online,332,313.18,103974.22,57185.82,3776.73,19580.03,2903.25,83445.83,20528.4,19.74
ORD-001657,2024-05-25,2024,Q2,5,Latin America,Argentina,Desktop,Retail,286,815.47,233223.62,139934.17,4190.59,5510.1,5007.64,154642.51,78581.12,33.69
ORD-001139,2024-05-25,2024,Q2,5,Asia Pacific,Japan,Printer,Enterprise,263,298.91,78614.22,44810.1,5646.57,12488.06,5855.83,68800.55,9813.66,12.48
ORD-004756,2024-05-25,2024,Q2,5,North America,Canada,Printer,Online,213,247.18,52649.37,30010.14,3237.02,4339.8,2730.86,40317.83,12331.54,23.42
ORD-002662,2024-05-26,2024,Q2,5,North America,USA,Server,Retail,80,2121.43,169714.17,115405.64,2109.04,3369.51,784.68,121668.86,48045.31,28.31
ORD-003416,2024-05-26,2024,Q2,5,North America,Canada,Tablet,Online,45,526.64,23698.79,12323.37,564.89,648.05,432.54,13968.85,9729.94,41.06
ORD-000957,2024-05-26,2024,Q2,5,Latin America,Brazil,Server,Retail,471,2455.66,1156616.44,786499.18,8285.86,20248.69,5118.25,820151.99,336464.45,29.09
ORD-002633,2024-05-26,2024,Q2,5,North America,Mexico,Desktop,Online,75,788.71,59153.13,35491.88,2382.04,2522.17,1019.54,41415.63,17737.5,29.99
ORD-000172,2024-05-26,2024,Q2,5,Europe,Italy,Laptop,Retail,297,940.16,279226.33,161951.27,3534.13,13497.67,2923.1,181906.17,97320.16,34.85
ORD-004668,2024-05-27,2024,Q2,5,Latin America,Brazil,Tablet,Retail,75,448.14,33610.75,17477.59,2306.61,1515.81,1577.33,22877.34,10733.4,31.93
ORD-004275,2024-05-27,2024,Q2,5,Europe,Spain,Printer,Online,57,299.61,17077.55,9734.2,1871.06,1314.72,295.13,13215.11,3862.43,22.62
ORD-004379,2024-05-27,2024,Q2,5,Middle East,Qatar,Desktop,Distributor,470,762.6,358423.93,215054.36,15160.59,20430.46,4453.4,255098.82,103325.12,28.83
ORD-001919,2024-05-27,2024,Q2,5,Middle East,UAE,Tablet,Online,419,461.87,193525.5,100633.26,3368.57,19598.86,8477.43,132078.11,61447.38,31.75
ORD-003216,2024-05-27,2024,Q2,5,North America,Mexico,Server,Online,307,1958.43,601239.23,408842.68,3204.11,17942.75,4743.54,434733.08,166506.16,27.69
ORD-000897,2024-05-27,2024,Q2,5,Asia Pacific,India,Desktop,Online,478,793.56,379320.18,227592.11,12192.79,19584.43,2637.67,262007.0,117313.18,30.93
ORD-001703,2024-05-28,2024,Q2,5,Europe,Germany,Monitor,Enterprise,337,259.51,87455.33,48100.43,7907.21,6605.33,1570.68,64183.66,23271.67,26.61
ORD-001978,2024-05-28,2024,Q2,5,North America,Mexico,Laptop,Online,77,860.63,66268.19,38435.55,2181.99,1695.5,730.65,43043.69,23224.49,35.05
ORD-001024,2024-05-28,2024,Q2,5,Asia Pacific,Australia,Printer,Online,490,288.86,141540.44,80678.05,5018.15,22160.74,9265.28,117122.21,24418.23,17.25
ORD-001738,2024-05-28,2024,Q2,5,Asia Pacific,Japan,Server,Distributor,240,1909.46,458269.4,311623.19,7837.44,9220.08,5092.46,333773.17,124496.23,27.17
ORD-001950,2024-05-28,2024,Q2,5,North America,USA,Server,Online,476,2359.15,1122955.13,763609.49,8377.72,27168.92,7181.86,806337.99,316617.14,28.19
ORD-003973,2024-05-28,2024,Q2,5,Middle East,Qatar,Tablet,Distributor,235,471.7,110849.12,57641.54,5205.97,7118.72,5237.39,75203.63,35645.49,32.16
ORD-001825,2024-05-28,2024,Q2,5,North America,Canada,Tablet,Online,467,566.54,264574.73,137578.86,13262.52,18790.6,9813.79,179445.77,85128.96,32.18
ORD-004154,2024-05-29,2024,Q2,5,Asia Pacific,Australia,Printer,Distributor,445,249.96,111231.96,63402.22,10656.03,7486.49,9702.78,91247.52,19984.44,17.97
ORD-000293,2024-05-29,2024,Q2,5,Asia Pacific,Japan,Printer,Online,410,294.29,120658.5,68775.35,8902.2,5860.18,4359.28,87897.0,32761.5,27.15
ORD-000181,2024-05-30,2024,Q2,5,North America,Canada,Monitor,Distributor,297,259.92,77196.41,42458.03,4733.83,7341.94,2790.27,57324.06,19872.35,25.74
ORD-000956,2024-05-30,2024,Q2,5,Asia Pacific,India,Tablet,Online,388,434.65,168642.35,87694.02,13550.01,12813.01,6739.4,120796.44,47845.91,28.37
ORD-003275,2024-05-30,2024,Q2,5,Europe,Italy,Server,Distributor,396,2520.97,998305.83,678847.96,11771.91,7473.95,7504.46,705598.28,292707.55,29.32
ORD-001522,2024-05-30,2024,Q2,5,Asia Pacific,Japan,Server,Online,481,2212.85,1064381.78,723779.61,6604.21,8991.51,3454.98,742830.31,321551.47,30.21
ORD-001648,2024-05-31,2024,Q2,5,Asia Pacific,Singapore,Server,Distributor,290,2333.71,676776.0,460207.68,9463.32,10608.27,6711.03,486990.31,189785.69,28.04
ORD-001434,2024-05-31,2024,Q2,5,Middle East,UAE,Desktop,Online,485,791.05,383659.81,230195.89,14570.84,22290.34,11133.76,278190.82,105468.99,27.49
ORD-003957,2024-05-31,2024,Q2,5,Middle East,UAE,Tablet,Online,340,457.1,155414.91,80815.75,7423.46,15847.12,3495.94,107582.27,47832.64,30.78
ORD-000198,2024-05-31,2024,Q2,5,North America,Mexico,Monitor,Enterprise,195,306.59,59785.41,32881.97,1805.18,9035.17,1932.63,45654.97,14130.44,23.64
ORD-003097,2024-06-01,2024,Q2,6,Europe,Spain,Monitor,Online,493,338.94,167095.37,91902.45,16180.02,10629.0,9721.3,128432.78,38662.59,23.14
ORD-004762,2024-06-01,2024,Q2,6,Asia Pacific,India,Laptop,Online,434,981.19,425837.44,246985.71,10683.17,13690.26,3975.14,275334.28,150503.16,35.34
ORD-000206,2024-06-01,2024,Q2,6,Europe,Italy,Desktop,Enterprise,492,831.25,408975.89,245385.54,5148.14,8475.85,7177.31,266186.83,142789.06,34.91
ORD-003358,2024-06-01,2024,Q2,6,North America,Canada,Laptop,Distributor,222,823.49,182814.69,106032.52,3491.82,11326.99,689.3,121540.64,61274.05,33.52
ORD-000567,2024-06-02,2024,Q2,6,Asia Pacific,Singapore,Monitor,Retail,359,276.73,99347.32,54641.02,4240.46,5661.47,8911.66,73454.61,25892.71,26.06
ORD-003022,2024-06-02,2024,Q2,6,North America,Mexico,Monitor,Distributor,206,342.04,70460.37,38753.21,2403.98,11630.28,1296.41,54083.87,16376.51,23.24
ORD-002360,2024-06-02,2024,Q2,6,North America,Mexico,Laptop,Online,343,991.86,340208.98,197321.21,3136.29,9754.39,5789.0,216000.88,124208.1,36.51
ORD-000340,2024-06-02,2024,Q2,6,Middle East,Saudi Arabia,Printer,Retail,136,259.04,35229.56,20080.85,1303.63,7406.77,1523.46,30314.71,4914.85,13.95
ORD-003209,2024-06-02,2024,Q2,6,North America,Mexico,Printer,Retail,300,265.27,79582.26,45361.89,6676.28,8850.56,2784.92,63673.65,15908.61,19.99
ORD-002945,2024-06-02,2024,Q2,6,Asia Pacific,Japan,Server,Online,203,1956.45,397158.96,270068.09,5754.73,4161.59,1908.8,281893.21,115265.75,29.02
ORD-001042,2024-06-02,2024,Q2,6,Asia Pacific,Japan,Monitor,Enterprise,386,264.8,102211.18,56216.15,11445.84,15081.96,3703.15,86447.1,15764.08,15.42
ORD-004797,2024-06-02,2024,Q2,6,Latin America,Argentina,Laptop,Retail,179,992.05,177577.73,102995.08,5437.89,4088.52,3667.33,116188.82,61388.91,34.57
ORD-003003,2024-06-02,2024,Q2,6,Middle East,UAE,Printer,Distributor,494,273.34,135029.62,76966.88,5412.37,24622.66,5633.22,112635.14,22394.48,16.58
ORD-003708,2024-06-03,2024,Q2,6,Latin America,Brazil,Laptop,Online,257,783.44,201343.36,116779.15,4908.67,14026.36,1843.69,137557.87,63785.5,31.68
ORD-000267,2024-06-03,2024,Q2,6,Middle East,Qatar,Tablet,Retail,428,485.35,207728.39,108018.76,5521.68,22301.5,5260.24,141102.18,66626.21,32.07
ORD-004574,2024-06-03,2024,Q2,6,Middle East,Saudi Arabia,Monitor,Online,312,318.17,99269.85,54598.42,7058.94,3844.89,6838.66,72340.91,26928.94,27.13
ORD-001843,2024-06-03,2024,Q2,6,North America,Mexico,Monitor,Online,117,295.95,34625.87,19044.23,1454.82,2155.49,360.74,23015.29,11610.59,33.53
ORD-000892,2024-06-04,2024,Q2,6,Asia Pacific,Japan,Server,Online,353,2026.06,715200.35,486336.24,5003.87,5298.27,1245.83,497884.21,217316.15,30.39
ORD-003567,2024-06-04,2024,Q2,6,North America,Canada,Tablet,Distributor,245,472.38,115732.11,60180.7,4160.75,3403.22,4871.25,72615.92,43116.19,37.26
ORD-002323,2024-06-04,2024,Q2,6,Europe,UK,Printer,Online,354,272.33,96405.87,54951.35,11487.52,9987.55,8535.56,84961.98,11443.89,11.87
ORD-002299,2024-06-04,2024,Q2,6,Asia Pacific,Australia,Server,Distributor,482,2258.45,1088570.83,740228.16,12186.61,13124.2,11720.65,777259.63,311311.2,28.6
ORD-003855,2024-06-04,2024,Q2,6,Europe,Spain,Tablet,Distributor,142,480.19,68186.74,35457.11,3237.21,6073.65,2194.65,46962.62,21224.12,31.13
ORD-001493,2024-06-04,2024,Q2,6,Asia Pacific,India,Desktop,Retail,132,735.21,97047.76,58228.66,2039.13,1629.93,2672.35,64570.07,32477.69,33.47
ORD-000803,2024-06-05,2024,Q2,6,Asia Pacific,Singapore,Server,Online,308,2103.39,647843.47,440533.56,9751.41,6523.44,7122.52,463930.93,183912.54,28.39
ORD-001293,2024-06-05,2024,Q2,6,Middle East,Saudi Arabia,Monitor,Distributor,495,328.84,162773.52,89525.44,12289.25,9401.11,8689.2,119905.0,42868.53,26.34
ORD-002877,2024-06-05,2024,Q2,6,Middle East,Qatar,Printer,Enterprise,233,240.97,56145.89,32003.16,7753.6,7078.53,5204.51,52039.8,4106.08,7.31
ORD-004970,2024-06-05,2024,Q2,6,Asia Pacific,Japan,Laptop,Online,496,876.29,434641.08,252091.83,16703.81,12598.91,4050.94,285445.5,149195.58,34.33
ORD-000242,2024-06-06,2024,Q2,6,Europe,Germany,Desktop,Enterprise,283,661.56,187221.65,112332.99,7623.34,12876.97,2877.93,135711.23,51510.42,27.51
ORD-001629,2024-06-07,2024,Q2,6,Asia Pacific,India,Server,Distributor,92,2490.3,229108.05,155793.48,1299.17,2678.86,537.17,160308.67,68799.38,30.03
ORD-002070,2024-06-07,2024,Q2,6,Latin America,Chile,Desktop,Online,187,818.59,153075.53,91845.32,3317.77,1987.65,731.64,97882.37,55193.15,36.06
ORD-004113,2024-06-07,2024,Q2,6,Asia Pacific,Singapore,Tablet,Enterprise,445,475.43,211568.1,110015.41,6882.73,16910.06,9667.02,143475.22,68092.88,32.18
ORD-002905,2024-06-07,2024,Q2,6,Asia Pacific,India,Server,Retail,25,2049.27,51231.68,34837.54,309.82,572.32,552.81,36272.5,14959.19,29.2
ORD-001425,2024-06-07,2024,Q2,6,Europe,France,Monitor,Distributor,479,288.69,138281.68,76054.93,3966.49,20409.78,10354.48,110785.68,27496.01,19.88
ORD-001702,2024-06-08,2024,Q2,6,Latin America,Chile,Laptop,Online,410,977.59,400813.33,232471.73,11709.59,15181.69,4711.03,264074.04,136739.3,34.12
ORD-002735,2024-06-08,2024,Q2,6,Latin America,Argentina,Desktop,Distributor,428,716.05,306467.73,183880.64,7937.15,10939.97,5565.46,208323.21,98144.52,32.02
ORD-001177,2024-06-08,2024,Q2,6,Latin America,Brazil,Monitor,Online,382,315.9,120674.45,66370.95,9721.66,8441.17,9515.44,94049.22,26625.23,22.06
ORD-000371,2024-06-08,2024,Q2,6,North America,Canada,Desktop,Retail,42,858.52,36057.72,21634.63,946.33,1039.02,797.42,24417.4,11640.32,32.28
ORD-002865,2024-06-08,2024,Q2,6,Middle East,Qatar,Desktop,Retail,288,776.77,223710.81,134226.49,3050.79,9209.57,1089.39,147576.23,76134.58,34.03
ORD-001955,2024-06-08,2024,Q2,6,Asia Pacific,Japan,Server,Online,65,2056.55,133675.89,90899.61,1308.06,1840.66,962.6,95010.92,38664.97,28.92
ORD-002092,2024-06-09,2024,Q2,6,Latin America,Brazil,Tablet,Online,159,531.75,84548.59,43965.26,4856.31,7585.04,3623.38,60030.0,24518.59,29.0
ORD-004982,2024-06-09,2024,Q2,6,Middle East,UAE,Laptop,Retail,101,1014.95,102509.98,59455.79,2947.39,5084.89,1642.57,69130.64,33379.34,32.56
ORD-000212,2024-06-09,2024,Q2,6,North America,USA,Server,Retail,500,1888.15,944072.8,641969.5,14680.2,9275.13,4209.36,670134.18,273938.62,29.02
ORD-003578,2024-06-09,2024,Q2,6,Middle East,Saudi Arabia,Tablet,Online,21,505.19,10609.01,5516.68,672.0,521.22,369.99,7079.89,3529.11,33.27
ORD-002168,2024-06-09,2024,Q2,6,Latin America,Argentina,Printer,Retail,265,260.9,69139.31,39409.4,4978.48,11387.73,3750.34,59525.96,9613.34,13.9
ORD-000928,2024-06-10,2024,Q2,6,Europe,France,Server,Online,45,2502.62,112617.7,76580.03,502.42,946.89,460.66,78490.01,34127.68,30.3
ORD-002068,2024-06-10,2024,Q2,6,North America,Canada,Desktop,Online,157,661.5,103856.2,62313.72,4509.45,6254.24,2617.9,75695.32,28160.88,27.12
ORD-002809,2024-06-10,2024,Q2,6,Asia Pacific,India,Printer,Online,17,248.65,4227.06,2409.43,495.49,960.99,215.5,4081.41,145.65,3.45
ORD-000055,2024-06-10,2024,Q2,6,Latin America,Chile,Monitor,Enterprise,310,297.98,92373.83,50805.61,6638.96,8334.5,2147.37,67926.44,24447.39,26.47
ORD-002709,2024-06-10,2024,Q2,6,North America,Canada,Printer,Distributor,17,276.05,4692.93,2674.97,332.6,527.12,210.97,3745.66,947.27,20.19
ORD-004345,2024-06-10,2024,Q2,6,Europe,UK,Tablet,Distributor,242,568.15,137492.01,71495.85,5565.32,7462.72,2911.76,87435.65,50056.37,36.41
ORD-003963,2024-06-10,2024,Q2,6,Middle East,Saudi Arabia,Server,Enterprise,410,2284.24,936537.44,636845.46,8102.52,12426.31,6405.97,663780.26,272757.19,29.12
ORD-003087,2024-06-10,2024,Q2,6,Middle East,Saudi Arabia,Server,Retail,237,2297.31,544462.27,370234.34,2265.4,2973.72,766.62,376240.08,168222.19,30.9
ORD-002653,2024-06-11,2024,Q2,6,Europe,UK,Laptop,Online,183,766.98,140357.55,81407.38,2166.27,3353.39,2558.23,89485.27,50872.28,36.24
ORD-004291,2024-06-11,2024,Q2,6,North America,USA,Desktop,Retail,337,793.87,267532.96,160519.78,10323.51,18340.28,5003.13,194186.7,73346.27,27.42
ORD-004054,2024-06-11,2024,Q2,6,North America,Mexico,Printer,Distributor,216,308.71,66680.9,38008.11,2734.01,4561.13,4213.95,49517.21,17163.69,25.74
ORD-002138,2024-06-11,2024,Q2,6,North America,Mexico,Server,Distributor,258,1997.11,515255.53,350373.76,2191.31,9242.51,3905.87,365713.46,149542.08,29.02
ORD-004378,2024-06-12,2024,Q2,6,Europe,Italy,Server,Distributor,165,1927.41,318022.93,216255.59,5080.82,1973.83,1965.29,225275.53,92747.4,29.16
ORD-002241,2024-06-12,2024,Q2,6,Europe,Italy,Desktop,Retail,115,763.84,87842.06,52705.24,2038.27,4653.04,2034.16,61430.72,26411.35,30.07
ORD-002622,2024-06-12,2024,Q2,6,Europe,Germany,Server,Distributor,449,2208.67,991694.36,674352.16,6056.86,22068.35,6350.48,708827.86,282866.5,28.52
ORD-001864,2024-06-12,2024,Q2,6,Europe,UK,Desktop,Online,212,800.97,169805.17,101883.1,7222.28,6343.16,3886.93,119335.48,50469.69,29.72
ORD-001784,2024-06-12,2024,Q2,6,Asia Pacific,Australia,Laptop,Retail,269,899.35,241924.65,140316.3,2345.2,4591.88,1699.25,148952.62,92972.03,38.43
ORD-001491,2024-06-13,2024,Q2,6,Middle East,UAE,Monitor,Enterprise,305,259.13,79034.79,43469.13,7580.13,4657.25,6942.78,62649.29,16385.49,20.73
ORD-004248,2024-06-13,2024,Q2,6,Latin America,Chile,Printer,Distributor,233,267.36,62295.43,35508.39,4173.31,5886.52,5162.69,50730.91,11564.52,18.56
ORD-004902,2024-06-13,2024,Q2,6,Asia Pacific,Australia,Laptop,Online,318,930.73,295971.21,171663.3,5395.05,5928.72,6819.22,189806.29,106164.92,35.87
ORD-000946,2024-06-13,2024,Q2,6,Latin America,Brazil,Monitor,Online,486,334.72,162674.12,89470.77,11314.1,28304.3,7222.58,136311.75,26362.37,16.21
ORD-002158,2024-06-13,2024,Q2,6,North America,Canada,Monitor,Distributor,118,325.38,38394.5,21116.97,1521.84,4751.59,2942.98,30333.39,8061.11,21.0
ORD-002616,2024-06-13,2024,Q2,6,Europe,Spain,Tablet,Retail,340,524.57,178353.64,92743.89,10988.01,15255.19,7079.14,126066.24,52287.41,29.32
ORD-003207,2024-06-14,2024,Q2,6,Europe,France,Monitor,Retail,250,258.92,64729.25,35601.09,6089.45,4566.11,3630.86,49887.51,14841.73,22.93
ORD-004048,2024-06-14,2024,Q2,6,Middle East,Saudi Arabia,Printer,Distributor,393,241.6,94950.08,54121.55,5913.14,5663.1,1427.46,67125.25,27824.83,29.3
ORD-003755,2024-06-14,2024,Q2,6,Asia Pacific,Singapore,Monitor,Retail,38,294.13,11177.03,6147.36,412.85,1154.62,459.08,8173.92,3003.11,26.87
ORD-001345,2024-06-14,2024,Q2,6,Middle East,UAE,Tablet,Enterprise,279,482.75,134686.91,70037.19,2359.14,8928.54,2706.51,84031.39,50655.53,37.61
ORD-000597,2024-06-14,2024,Q2,6,Asia Pacific,India,Tablet,Retail,134,520.97,69809.41,36300.89,2326.33,7081.44,2604.07,48312.72,21496.69,30.79
ORD-003621,2024-06-14,2024,Q2,6,Middle East,Saudi Arabia,Printer,Distributor,294,307.9,90522.72,51597.95,7510.29,6188.25,5552.19,70848.68,19674.04,21.73
ORD-003681,2024-06-14,2024,Q2,6,Middle East,Qatar,Laptop,Retail,249,772.28,192298.5,111533.13,4423.74,4203.2,1688.33,121848.41,70450.1,36.64
ORD-003108,2024-06-15,2024,Q2,6,Europe,France,Tablet,Online,8,496.74,3973.93,2066.44,250.05,223.53,165.19,2705.22,1268.71,31.93
ORD-000463,2024-06-15,2024,Q2,6,Asia Pacific,Singapore,Server,Online,155,2474.2,383500.68,260780.46,2271.77,2707.46,3115.91,268875.59,114625.08,29.89
ORD-000034,2024-06-15,2024,Q2,6,Latin America,Chile,Laptop,Online,465,849.03,394801.04,228984.6,7402.97,26447.9,4870.83,267706.31,127094.73,32.19
ORD-001008,2024-06-16,2024,Q2,6,Middle East,Saudi Arabia,Monitor,Retail,425,292.68,124387.74,68413.26,8857.04,24934.08,6093.92,108298.3,16089.44,12.93
ORD-001943,2024-06-17,2024,Q2,6,Middle East,UAE,Monitor,Distributor,224,330.17,73958.63,40677.25,7082.5,6430.33,2182.18,56372.26,17586.38,23.78
ORD-003648,2024-06-18,2024,Q2,6,North America,Mexico,Monitor,Online,79,312.85,24714.93,13593.21,2064.75,3133.17,1782.63,20573.76,4141.17,16.76
ORD-002972,2024-06-18,2024,Q2,6,Latin America,Brazil,Server,Online,185,2438.94,451204.47,306819.04,3312.56,5402.45,4173.5,319707.55,131496.92,29.14
ORD-001187,2024-06-18,2024,Q2,6,North America,Mexico,Server,Enterprise,365,2217.19,809273.91,550306.26,11494.33,5079.64,5293.88,572174.1,237099.8,29.3
ORD-002573,2024-06-18,2024,Q2,6,Europe,Germany,Tablet,Distributor,60,558.95,33537.13,17439.31,1930.0,1933.1,217.69,21520.1,12017.03,35.83
ORD-000451,2024-06-18,2024,Q2,6,Asia Pacific,Singapore,Laptop,Distributor,67,938.64,62888.56,36475.37,1755.39,1616.37,219.03,40066.16,22822.41,36.29
ORD-003270,2024-06-18,2024,Q2,6,Middle East,Saudi Arabia,Tablet,Distributor,121,514.65,62272.96,32381.94,3303.48,5245.67,2528.13,43459.21,18813.74,30.21
ORD-004442,2024-06-19,2024,Q2,6,Middle East,UAE,Tablet,Retail,237,474.66,112494.23,58497.0,2779.78,10128.6,2119.12,73524.5,38969.73,34.64
ORD-002971,2024-06-19,2024,Q2,6,Middle East,Qatar,Monitor,Online,369,319.33,117832.76,64808.02,8127.01,7937.71,2884.54,83757.28,34075.47,28.92
ORD-002839,2024-06-19,2024,Q2,6,Middle East,UAE,Monitor,Online,6,325.43,1952.58,1073.92,115.07,241.82,19.14,1449.95,502.63,25.74
ORD-003450,2024-06-19,2024,Q2,6,Latin America,Chile,Tablet,Online,219,524.13,114784.44,59687.91,2658.58,6341.17,4673.47,73361.12,41423.32,36.09
ORD-004128,2024-06-19,2024,Q2,6,Asia Pacific,India,Tablet,Retail,454,444.39,201753.33,104911.73,3641.99,27034.98,5210.18,140798.88,60954.45,30.21
ORD-004646,2024-06-19,2024,Q2,6,North America,Mexico,Laptop,Online,47,980.63,46089.5,26731.91,1526.23,1487.91,1013.98,30760.03,15329.46,33.26
ORD-004998,2024-06-19,2024,Q2,6,North America,Canada,Tablet,Retail,374,453.59,169642.34,88214.02,8106.35,12088.62,2906.15,111315.13,58327.21,34.38
ORD-004112,2024-06-19,2024,Q2,6,Europe,Spain,Server,Distributor,366,2206.57,807604.61,549171.14,10850.15,18831.01,4521.08,583373.38,224231.23,27.76
ORD-001054,2024-06-20,2024,Q2,6,North America,Mexico,Laptop,Online,235,817.16,192032.52,111378.86,2785.48,7917.98,3101.43,125183.75,66848.77,34.81
ORD-000752,2024-06-20,2024,Q2,6,North America,USA,Desktop,Online,403,858.12,345821.8,207493.08,5247.08,18867.98,6923.69,238531.83,107289.97,31.02
ORD-004898,2024-06-20,2024,Q2,6,North America,USA,Tablet,Online,477,494.24,235751.41,122590.73,12796.76,20964.02,7673.09,164024.6,71726.8,30.42
ORD-004581,2024-06-20,2024,Q2,6,Asia Pacific,Japan,Printer,Enterprise,335,310.67,104074.5,59322.46,8122.72,19843.16,2327.6,89615.95,14458.55,13.89
ORD-002368,2024-06-21,2024,Q2,6,Latin America,Chile,Tablet,Retail,334,467.07,156001.93,81121.0,11552.43,7087.52,7827.74,107588.69,48413.24,31.03
ORD-000487,2024-06-21,2024,Q2,6,North America,Canada,Server,Enterprise,429,2501.28,1073048.06,729672.68,9049.99,24099.26,5763.85,768585.79,304462.27,28.37
ORD-000467,2024-06-21,2024,Q2,6,Europe,UK,Laptop,Enterprise,44,997.06,43870.45,25444.86,415.03,1537.62,284.84,27682.35,16188.1,36.9
ORD-001862,2024-06-21,2024,Q2,6,Europe,France,Desktop,Retail,74,774.56,57317.53,34390.52,2123.24,4168.85,299.13,40981.73,16335.8,28.5
ORD-004863,2024-06-21,2024,Q2,6,Middle East,Qatar,Tablet,Distributor,498,484.75,241406.92,125531.6,11869.21,7654.08,3211.17,148266.05,93140.87,38.58
ORD-004129,2024-06-21,2024,Q2,6,North America,Mexico,Desktop,Online,185,843.45,156037.58,93622.55,2770.0,10711.33,1683.43,108787.3,47250.28,30.28
ORD-000732,2024-06-21,2024,Q2,6,Asia Pacific,Singapore,Monitor,Enterprise,66,341.75,22555.5,12405.52,908.91,2147.65,701.47,16163.55,6391.95,28.34
ORD-002488,2024-06-22,2024,Q2,6,Middle East,UAE,Desktop,Online,90,656.27,59064.34,35438.61,2651.46,1674.98,1247.23,41012.27,18052.07,30.56
ORD-002416,2024-06-22,2024,Q2,6,North America,Canada,Printer,Online,123,240.39,29567.85,16853.68,1104.92,6607.56,2939.44,27505.6,2062.25,6.97
ORD-003119,2024-06-23,2024,Q2,6,Europe,France,Server,Enterprise,127,2327.7,295617.57,201019.95,2937.43,4670.57,1709.91,210337.86,85279.7,28.85
ORD-004674,2024-06-23,2024,Q2,6,North America,Mexico,Monitor,Enterprise,112,274.11,30700.79,16885.43,3888.99,4226.73,2564.67,27565.83,3134.96,10.21
ORD-002781,2024-06-23,2024,Q2,6,Asia Pacific,Japan,Desktop,Online,287,861.07,247127.25,148276.35,3098.96,2936.2,1229.79,155541.31,91585.94,37.06
ORD-002849,2024-06-23,2024,Q2,6,Europe,Spain,Server,Distributor,363,2330.42,845942.09,575240.62,7643.69,17695.9,6381.0,606961.21,238980.88,28.25
ORD-003425,2024-06-23,2024,Q2,6,Middle East,UAE,Desktop,Distributor,286,857.94,245369.82,147221.89,5367.65,4887.61,2958.29,160435.45,84934.37,34.61
ORD-004625,2024-06-23,2024,Q2,6,North America,USA,Printer,Distributor,268,308.46,82668.51,47121.05,3533.0,9475.46,1031.63,61161.14,21507.37,26.02
ORD-003255,2024-06-24,2024,Q2,6,North America,Canada,Tablet,Retail,497,573.36,284962.13,148180.31,16963.26,26424.32,6633.87,198201.76,86760.37,30.45
ORD-000886,2024-06-25,2024,Q2,6,Europe,France,Desktop,Enterprise,366,666.17,243817.67,146290.6,5490.65,20483.94,4704.48,176969.68,66847.99,27.42
ORD-000419,2024-06-25,2024,Q2,6,Asia Pacific,India,Desktop,Online,108,742.57,80197.09,48118.25,2772.87,1827.63,2615.29,55334.04,24863.04,31.0
ORD-002183,2024-06-25,2024,Q2,6,North America,Canada,Desktop,Retail,41,691.41,28347.7,17008.62,1052.08,1130.06,757.71,19948.47,8399.23,29.63
ORD-000537,2024-06-25,2024,Q2,6,Middle East,Qatar,Tablet,Retail,7,499.16,3494.12,1816.94,141.91,171.84,171.15,2301.85,1192.27,34.12
ORD-003923,2024-06-25,2024,Q2,6,North America,USA,Tablet,Distributor,44,451.3,19857.16,10325.72,1070.74,443.06,817.07,12656.6,7200.57,36.26
ORD-002770,2024-06-25,2024,Q2,6,Asia Pacific,India,Server,Distributor,400,2306.67,922669.49,627415.25,3739.93,21756.82,6697.0,659609.01,263060.48,28.51
ORD-003711,2024-06-27,2024,Q2,6,Middle East,Qatar,Desktop,Online,202,640.63,129406.31,77643.78,1697.99,6789.14,4662.85,90793.76,38612.55,29.84
ORD-004825,2024-06-27,2024,Q2,6,Middle East,Saudi Arabia,Tablet,Retail,335,454.9,152392.81,79244.26,9089.53,12777.57,5384.81,106496.17,45896.64,30.12
ORD-004651,2024-06-27,2024,Q2,6,North America,USA,Monitor,Retail,289,273.15,78941.15,43417.63,7414.57,14165.89,5519.8,70517.9,8423.26,10.67
ORD-004600,2024-06-27,2024,Q2,6,Latin America,Chile,Desktop,Distributor,403,825.83,332807.74,199684.64,5602.14,5228.39,4276.57,214791.74,118015.99,35.46
ORD-004883,2024-06-27,2024,Q2,6,Europe,France,Monitor,Retail,283,255.28,72244.23,39734.33,2594.59,12357.81,2240.62,56927.34,15316.89,21.2
ORD-002427,2024-06-27,2024,Q2,6,Asia Pacific,Australia,Server,Retail,209,2502.51,523024.88,355656.92,3894.0,11032.03,1104.73,371687.67,151337.2,28.93
ORD-003056,2024-06-29,2024,Q2,6,North America,USA,Printer,Online,273,294.28,80337.78,45792.54,9210.27,13075.38,4930.82,73009.01,7328.77,9.12
ORD-000251,2024-06-29,2024,Q2,6,North America,Canada,Monitor,Retail,355,269.45,95654.7,52610.08,7567.43,19127.37,2403.18,81708.07,13946.63,14.58
ORD-003770,2024-06-29,2024,Q2,6,Europe,Spain,Laptop,Distributor,472,916.27,432478.96,250837.79,7600.61,10747.59,9302.64,278488.64,153990.31,35.61
ORD-004326,2024-06-30,2024,Q2,6,Middle East,UAE,Laptop,Enterprise,234,1013.34,237120.73,137530.02,4548.8,5208.85,3695.44,150983.11,86137.62,36.33
ORD-000947,2024-06-30,2024,Q2,6,North America,Mexico,Monitor,Distributor,210,289.94,60887.19,33487.95,5248.58,12592.03,4177.34,55505.9,5381.29,8.84
ORD-002083,2024-07-01,2024,Q3,7,Europe,France,Printer,Retail,55,265.44,14599.05,8321.46,951.82,1402.4,1216.15,11891.83,2707.22,18.54
ORD-004853,2024-07-01,2024,Q3,7,Middle East,Saudi Arabia,Printer,Online,229,311.6,71356.64,40673.29,3163.65,12619.11,3427.51,59883.56,11473.08,16.08
ORD-001872,2024-07-01,2024,Q3,7,Middle East,UAE,Tablet,Online,338,487.79,164873.78,85734.37,6294.52,3671.11,4255.61,99955.6,64918.18,39.37
ORD-001963,2024-07-01,2024,Q3,7,North America,Mexico,Desktop,Online,320,735.59,235389.12,141233.47,8866.89,11677.22,1800.66,163578.24,71810.87,30.51
ORD-002471,2024-07-01,2024,Q3,7,North America,Canada,Desktop,Distributor,347,740.38,256910.76,154146.46,12132.56,11661.71,1683.26,179624.0,77286.77,30.08
ORD-003969,2024-07-01,2024,Q3,7,Middle East,Saudi Arabia,Tablet,Distributor,183,509.93,93317.52,48525.11,4351.95,2056.36,4048.07,58981.49,34336.03,36.79
ORD-003121,2024-07-01,2024,Q3,7,Latin America,Brazil,Tablet,Distributor,93,495.09,46043.77,23942.76,3170.57,3510.35,2310.65,32934.33,13109.44,28.47
ORD-001102,2024-07-01,2024,Q3,7,North America,Mexico,Tablet,Online,232,481.55,111720.37,58094.59,2940.95,2912.97,5586.42,69534.93,42185.45,37.76
ORD-002730,2024-07-01,2024,Q3,7,North America,Canada,Desktop,Online,375,858.75,322030.26,193218.16,4385.12,19908.89,5350.84,222863.0,99167.26,30.79
ORD-002713,2024-07-02,2024,Q3,7,North America,Mexico,Tablet,Retail,333,512.6,170694.53,88761.16,7767.47,19854.2,8134.94,124517.77,46176.77,27.05
ORD-003920,2024-07-02,2024,Q3,7,North America,USA,Laptop,Online,162,784.7,127121.18,73730.28,4926.55,4210.7,1496.81,84364.34,42756.84,33.63
ORD-003771,2024-07-02,2024,Q3,7,North America,Mexico,Tablet,Online,284,538.3,152877.48,79496.29,7209.01,8265.87,3442.79,98413.96,54463.53,35.63
ORD-003945,2024-07-02,2024,Q3,7,Asia Pacific,India,Laptop,Online,210,769.35,161563.85,93707.03,6022.14,11419.19,4554.32,115702.69,45861.16,28.39
ORD-000607,2024-07-02,2024,Q3,7,North America,Mexico,Monitor,Online,301,268.9,80937.97,44515.88,7086.09,10440.2,7058.09,69100.27,11837.7,14.63
ORD-004340,2024-07-03,2024,Q3,7,North America,USA,Desktop,Online,216,680.67,147023.97,88214.38,5245.79,5332.09,876.77,99669.03,47354.94,32.21
ORD-003483,2024-07-03,2024,Q3,7,Asia Pacific,Singapore,Tablet,Online,31,570.8,17694.74,9201.27,258.01,1089.54,139.97,10688.79,7005.95,39.59
ORD-003825,2024-07-03,2024,Q3,7,Europe,France,Laptop,Enterprise,367,860.61,315843.21,183189.06,10116.29,18807.77,7299.54,219412.67,96430.54,30.53
ORD-001444,2024-07-04,2024,Q3,7,Europe,Germany,Server,Online,414,1987.73,822919.19,559585.05,5131.89,14280.59,3311.07,582308.59,240610.59,29.24
ORD-002963,2024-07-05,2024,Q3,7,Latin America,Chile,Desktop,Online,289,642.41,185655.5,111393.3,8067.8,7056.03,3438.88,129956.01,55699.49,30.0
ORD-001027,2024-07-05,2024,Q3,7,Europe,Germany,Desktop,Enterprise,189,653.72,123553.51,74132.11,3224.71,3191.13,832.68,81380.63,42172.88,34.13
ORD-004295,2024-07-05,2024,Q3,7,Asia Pacific,Singapore,Server,Distributor,12,2258.32,27099.88,18427.92,330.84,641.02,63.24,19463.02,7636.86,28.18
ORD-000166,2024-07-05,2024,Q3,7,Middle East,Saudi Arabia,Laptop,Distributor,243,786.99,191238.34,110918.23,2827.3,6431.19,3934.8,124111.52,67126.81,35.1
ORD-004202,2024-07-05,2024,Q3,7,North America,Mexico,Monitor,Enterprise,101,293.69,29662.4,16314.32,2639.49,4083.65,1988.72,25026.18,4636.22,15.63
ORD-001148,2024-07-05,2024,Q3,7,Asia Pacific,Japan,Laptop,Enterprise,30,987.5,29625.11,17182.56,1019.04,1581.86,749.17,20532.64,9092.47,30.69
ORD-003798,2024-07-05,2024,Q3,7,Latin America,Brazil,Server,Distributor,107,2352.08,251672.72,171137.45,1680.46,2173.21,1290.4,176281.52,75391.2,29.96
ORD-004103,2024-07-05,2024,Q3,7,Europe,Spain,Monitor,Retail,92,293.35,26988.59,14843.73,3019.35,3657.35,584.29,22104.72,4883.87,18.1
ORD-002702,2024-07-06,2024,Q3,7,Latin America,Argentina,Server,Distributor,221,2304.48,509289.77,346317.04,2450.21,6085.09,2690.96,357543.3,151746.46,29.8
ORD-003807,2024-07-06,2024,Q3,7,Middle East,Qatar,Monitor,Retail,108,311.45,33636.9,18500.29,3207.47,1622.09,470.39,23800.25,9836.65,29.24
ORD-000070,2024-07-06,2024,Q3,7,North America,USA,Desktop,Retail,258,806.51,208080.22,124848.13,3174.33,6843.81,3203.23,138069.5,70010.71,33.65
ORD-001097,2024-07-06,2024,Q3,7,Asia Pacific,Singapore,Server,Distributor,409,1904.78,779056.4,529758.35,9401.27,7547.35,2783.05,549490.03,229566.37,29.47
ORD-004444,2024-07-06,2024,Q3,7,Middle East,Qatar,Monitor,Online,225,291.51,65590.64,36074.85,5278.92,5355.36,3077.7,49786.84,15803.8,24.09
ORD-004435,2024-07-06,2024,Q3,7,Europe,Spain,Desktop,Enterprise,489,769.46,376267.59,225760.55,7179.22,20633.73,3786.52,257360.02,118907.57,31.6
ORD-002053,2024-07-06,2024,Q3,7,Middle East,Saudi Arabia,Printer,Online,161,290.43,46758.84,26652.54,2918.33,6085.36,4007.26,39663.5,7095.35,15.17
ORD-002129,2024-07-06,2024,Q3,7,Europe,France,Monitor,Enterprise,392,277.81,108900.94,59895.52,12938.93,12628.85,5537.48,91000.78,17900.16,16.44
ORD-002692,2024-07-06,2024,Q3,7,North America,USA,Tablet,Enterprise,349,525.34,183342.64,95338.17,5992.11,9891.16,4734.62,115956.06,67386.58,36.75
ORD-005000,2024-07-07,2024,Q3,7,North America,Mexico,Server,Enterprise,412,2222.21,915549.73,622573.82,12678.84,23282.61,7726.62,666261.89,249287.85,27.23
ORD-003651,2024-07-07,2024,Q3,7,Asia Pacific,Singapore,Server,Enterprise,442,2007.49,887308.62,603369.86,6146.65,19152.01,3823.51,632492.04,254816.58,28.72
ORD-003043,2024-07-07,2024,Q3,7,Europe,Italy,Laptop,Enterprise,231,890.12,205617.05,119257.89,3070.64,11656.04,5540.83,139525.4,66091.65,32.14
ORD-004539,2024-07-07,2024,Q3,7,Asia Pacific,Australia,Monitor,Distributor,126,305.22,38458.27,21152.05,2732.75,4055.71,2214.75,30155.26,8303.01,21.59
ORD-001826,2024-07-08,2024,Q3,7,North America,USA,Desktop,Retail,61,655.23,39969.23,23981.54,669.95,690.64,444.49,25786.62,14182.61,35.48
ORD-000131,2024-07-08,2024,Q3,7,Europe,UK,Monitor,Distributor,298,266.61,79451.21,43698.17,6586.94,17342.68,2644.25,70272.03,9179.18,11.55
ORD-004409,2024-07-08,2024,Q3,7,Asia Pacific,Australia,Server,Distributor,49,2085.69,102198.7,69495.11,1219.47,2793.69,1078.16,74586.44,27612.26,27.02
ORD-001947,2024-07-08,2024,Q3,7,North America,Mexico,Laptop,Distributor,365,780.56,284903.78,165244.19,4001.87,16677.04,5432.36,191355.47,93548.31,32.84
ORD-000025,2024-07-08,2024,Q3,7,North America,Mexico,Server,Enterprise,403,2528.65,1019046.53,692951.64,7865.74,20844.6,6345.42,728007.39,291039.13,28.56
ORD-000478,2024-07-08,2024,Q3,7,Asia Pacific,India,Desktop,Distributor,43,810.21,34839.22,20903.53,830.08,2535.64,362.14,24631.39,10207.83,29.3
ORD-002300,2024-07-08,2024,Q3,7,Latin America,Brazil,Printer,Retail,195,263.99,51477.99,29342.45,5484.6,4212.8,4266.25,43306.11,8171.89,15.87
ORD-004811,2024-07-09,2024,Q3,7,Asia Pacific,India,Server,Online,250,1937.06,484266.01,329300.88,7149.25,4590.34,2079.54,343120.01,141146.0,29.15
ORD-004795,2024-07-09,2024,Q3,7,Europe,UK,Desktop,Enterprise,499,642.72,320715.71,192429.43,11276.03,21254.65,5259.55,230219.65,90496.06,28.22
ORD-002332,2024-07-09,2024,Q3,7,Asia Pacific,India,Laptop,Distributor,455,779.01,354450.58,205581.33,12685.91,17686.4,9186.65,245140.29,109310.28,30.84
ORD-004887,2024-07-09,2024,Q3,7,Europe,UK,Server,Retail,93,2210.37,205564.16,139783.63,2831.84,3782.84,568.12,146966.42,58597.73,28.51
ORD-000255,2024-07-09,2024,Q3,7,Middle East,UAE,Server,Online,231,2187.03,505202.88,343537.96,1920.18,13700.18,4341.89,363500.21,141702.66,28.05
ORD-001220,2024-07-09,2024,Q3,7,Middle East,UAE,Desktop,Online,255,777.94,198373.82,119024.29,3920.57,4643.98,5876.27,133465.11,64908.71,32.72
ORD-003762,2024-07-10,2024,Q3,7,North America,Canada,Desktop,Retail,245,658.3,161284.36,96770.61,8362.97,12174.46,1990.38,119298.42,41985.93,26.03
ORD-003122,2024-07-10,2024,Q3,7,Asia Pacific,Singapore,Server,Enterprise,99,2118.62,209743.4,142625.51,1704.38,4727.06,1271.92,150328.86,59414.54,28.33
ORD-003907,2024-07-10,2024,Q3,7,Latin America,Chile,Monitor,Online,398,343.19,136589.67,75124.32,4814.66,22602.63,1457.48,103999.08,32590.59,23.86
ORD-003999,2024-07-10,2024,Q3,7,Europe,Germany,Server,Distributor,375,2170.41,813902.9,553453.97,9225.83,11202.04,8945.69,582827.53,231075.37,28.39
ORD-000402,2024-07-10,2024,Q3,7,Asia Pacific,Singapore,Monitor,Enterprise,296,278.99,82582.16,45420.19,5034.14,8711.99,3217.61,62383.92,20198.24,24.46
ORD-004006,2024-07-10,2024,Q3,7,Europe,UK,Desktop,Online,379,745.62,282588.24,169552.95,5215.76,7104.07,1577.87,183450.64,99137.6,35.08
ORD-001885,2024-07-10,2024,Q3,7,Asia Pacific,India,Desktop,Distributor,118,828.25,97733.94,58640.36,2805.51,4093.37,398.8,65938.04,31795.9,32.53
ORD-001259,2024-07-10,2024,Q3,7,Middle East,Saudi Arabia,Server,Retail,229,2102.57,481489.13,327412.61,3980.83,8711.32,5103.11,345207.87,136281.26,28.3
ORD-003743,2024-07-10,2024,Q3,7,Latin America,Argentina,Monitor,Enterprise,341,312.77,106653.71,58659.54,4586.41,5798.3,7069.77,76114.01,30539.7,28.63
ORD-003666,2024-07-11,2024,Q3,7,Middle East,Qatar,Server,Enterprise,490,2482.51,1216432.19,827173.89,6807.01,22947.22,11871.68,868799.81,347632.38,28.58
ORD-003141,2024-07-11,2024,Q3,7,North America,Mexico,Laptop,Online,190,1027.53,195230.62,113233.76,4156.42,2753.7,3411.83,123555.7,71674.91,36.71
ORD-003448,2024-07-11,2024,Q3,7,Europe,UK,Desktop,Online,476,679.8,323586.64,194151.98,14296.76,19979.93,6394.04,234822.71,88763.93,27.43
ORD-004426,2024-07-11,2024,Q3,7,Asia Pacific,Australia,Monitor,Retail,490,312.74,153241.75,84282.96,14449.3,7136.89,6543.27,112412.43,40829.33,26.64
ORD-002696,2024-07-12,2024,Q3,7,Asia Pacific,Singapore,Tablet,Retail,477,495.89,236537.38,122999.44,13796.15,7600.31,6840.1,151235.99,85301.39,36.06
ORD-001368,2024-07-12,2024,Q3,7,Europe,UK,Monitor,Online,395,292.88,115687.94,63628.37,6275.71,12361.46,8649.71,90915.26,24772.68,21.41
ORD-000728,2024-07-12,2024,Q3,7,Middle East,Saudi Arabia,Laptop,Retail,216,929.67,200808.03,116468.66,6980.23,7856.66,808.49,132114.04,68694.0,34.21
ORD-003478,2024-07-12,2024,Q3,7,Europe,France,Laptop,Retail,242,986.26,238673.96,138430.9,6393.35,9188.52,4893.75,158906.52,79767.44,33.42
ORD-002676,2024-07-12,2024,Q3,7,Asia Pacific,Australia,Desktop,Distributor,217,649.09,140851.92,84511.15,5508.75,9332.56,4808.4,104160.85,36691.07,26.05
ORD-004297,2024-07-12,2024,Q3,7,Asia Pacific,Singapore,Tablet,Retail,420,537.47,225735.34,117382.38,5533.55,6669.8,4733.3,134319.04,91416.31,40.5
ORD-002435,2024-07-12,2024,Q3,7,North America,USA,Printer,Online,262,316.45,82909.11,47258.19,7352.05,3690.04,3348.46,61648.74,21260.37,25.64
ORD-000918,2024-07-12,2024,Q3,7,Middle East,UAE,Desktop,Distributor,423,822.13,347759.27,208655.56,7956.22,10580.8,5813.81,233006.39,114752.88,33.0
ORD-004381,2024-07-13,2024,Q3,7,North America,Mexico,Desktop,Online,279,670.13,186966.29,112179.77,2405.41,8500.94,5556.41,128642.53,58323.75,31.19
ORD-003562,2024-07-13,2024,Q3,7,North America,USA,Printer,Enterprise,468,239.59,112129.61,63913.88,11139.76,14622.31,8453.26,98129.2,14000.4,12.49
ORD-004322,2024-07-13,2024,Q3,7,North America,Canada,Desktop,Retail,175,728.03,127405.74,76443.44,1700.68,6030.17,3399.97,87574.27,39831.47,31.26
ORD-004242,2024-07-13,2024,Q3,7,North America,Mexico,Tablet,Retail,479,449.97,215537.99,112079.76,12335.27,28296.02,3499.53,156210.58,59327.41,27.53
ORD-002532,2024-07-13,2024,Q3,7,Europe,Italy,Server,Online,390,1957.84,763559.49,519220.46,5002.48,15283.47,4164.47,543670.89,219888.61,28.8
ORD-002875,2024-07-13,2024,Q3,7,North America,Mexico,Printer,Retail,497,273.83,136095.81,77574.61,9823.61,19128.8,8125.27,114652.28,21443.53,15.76
ORD-003423,2024-07-13,2024,Q3,7,North America,Canada,Monitor,Enterprise,57,318.83,18173.55,9995.45,925.16,947.82,229.08,12097.51,6076.04,33.43
ORD-002148,2024-07-14,2024,Q3,7,Europe,France,Server,Retail,248,2044.99,507157.85,344867.34,6420.16,9524.34,1273.66,362085.5,145072.35,28.6
ORD-003350,2024-07-14,2024,Q3,7,North America,Mexico,Tablet,Distributor,375,566.23,212336.65,110415.06,8905.16,12276.72,3072.55,134669.49,77667.16,36.58
ORD-002283,2024-07-14,2024,Q3,7,Middle East,Qatar,Monitor,Distributor,327,294.46,96288.8,52958.84,3619.72,7327.53,5163.53,69069.62,27219.18,28.27
ORD-000809,2024-07-14,2024,Q3,7,Latin America,Argentina,Printer,Enterprise,479,274.22,131350.29,74869.67,10644.73,26355.38,4462.68,116332.46,15017.84,11.43
ORD-004826,2024-07-15,2024,Q3,7,Europe,France,Printer,Online,293,307.5,90097.76,51355.72,9110.69,7237.24,4482.78,72186.42,17911.33,19.88
ORD-003178,2024-07-15,2024,Q3,7,Middle East,Saudi Arabia,Printer,Retail,28,270.63,7577.78,4319.33,519.34,431.98,569.71,5840.36,1737.42,22.93
ORD-004607,2024-07-15,2024,Q3,7,Asia Pacific,Japan,Printer,Enterprise,178,305.37,54355.99,30982.92,3286.23,2049.95,3468.44,39787.53,14568.46,26.8
ORD-002186,2024-07-16,2024,Q3,7,North America,Canada,Server,Enterprise,409,2165.18,885558.16,602179.55,13764.86,23611.67,1712.64,641268.71,244289.44,27.59
ORD-002771,2024-07-16,2024,Q3,7,Middle East,Qatar,Monitor,Online,382,269.17,102821.9,56552.05,13254.09,13979.57,8451.34,92237.05,10584.85,10.29
ORD-000161,2024-07-16,2024,Q3,7,Europe,Italy,Tablet,Online,186,554.42,103121.56,53623.21,4524.67,2567.08,1485.82,62200.79,40920.77,39.68
ORD-001505,2024-07-16,2024,Q3,7,Asia Pacific,Australia,Printer,Enterprise,424,255.37,108275.08,61716.8,11484.96,22238.63,7492.06,102932.44,5342.64,4.93
ORD-000795,2024-07-16,2024,Q3,7,Europe,Spain,Laptop,Online,68,865.57,58858.81,34138.11,2123.57,1682.6,1316.64,39260.92,19597.89,33.3
ORD-002094,2024-07-16,2024,Q3,7,North America,Mexico,Monitor,Enterprise,224,338.4,75801.54,41690.85,7003.14,12473.73,1954.59,63122.3,12679.23,16.73
ORD-001317,2024-07-17,2024,Q3,7,Europe,Spain,Monitor,Retail,469,298.78,140126.1,77069.36,11885.42,9613.74,6092.62,104661.14,35464.96,25.31
ORD-002154,2024-07-17,2024,Q3,7,Europe,France,Printer,Retail,377,253.62,95614.17,54500.08,13019.21,10900.01,2091.2,80510.5,15103.67,15.8
ORD-004822,2024-07-17,2024,Q3,7,North America,USA,Monitor,Retail,483,258.18,124702.93,68586.61,15127.73,21464.61,5216.34,110395.29,14307.64,11.47
ORD-003020,2024-07-17,2024,Q3,7,Europe,UK,Desktop,Distributor,9,686.11,6174.98,3704.99,231.54,470.26,30.27,4437.06,1737.92,28.14
ORD-001901,2024-07-18,2024,Q3,7,Europe,UK,Monitor,Distributor,164,344.85,56556.16,31105.89,2730.22,6300.48,3662.54,43799.13,12757.03,22.56
ORD-002326,2024-07-19,2024,Q3,7,Asia Pacific,Australia,Monitor,Online,235,273.73,64327.03,35379.87,6312.37,9271.58,2157.63,53121.45,11205.58,17.42
ORD-003789,2024-07-19,2024,Q3,7,Asia Pacific,Japan,Desktop,Online,144,709.87,102221.52,61332.91,2456.41,6619.79,2541.2,72950.31,29271.21,28.64
ORD-004114,2024-07-19,2024,Q3,7,North America,USA,Server,Online,34,2095.78,71256.48,48454.41,850.43,841.72,157.32,50303.87,20952.6,29.4
ORD-002693,2024-07-19,2024,Q3,7,Asia Pacific,Japan,Tablet,Retail,229,517.47,118501.06,61620.55,3883.91,11007.43,3723.53,80235.43,38265.63,32.29
ORD-002578,2024-07-19,2024,Q3,7,Europe,Germany,Laptop,Retail,196,824.57,161615.42,93736.94,5882.98,4956.1,2368.57,106944.6,54670.82,33.83
ORD-001041,2024-07-19,2024,Q3,7,Latin America,Argentina,Monitor,Distributor,322,301.14,96966.93,53331.81,7609.56,14067.82,4088.68,79097.87,17869.05,18.43
ORD-000089,2024-07-19,2024,Q3,7,Latin America,Chile,Desktop,Enterprise,254,819.32,208108.24,124864.94,6195.22,14446.21,3717.38,149223.75,58884.49,28.3
ORD-004348,2024-07-19,2024,Q3,7,Asia Pacific,Australia,Printer,Distributor,304,288.31,87645.09,49957.7,2665.03,9666.08,2706.38,64995.2,22649.89,25.84
ORD-000056,2024-07-20,2024,Q3,7,Europe,Germany,Desktop,Distributor,200,651.54,130308.1,78184.86,1611.74,8466.51,3228.12,91491.23,38816.88,29.79
ORD-002505,2024-07-20,2024,Q3,7,Europe,Spain,Server,Enterprise,177,2267.91,401419.3,272965.13,4931.19,10304.89,1706.69,289907.9,111511.41,27.78
ORD-002050,2024-07-20,2024,Q3,7,Europe,UK,Monitor,Distributor,9,275.77,2481.92,1365.06,274.74,222.72,177.28,2039.8,442.12,17.81
ORD-003195,2024-07-20,2024,Q3,7,Middle East,Qatar,Printer,Retail,137,276.99,37947.97,21630.34,2982.46,2988.11,2510.28,30111.19,7836.78,20.65
ORD-000866,2024-07-20,2024,Q3,7,Asia Pacific,Australia,Tablet,Online,97,475.55,46128.61,23986.88,3357.07,4509.77,1043.47,32897.19,13231.42,28.68
ORD-000154,2024-07-21,2024,Q3,7,Latin America,Argentina,Tablet,Retail,341,502.85,171470.51,89164.67,7003.09,10900.9,4807.65,111876.31,59594.21,34.75
ORD-004004,2024-07-21,2024,Q3,7,Europe,France,Monitor,Distributor,482,335.95,161929.37,89061.15,8389.2,15999.74,2240.21,115690.31,46239.06,28.56
ORD-000491,2024-07-21,2024,Q3,7,Latin America,Chile,Server,Online,276,2441.64,673893.52,458247.6,9588.7,13817.62,1529.45,483183.36,190710.16,28.3
ORD-001986,2024-07-21,2024,Q3,7,Europe,Italy,Laptop,Enterprise,480,864.4,414912.27,240649.12,11268.12,12409.8,9644.17,273971.21,140941.06,33.97
ORD-003284,2024-07-21,2024,Q3,7,North America,USA,Printer,Enterprise,59,291.81,17216.9,9813.63,488.34,1552.21,907.96,12762.14,4454.76,25.87
ORD-003577,2024-07-22,2024,Q3,7,North America,USA,Laptop,Online,357,962.92,343763.42,199382.78,4759.02,19202.57,5182.17,228526.55,115236.87,33.52
ORD-002142,2024-07-23,2024,Q3,7,North America,Mexico,Printer,Online,301,281.91,84853.6,48366.55,6959.88,6151.23,1391.94,62869.59,21984.01,25.91
ORD-003434,2024-07-23,2024,Q3,7,Europe,Spain,Tablet,Online,124,472.85,58633.28,30489.31,3623.33,5550.19,2970.44,42633.27,16000.01,27.29
ORD-000613,2024-07-23,2024,Q3,7,Latin America,Argentina,Desktop,Retail,323,730.34,235899.63,141539.78,10401.01,3827.38,2689.46,158457.63,77442.01,32.83
ORD-003074,2024-07-24,2024,Q3,7,Latin America,Brazil,Desktop,Online,339,813.41,275746.41,165447.85,11098.19,12816.03,8281.82,197643.87,78102.54,28.32
ORD-003413,2024-07-24,2024,Q3,7,North America,Mexico,Server,Online,406,2066.19,838873.4,570433.91,10232.07,9023.1,9387.87,599076.95,239796.45,28.59
ORD-000048,2024-07-24,2024,Q3,7,Europe,Italy,Desktop,Retail,392,801.03,314002.04,188401.23,8299.23,22170.3,8342.47,227213.23,86788.81,27.64
ORD-003500,2024-07-24,2024,Q3,7,Europe,France,Desktop,Retail,413,838.61,346344.52,207806.71,12145.55,17091.72,1377.53,238421.51,107923.01,31.16
ORD-001327,2024-07-24,2024,Q3,7,North America,Canada,Desktop,Enterprise,363,695.88,252605.09,151563.05,7908.15,9522.35,3404.48,172398.04,80207.05,31.75
ORD-004372,2024-07-24,2024,Q3,7,North America,Canada,Tablet,Online,152,459.13,69788.37,36289.95,3859.55,1619.33,1885.03,43653.86,26134.51,37.45
ORD-004402,2024-07-24,2024,Q3,7,Europe,Spain,Desktop,Enterprise,449,768.02,344841.29,206904.77,9952.28,26139.27,4003.48,246999.81,97841.48,28.37
ORD-003626,2024-07-25,2024,Q3,7,Asia Pacific,Australia,Printer,Online,143,262.79,37578.38,21419.68,3750.69,7064.63,746.28,32981.27,4597.11,12.23
ORD-000110,2024-07-25,2024,Q3,7,Europe,UK,Desktop,Retail,89,641.68,57109.81,34265.88,1236.02,1476.66,1677.13,38655.68,18454.12,32.31
ORD-003678,2024-07-25,2024,Q3,7,Europe,Spain,Laptop,Distributor,230,798.56,183669.55,106528.34,4273.68,4848.67,2095.85,117746.54,65923.01,35.89
ORD-001389,2024-07-26,2024,Q3,7,North America,Canada,Monitor,Retail,290,274.77,79683.72,43826.05,3991.86,9949.5,5784.35,63551.75,16131.97,20.25
ORD-000196,2024-07-26,2024,Q3,7,Middle East,Saudi Arabia,Server,Distributor,397,2034.7,807777.72,549288.85,13830.78,22897.48,3226.35,589243.45,218534.27,27.05
ORD-003205,2024-07-26,2024,Q3,7,Middle East,Qatar,Laptop,Retail,222,933.61,207261.72,120211.8,1862.72,9634.46,1743.99,133452.97,73808.75,35.61
ORD-001720,2024-07-26,2024,Q3,7,Asia Pacific,Australia,Tablet,Retail,248,447.55,110993.02,57716.37,4042.09,8244.52,1929.9,71932.88,39060.14,35.19
ORD-001310,2024-07-26,2024,Q3,7,North America,USA,Laptop,Retail,100,786.77,78676.77,45632.52,3450.45,5489.26,2350.07,56922.3,21754.46,27.65
ORD-004904,2024-07-27,2024,Q3,7,Latin America,Argentina,Desktop,Retail,404,773.84,312631.84,187579.1,3993.7,11946.65,5404.71,208924.17,103707.66,33.17
ORD-002755,2024-07-27,2024,Q3,7,North America,Canada,Server,Retail,281,2488.91,699383.26,475580.62,7014.53,8119.04,3750.96,494465.14,204918.11,29.3
ORD-002035,2024-07-27,2024,Q3,7,Middle East,Qatar,Printer,Online,306,286.1,87546.7,49901.62,10261.95,14126.37,7609.89,81899.82,5646.88,6.45
ORD-004832,2024-07-27,2024,Q3,7,Latin America,Brazil,Desktop,Retail,482,786.32,379004.15,227402.49,16447.52,9059.42,3984.23,256893.65,122110.5,32.22
ORD-002921,2024-07-28,2024,Q3,7,Asia Pacific,Japan,Laptop,Online,476,893.05,425089.52,246551.92,11770.4,19516.95,5362.51,283201.78,141887.74,33.38
ORD-002800,2024-07-28,2024,Q3,7,Asia Pacific,Singapore,Printer,Distributor,370,244.62,90508.16,51589.65,12652.73,8326.43,4996.15,77564.97,12943.19,14.3
ORD-001268,2024-07-28,2024,Q3,7,North America,Mexico,Desktop,Distributor,237,686.02,162586.95,97552.17,3483.64,10399.72,2313.77,113749.3,48837.64,30.04
ORD-002508,2024-07-28,2024,Q3,7,North America,USA,Monitor,Distributor,370,307.62,113820.57,62601.31,11215.13,15122.75,7996.99,96936.18,16884.38,14.83
ORD-003932,2024-07-28,2024,Q3,7,North America,USA,Server,Online,284,1888.34,536289.48,364676.85,2589.48,11098.91,5383.64,383748.88,152540.6,28.44
ORD-002343,2024-07-28,2024,Q3,7,Asia Pacific,Australia,Tablet,Online,484,489.62,236977.51,123228.3,15790.28,20925.62,2614.99,162559.19,74418.32,31.4
ORD-003640,2024-07-29,2024,Q3,7,Latin America,Brazil,Printer,Online,170,254.38,43244.09,24649.13,3312.53,8448.26,1288.37,37698.29,5545.8,12.82
ORD-002073,2024-07-29,2024,Q3,7,Middle East,UAE,Server,Retail,400,2069.0,827601.39,562768.94,6281.24,17798.86,6010.86,592859.9,234741.48,28.36
ORD-004449,2024-07-29,2024,Q3,7,North America,Canada,Server,Retail,11,2151.21,23663.33,16091.07,166.99,408.65,259.73,16926.42,6736.91,28.47
ORD-004458,2024-07-29,2024,Q3,7,Latin America,Chile,Printer,Enterprise,135,252.78,34124.97,19451.23,3958.74,7028.3,1608.47,32046.74,2078.23,6.09
ORD-002291,2024-07-29,2024,Q3,7,Europe,Italy,Printer,Enterprise,224,260.7,58396.63,33286.08,5483.56,4721.49,3892.3,47383.43,11013.2,18.86
ORD-003271,2024-07-30,2024,Q3,7,North America,Canada,Printer,Retail,114,311.72,35536.55,20255.83,2356.88,6023.32,1902.74,30538.77,4997.77,14.06
ORD-003063,2024-07-30,2024,Q3,7,Asia Pacific,Australia,Laptop,Online,165,1026.19,169321.58,98206.52,5089.46,4360.77,1185.96,108842.71,60478.87,35.72
ORD-004437,2024-07-30,2024,Q3,7,Middle East,Saudi Arabia,Monitor,Retail,387,296.18,114623.18,63042.75,4864.82,19574.41,7538.09,95020.06,19603.12,17.1
ORD-003712,2024-07-30,2024,Q3,7,Latin America,Brazil,Monitor,Retail,174,286.8,49903.93,27447.16,1980.31,10343.0,1845.39,41615.86,8288.07,16.61
ORD-001858,2024-07-31,2024,Q3,7,Middle East,Qatar,Tablet,Online,359,453.35,162751.31,84630.68,5547.94,11998.59,4358.19,106535.4,56215.91,34.54
ORD-002214,2024-07-31,2024,Q3,7,Middle East,UAE,Tablet,Online,276,509.91,140734.64,73182.01,6697.55,15428.66,3094.61,98402.84,42331.81,30.08
ORD-003079,2024-07-31,2024,Q3,7,North America,Canada,Monitor,Enterprise,151,294.98,44542.27,24498.25,1954.9,6403.92,3055.23,35912.3,8629.97,19.37
ORD-001995,2024-07-31,2024,Q3,7,Europe,Germany,Server,Online,263,1965.7,516978.36,351545.29,2282.22,7458.14,3561.62,364847.27,152131.09,29.43
ORD-002438,2024-08-01,2024,Q3,8,Asia Pacific,Singapore,Printer,Distributor,41,290.52,11911.41,6789.5,1319.01,1555.89,939.5,10603.9,1307.51,10.98
ORD-001351,2024-08-01,2024,Q3,8,Latin America,Brazil,Server,Enterprise,230,2295.52,527969.34,359019.15,6620.98,4546.12,3490.64,373676.89,154292.45,29.22
ORD-004713,2024-08-01,2024,Q3,8,Latin America,Argentina,Printer,Online,204,303.52,61918.8,35293.71,2091.09,3624.46,3979.29,44988.56,16930.24,27.34
ORD-002211,2024-08-01,2024,Q3,8,Asia Pacific,Japan,Printer,Online,132,292.44,38602.25,22003.28,4395.57,5768.93,2129.8,34297.58,4304.67,11.15
ORD-000644,2024-08-01,2024,Q3,8,Europe,Germany,Printer,Distributor,154,320.24,49317.24,28110.83,4153.22,1851.4,1123.93,35239.38,14077.86,28.55
ORD-000904,2024-08-02,2024,Q3,8,Asia Pacific,Australia,Printer,Distributor,444,276.33,122688.53,69932.46,7431.76,16162.27,7388.95,100915.44,21773.09,17.75
ORD-004870,2024-08-02,2024,Q3,8,North America,USA,Tablet,Online,373,466.23,173904.3,90430.23,6337.75,20120.18,8956.32,125844.49,48059.81,27.64
ORD-003184,2024-08-02,2024,Q3,8,Asia Pacific,India,Tablet,Retail,165,433.78,71573.66,37218.3,3156.79,2225.12,3149.86,45750.08,25823.59,36.08
ORD-003183,2024-08-02,2024,Q3,8,Europe,UK,Laptop,Online,122,874.89,106737.11,61907.53,4008.23,2217.83,2924.95,71058.53,35678.58,33.43
ORD-000816,2024-08-03,2024,Q3,8,Middle East,Qatar,Desktop,Online,284,811.32,230416.08,138249.65,5325.84,10902.72,2358.33,156836.54,73579.54,31.93
ORD-004979,2024-08-03,2024,Q3,8,Middle East,UAE,Monitor,Distributor,475,277.55,131834.15,72508.78,13428.74,26443.63,5852.93,118234.08,13600.07,10.32
ORD-001175,2024-08-03,2024,Q3,8,Asia Pacific,Singapore,Tablet,Distributor,48,459.09,22036.19,11458.82,1202.81,989.69,947.87,14599.19,7437.0,33.75
ORD-001065,2024-08-03,2024,Q3,8,Asia Pacific,Japan,Printer,Retail,97,297.41,28848.32,16443.54,2765.32,4385.08,1980.92,25574.87,3273.45,11.35
ORD-002903,2024-08-03,2024,Q3,8,Middle East,Saudi Arabia,Desktop,Distributor,492,822.07,404457.28,242674.37,4567.51,18015.35,3641.76,268898.98,135558.3,33.52
ORD-004848,2024-08-03,2024,Q3,8,Europe,Spain,Laptop,Enterprise,177,973.92,172384.35,99982.92,3972.74,9330.17,2897.54,116183.37,56200.98,32.6
ORD-001210,2024-08-03,2024,Q3,8,North America,Mexico,Desktop,Enterprise,428,811.81,347454.27,208472.56,11603.21,18926.49,2579.73,241582.0,105872.27,30.47
ORD-000068,2024-08-04,2024,Q3,8,North America,USA,Desktop,Retail,223,662.33,147698.92,88619.35,3481.21,9746.93,2032.18,103879.67,43819.25,29.67
ORD-004851,2024-08-04,2024,Q3,8,Europe,Germany,Server,Online,85,2416.05,205364.33,139647.75,2103.68,4468.46,1138.87,147358.75,58005.58,28.25
ORD-001517,2024-08-04,2024,Q3,8,Asia Pacific,India,Server,Enterprise,120,2254.43,270532.03,183961.78,4079.4,2593.02,1962.48,192596.67,77935.35,28.81
ORD-001944,2024-08-04,2024,Q3,8,Asia Pacific,Japan,Server,Retail,323,2453.18,792376.65,538816.12,8727.61,5590.31,5760.96,558895.01,233481.64,29.47
ORD-000410,2024-08-04,2024,Q3,8,North America,USA,Printer,Enterprise,240,310.77,74585.44,42513.7,4670.6,11427.96,4652.89,63265.15,11320.29,15.18
ORD-004519,2024-08-04,2024,Q3,8,Asia Pacific,Australia,Desktop,Online,30,764.09,22922.69,13753.61,261.01,637.22,609.83,15261.67,7661.02,33.42
ORD-000459,2024-08-04,2024,Q3,8,Europe,Germany,Desktop,Enterprise,385,800.34,308132.31,184879.39,11796.82,16456.95,1467.92,214601.08,93531.24,30.35
ORD-001161,2024-08-05,2024,Q3,8,North America,USA,Desktop,Online,275,742.95,204312.11,122587.26,6377.28,6070.99,2346.46,137381.99,66930.12,32.76
ORD-002776,2024-08-05,2024,Q3,8,Asia Pacific,India,Tablet,Online,415,511.59,212309.96,110401.18,5306.76,10663.02,9879.95,136250.91,76059.05,35.82
ORD-000838,2024-08-05,2024,Q3,8,North America,Canada,Printer,Enterprise,472,258.47,121999.67,69539.81,4637.94,13244.98,10052.25,97474.98,24524.69,20.1
ORD-000351,2024-08-05,2024,Q3,8,North America,Mexico,Laptop,Distributor,62,771.59,47838.79,27746.5,658.65,3258.84,1334.82,32998.8,14840.0,31.02
ORD-003194,2024-08-05,2024,Q3,8,Asia Pacific,Singapore,Printer,Retail,224,239.9,53737.53,30630.39,6397.24,12422.33,2353.69,51803.66,1933.88,3.6
ORD-003210,2024-08-06,2024,Q3,8,Europe,France,Tablet,Distributor,262,436.09,114256.13,59413.19,3736.68,13673.74,3798.61,80622.21,33633.92,29.44
ORD-002345,2024-08-06,2024,Q3,8,Europe,Germany,Desktop,Retail,227,808.01,183418.36,110051.02,3655.47,10328.48,2150.8,126185.76,57232.6,31.2
ORD-003526,2024-08-07,2024,Q3,8,North America,USA,Server,Retail,481,2215.28,1065550.12,724574.08,6236.43,8336.53,8841.98,747989.03,317561.09,29.8
ORD-000147,2024-08-07,2024,Q3,8,Latin America,Chile,Tablet,Retail,347,506.52,175762.87,91396.69,5406.17,5407.56,1575.81,103786.24,71976.63,40.95
ORD-002260,2024-08-07,2024,Q3,8,North America,Mexico,Tablet,Distributor,387,567.95,219796.89,114294.38,11897.48,5885.38,6079.04,138156.28,81640.61,37.14
ORD-003813,2024-08-07,2024,Q3,8,Asia Pacific,Australia,Laptop,Distributor,174,790.07,137472.67,79734.15,4760.33,8569.34,2730.49,95794.31,41678.36,30.32
ORD-004599,2024-08-07,2024,Q3,8,North America,USA,Server,Retail,146,1975.56,288431.75,196133.59,3268.07,3362.46,2212.23,204976.35,83455.4,28.93
ORD-003496,2024-08-08,2024,Q3,8,Latin America,Argentina,Desktop,Enterprise,108,845.2,91281.2,54768.72,1930.6,5109.59,2479.78,64288.69,26992.51,29.57
ORD-004767,2024-08-08,2024,Q3,8,North America,Canada,Monitor,Retail,192,288.65,55421.6,30481.88,1774.51,3348.29,3733.69,39338.37,16083.23,29.02
ORD-003032,2024-08-08,2024,Q3,8,Latin America,Brazil,Printer,Retail,229,314.01,71907.74,40987.41,4992.16,3849.16,5691.49,55520.22,16387.52,22.79
ORD-004266,2024-08-08,2024,Q3,8,Europe,Germany,Server,Retail,378,2194.79,829629.63,564148.15,11991.41,5264.52,6354.72,587758.8,241870.83,29.15
ORD-004558,2024-08-09,2024,Q3,8,North America,Canada,Monitor,Retail,401,327.28,131240.54,72182.3,7717.68,8078.65,4545.09,92523.72,38716.82,29.5
ORD-002389,2024-08-09,2024,Q3,8,Europe,UK,Server,Online,351,2287.67,802971.24,546020.44,3771.83,6595.86,4076.6,560464.73,242506.5,30.2
ORD-002524,2024-08-10,2024,Q3,8,North America,USA,Laptop,Online,177,963.07,170462.83,98868.44,2355.29,8602.31,3634.87,113460.92,57001.91,33.44
ORD-001381,2024-08-10,2024,Q3,8,Europe,France,Desktop,Retail,257,851.53,218842.01,131305.21,6444.97,7930.12,2073.42,147753.72,71088.3,32.48
ORD-003800,2024-08-11,2024,Q3,8,Asia Pacific,Japan,Monitor,Retail,392,260.0,101920.24,56056.13,4787.98,4195.95,6482.35,71522.42,30397.82,29.83
ORD-001203,2024-08-11,2024,Q3,8,Asia Pacific,Australia,Desktop,Online,49,850.29,41663.97,24998.38,1373.96,2551.48,234.55,29158.37,12505.6,30.02
ORD-004256,2024-08-11,2024,Q3,8,North America,Canada,Server,Online,357,1998.8,713571.96,485228.94,10184.77,20042.84,6097.04,521553.59,192018.38,26.91
ORD-004905,2024-08-11,2024,Q3,8,Europe,Spain,Printer,Enterprise,480,283.94,136290.48,77685.57,12331.95,15298.77,4196.98,109513.27,26777.21,19.65
ORD-000536,2024-08-11,2024,Q3,8,Europe,Italy,Desktop,Enterprise,91,703.42,64011.26,38406.76,3132.06,2432.02,1313.77,45284.6,18726.66,29.26
ORD-004598,2024-08-11,2024,Q3,8,Europe,Italy,Monitor,Enterprise,423,261.88,110776.33,60926.98,8811.18,15697.21,2077.42,87512.8,23263.54,21.0
ORD-004162,2024-08-12,2024,Q3,8,Europe,UK,Printer,Distributor,385,238.94,91992.56,52435.76,3319.5,4446.61,7730.96,67932.83,24059.74,26.15
ORD-000736,2024-08-12,2024,Q3,8,Asia Pacific,India,Monitor,Enterprise,144,270.83,38998.9,21449.39,3442.74,7065.27,2249.3,34206.71,4792.19,12.29
ORD-001363,2024-08-12,2024,Q3,8,Asia Pacific,Singapore,Server,Online,159,1890.48,300586.12,204398.56,1784.21,8380.3,3300.7,217863.76,82722.36,27.52
ORD-002868,2024-08-12,2024,Q3,8,Middle East,UAE,Server,Enterprise,495,2309.16,1143031.81,777261.63,12644.74,27024.12,8378.7,825309.18,317722.63,27.8
ORD-000230,2024-08-13,2024,Q3,8,Asia Pacific,Japan,Printer,Distributor,302,301.99,91199.74,51983.85,4993.54,5654.02,4106.64,66738.05,24461.69,26.82
ORD-003772,2024-08-13,2024,Q3,8,Asia Pacific,Australia,Printer,Online,371,279.73,103779.1,59154.08,12067.73,14475.32,8804.86,94501.99,9277.11,8.94
ORD-004636,2024-08-13,2024,Q3,8,North America,Mexico,Server,Distributor,423,2329.12,985219.22,669949.07,11398.02,24527.95,10410.25,716285.29,268933.93,27.3
ORD-001155,2024-08-13,2024,Q3,8,Middle East,Saudi Arabia,Server,Enterprise,405,1901.76,770214.14,523745.62,8661.49,8797.62,2074.7,543279.43,226934.71,29.46
ORD-001159,2024-08-13,2024,Q3,8,Latin America,Chile,Printer,Enterprise,449,321.13,144189.14,82187.81,6167.15,24372.17,3038.81,115765.95,28423.19,19.71
ORD-003910,2024-08-14,2024,Q3,8,Europe,France,Laptop,Enterprise,215,867.2,186448.26,108139.99,2813.63,2214.23,2532.96,115700.81,70747.45,37.94
ORD-002046,2024-08-14,2024,Q3,8,Europe,Spain,Laptop,Enterprise,208,1021.47,212466.1,123230.34,4944.72,3278.32,796.48,132249.86,80216.24,37.75
ORD-002287,2024-08-14,2024,Q3,8,Asia Pacific,India,Tablet,Online,434,443.21,192353.37,100023.75,7825.82,25273.87,4108.85,137232.29,55121.08,28.66
ORD-002822,2024-08-14,2024,Q3,8,Europe,France,Tablet,Distributor,76,542.11,41200.7,21424.36,1253.75,3383.66,1512.18,27573.95,13626.75,33.07
ORD-002337,2024-08-14,2024,Q3,8,Europe,Germany,Tablet,Retail,413,567.11,234214.44,121791.51,11045.07,19403.97,4165.32,156405.87,77808.57,33.22
ORD-002796,2024-08-14,2024,Q3,8,Middle East,UAE,Tablet,Enterprise,389,430.59,167499.63,87099.81,5093.91,21624.01,4761.78,118579.5,48920.13,29.21
ORD-003794,2024-08-14,2024,Q3,8,Middle East,Qatar,Desktop,Retail,78,810.43,63213.77,37928.26,1797.26,3611.99,1214.66,44552.17,18661.6,29.52
ORD-002228,2024-08-14,2024,Q3,8,Europe,UK,Server,Online,335,2141.05,717253.15,487732.15,8643.65,14404.11,3118.76,513898.67,203354.49,28.35
ORD-000692,2024-08-15,2024,Q3,8,Europe,France,Laptop,Online,410,980.0,401798.02,233042.85,4906.91,7342.14,5655.84,250947.75,150850.27,37.54
ORD-004985,2024-08-15,2024,Q3,8,Europe,France,Laptop,Online,400,856.67,342668.39,198747.66,11404.98,22598.74,7913.53,240664.92,102003.47,29.77
ORD-004243,2024-08-15,2024,Q3,8,Asia Pacific,Singapore,Desktop,Distributor,423,711.01,300758.9,180455.34,5604.96,9119.18,9968.06,205147.54,95611.36,31.79
ORD-000815,2024-08-15,2024,Q3,8,Middle East,Qatar,Monitor,Distributor,495,333.33,164999.27,90749.6,7472.33,26779.54,8706.44,133707.92,31291.35,18.96
ORD-000715,2024-08-16,2024,Q3,8,Middle East,UAE,Monitor,Retail,231,299.93,69283.03,38105.66,3995.87,8120.63,5602.67,55824.83,13458.2,19.42
ORD-004997,2024-08-16,2024,Q3,8,Latin America,Argentina,Server,Distributor,317,2289.11,725648.69,493441.11,9610.03,4770.49,2331.1,510152.73,215495.96,29.7
ORD-003595,2024-08-17,2024,Q3,8,Europe,Italy,Monitor,Distributor,365,295.72,107939.62,59366.79,4620.04,20175.31,7831.62,91993.76,15945.86,14.77
ORD-003212,2024-08-17,2024,Q3,8,Asia Pacific,India,Server,Retail,385,2528.23,973368.89,661890.85,5849.42,20447.52,4240.56,692428.34,280940.56,28.86
ORD-002843,2024-08-17,2024,Q3,8,Latin America,Chile,Laptop,Online,101,971.63,98135.08,56918.35,2245.65,3241.39,408.73,62814.13,35320.96,35.99
ORD-000226,2024-08-17,2024,Q3,8,Europe,Italy,Desktop,Distributor,384,689.92,264930.51,158958.31,9229.62,9331.27,7516.46,185035.66,79894.85,30.16
ORD-000119,2024-08-18,2024,Q3,8,Europe,Spain,Printer,Retail,277,285.95,79208.32,45148.74,8395.25,8957.1,5543.84,68044.94,11163.38,14.09
ORD-001467,2024-08-18,2024,Q3,8,Europe,Spain,Server,Enterprise,125,2011.22,251403.05,170954.07,2594.83,2965.6,2854.7,179369.2,72033.85,28.65
ORD-002021,2024-08-18,2024,Q3,8,Europe,Germany,Desktop,Enterprise,370,711.62,263300.44,157980.27,10879.44,8928.83,7853.79,185642.33,77658.11,29.49
ORD-000084,2024-08-18,2024,Q3,8,North America,Mexico,Tablet,Retail,367,518.19,190177.4,98892.25,11129.95,14558.05,8156.25,132736.5,57440.9,30.2
ORD-002424,2024-08-19,2024,Q3,8,Latin America,Argentina,Laptop,Distributor,367,789.77,289846.69,168111.08,8680.0,3952.69,1898.23,182642.0,107204.69,36.99
ORD-001894,2024-08-19,2024,Q3,8,Latin America,Brazil,Laptop,Retail,161,807.19,129957.55,75375.38,4167.23,3193.17,3799.84,86535.62,43421.93,33.41
ORD-001921,2024-08-19,2024,Q3,8,Europe,Spain,Desktop,Distributor,174,758.81,132033.02,79219.81,2736.78,8294.26,3539.82,93790.67,38242.36,28.96
ORD-004861,2024-08-19,2024,Q3,8,Europe,France,Laptop,Online,455,884.89,402626.28,233523.24,8765.26,6828.4,8172.4,257289.3,145336.98,36.1
ORD-004655,2024-08-19,2024,Q3,8,Asia Pacific,Australia,Server,Distributor,23,2373.79,54597.14,37126.06,741.44,883.36,173.75,38924.61,15672.53,28.71
ORD-002466,2024-08-20,2024,Q3,8,Latin America,Brazil,Monitor,Enterprise,72,277.01,19944.75,10969.61,1984.75,2375.94,1750.15,17080.45,2864.29,14.36
ORD-000636,2024-08-20,2024,Q3,8,Asia Pacific,Singapore,Server,Retail,258,2276.82,587419.83,399445.48,2389.95,4618.9,1180.92,407635.25,179784.58,30.61
ORD-002889,2024-08-20,2024,Q3,8,North America,USA,Laptop,Retail,413,856.22,353617.61,205098.21,13808.52,9949.28,2815.78,231671.79,121945.82,34.49
ORD-004685,2024-08-20,2024,Q3,8,Europe,Germany,Server,Retail,366,2420.14,885770.33,602323.83,7848.9,6679.17,2884.79,619736.69,266033.65,30.03
ORD-000689,2024-08-20,2024,Q3,8,Europe,Italy,Desktop,Retail,131,801.86,105043.99,63026.4,2851.19,3202.55,696.86,69777.0,35267.0,33.57
ORD-002030,2024-08-21,2024,Q3,8,Asia Pacific,Singapore,Printer,Distributor,445,284.12,126433.6,72067.15,4321.57,5386.02,7095.1,88869.84,37563.76,29.71
ORD-001990,2024-08-22,2024,Q3,8,Asia Pacific,Singapore,Tablet,Online,172,524.07,90140.69,46873.16,2526.35,9058.58,3177.71,61635.8,28504.89,31.62
ORD-002821,2024-08-22,2024,Q3,8,Middle East,Saudi Arabia,Monitor,Retail,313,324.47,101559.07,55857.49,8723.12,17670.4,2190.39,84441.4,17117.68,16.85
ORD-003402,2024-08-22,2024,Q3,8,Middle East,Qatar,Printer,Retail,299,319.09,95408.56,54382.88,5695.45,8452.05,3424.86,71955.24,23453.32,24.58
ORD-000443,2024-08-22,2024,Q3,8,Middle East,Qatar,Laptop,Retail,148,957.34,141687.01,82178.47,3915.76,2258.93,2181.8,90534.96,51152.05,36.1
ORD-002520,2024-08-22,2024,Q3,8,Asia Pacific,India,Laptop,Online,382,1016.67,388367.0,225252.86,11196.93,18765.88,5336.6,260552.27,127814.72,32.91
ORD-002783,2024-08-22,2024,Q3,8,Asia Pacific,Singapore,Server,Enterprise,53,2385.67,126440.32,85979.41,1120.92,751.99,528.75,88381.08,38059.24,30.1
ORD-003739,2024-08-23,2024,Q3,8,Europe,Germany,Tablet,Enterprise,40,474.64,18985.72,9872.57,1317.99,1329.73,899.09,13419.38,5566.33,29.32
ORD-004712,2024-08-23,2024,Q3,8,Middle East,Saudi Arabia,Tablet,Online,29,538.54,15617.63,8121.17,267.35,1084.67,312.26,9785.44,5832.19,37.34
ORD-001985,2024-08-23,2024,Q3,8,Europe,Germany,Laptop,Enterprise,119,897.64,106819.29,61955.19,3402.73,1216.24,625.78,67199.93,39619.35,37.09
ORD-000575,2024-08-23,2024,Q3,8,Europe,Italy,Desktop,Distributor,131,840.01,110040.7,66024.42,2256.09,5817.22,1717.99,75815.72,34224.97,31.1
ORD-000761,2024-08-23,2024,Q3,8,Asia Pacific,India,Monitor,Online,426,315.92,134581.79,74019.98,9519.68,8946.57,5610.86,98097.09,36484.7,27.11
ORD-004107,2024-08-24,2024,Q3,8,Asia Pacific,Singapore,Desktop,Online,340,772.41,262617.77,157570.66,3611.47,10990.97,4305.95,176479.06,86138.71,32.8
ORD-000986,2024-08-24,2024,Q3,8,Europe,UK,Printer,Retail,10,319.15,3191.54,1819.18,139.12,144.83,69.75,2172.88,1018.66,31.92
ORD-001731,2024-08-24,2024,Q3,8,Europe,Spain,Desktop,Online,494,856.46,423090.99,253854.59,15207.13,10000.7,3797.23,282859.65,140231.34,33.14
ORD-004892,2024-08-24,2024,Q3,8,North America,Mexico,Desktop,Online,233,745.27,173647.34,104188.4,6112.68,6240.64,1498.07,118039.79,55607.55,32.02
ORD-001982,2024-08-25,2024,Q3,8,Europe,Spain,Tablet,Distributor,100,538.63,53862.58,28008.54,3317.71,4033.2,415.4,35774.86,18087.72,33.58
ORD-003764,2024-08-25,2024,Q3,8,Latin America,Argentina,Monitor,Distributor,351,293.26,102932.98,56613.14,8885.83,15866.43,1600.51,82965.91,19967.07,19.4
ORD-003865,2024-08-25,2024,Q3,8,Europe,France,Desktop,Distributor,401,848.42,340218.04,204130.82,10552.16,13275.03,5092.66,233050.68,107167.36,31.5
ORD-002246,2024-08-25,2024,Q3,8,North America,Mexico,Desktop,Enterprise,220,786.09,172939.62,103763.77,5781.17,11375.01,2095.1,123015.06,49924.56,28.87
ORD-001789,2024-08-25,2024,Q3,8,Middle East,Saudi Arabia,Monitor,Online,386,344.54,132992.62,73145.94,9642.12,5905.87,7911.95,96605.88,36386.74,27.36
ORD-003561,2024-08-26,2024,Q3,8,Asia Pacific,Japan,Printer,Distributor,164,282.73,46367.45,26429.44,3339.63,4221.47,3782.31,37772.84,8594.6,18.54
ORD-000645,2024-08-26,2024,Q3,8,North America,USA,Server,Distributor,133,2247.49,298915.87,203262.79,4018.43,3771.45,2332.08,213384.75,85531.11,28.61
ORD-004208,2024-08-26,2024,Q3,8,North America,USA,Printer,Online,71,288.78,20503.44,11686.96,1960.63,1277.13,1541.7,16466.42,4037.02,19.69
ORD-003433,2024-08-26,2024,Q3,8,Europe,France,Monitor,Distributor,462,264.86,122363.74,67300.06,11764.9,21815.73,2010.83,102891.52,19472.22,15.91
ORD-004273,2024-08-26,2024,Q3,8,North America,Canada,Tablet,Retail,147,514.52,75634.43,39329.9,4810.7,1837.29,2805.47,48783.37,26851.06,35.5
ORD-004199,2024-08-28,2024,Q3,8,Middle East,Qatar,Tablet,Enterprise,418,457.06,191051.56,99346.81,7425.49,21061.06,2075.89,129909.24,61142.31,32.0
ORD-001859,2024-08-29,2024,Q3,8,Middle East,UAE,Laptop,Distributor,337,972.74,327813.2,190131.65,7323.82,13933.33,2162.92,213551.73,114261.47,34.86
ORD-003342,2024-08-29,2024,Q3,8,Asia Pacific,India,Tablet,Retail,373,521.94,194682.66,101234.98,11748.57,17987.65,6234.47,137205.67,57476.98,29.52
ORD-001893,2024-08-29,2024,Q3,8,North America,Canada,Monitor,Distributor,387,312.1,120784.47,66431.46,4654.46,8746.57,6907.92,86740.4,34044.07,28.19
ORD-000039,2024-08-29,2024,Q3,8,Latin America,Brazil,Printer,Retail,321,283.6,91035.55,51890.26,7468.37,8468.99,7222.49,75050.12,15985.43,17.56
ORD-001660,2024-08-29,2024,Q3,8,Middle East,Qatar,Tablet,Retail,343,432.26,148266.36,77098.51,7538.0,6646.35,7269.07,98551.92,49714.44,33.53
ORD-001515,2024-08-29,2024,Q3,8,Europe,Italy,Laptop,Distributor,297,868.44,257926.12,149597.15,4534.36,14835.03,1774.31,170740.86,87185.27,33.8
ORD-001361,2024-08-29,2024,Q3,8,Asia Pacific,Australia,Laptop,Online,260,952.46,247639.46,143630.89,5094.85,15549.35,3197.7,167472.79,80166.67,32.37
ORD-002201,2024-08-30,2024,Q3,8,Europe,Italy,Desktop,Online,425,749.72,318629.45,191177.67,6359.94,14983.85,2090.42,214611.87,104017.58,32.65
ORD-000712,2024-08-30,2024,Q3,8,North America,Mexico,Printer,Online,166,252.92,41984.96,23931.43,3792.38,2382.2,1827.89,31933.89,10051.07,23.94
ORD-004439,2024-08-30,2024,Q3,8,Europe,Italy,Printer,Distributor,153,245.23,37519.51,21386.12,1678.89,5908.47,817.24,29790.72,7728.78,20.6
ORD-000871,2024-08-31,2024,Q3,8,Middle East,Saudi Arabia,Desktop,Distributor,417,855.39,356699.02,214019.41,12309.21,7393.69,1860.5,235582.82,121116.21,33.95
ORD-004516,2024-08-31,2024,Q3,8,Europe,Germany,Tablet,Distributor,330,538.78,177796.9,92454.39,4832.83,6285.59,1950.53,105523.34,72273.56,40.65
ORD-001763,2024-08-31,2024,Q3,8,Europe,Germany,Desktop,Distributor,89,793.99,70665.21,42399.13,1145.48,3985.36,1073.98,48603.94,22061.27,31.22
ORD-002951,2024-09-01,2024,Q3,9,North America,USA,Laptop,Enterprise,439,818.77,359439.91,208475.15,14067.59,19168.04,7094.27,248805.05,110634.86,30.78
ORD-001125,2024-09-01,2024,Q3,9,Asia Pacific,Australia,Desktop,Online,367,772.64,283558.12,170134.87,6152.63,4703.13,8852.3,189842.93,93715.19,33.05
ORD-002568,2024-09-01,2024,Q3,9,Europe,Spain,Server,Online,463,2065.55,956351.21,650318.82,3826.65,5990.4,3215.13,663351.01,293000.2,30.64
ORD-003117,2024-09-01,2024,Q3,9,Europe,Italy,Tablet,Distributor,323,456.48,147443.57,76670.66,4848.94,4091.55,5811.86,91423.01,56020.56,37.99
ORD-003436,2024-09-01,2024,Q3,9,Asia Pacific,Japan,Tablet,Online,50,522.73,26136.47,13590.97,747.94,2711.19,415.22,17465.32,8671.15,33.18
ORD-004737,2024-09-01,2024,Q3,9,North America,Mexico,Desktop,Enterprise,67,685.26,45912.72,27547.63,1128.1,3360.92,920.05,32956.7,12956.02,28.22
ORD-004302,2024-09-01,2024,Q3,9,Asia Pacific,India,Printer,Distributor,109,288.95,31495.12,17952.22,3796.37,3899.94,1679.87,27328.4,4166.72,13.23
ORD-002625,2024-09-02,2024,Q3,9,North America,Mexico,Tablet,Enterprise,87,569.08,49510.2,25745.3,1463.64,4127.1,1479.23,32815.28,16694.92,33.72
ORD-001851,2024-09-02,2024,Q3,9,Middle East,Qatar,Tablet,Retail,199,511.93,101873.12,52974.02,3433.51,10167.32,1534.84,68109.7,33763.42,33.14
ORD-000270,2024-09-02,2024,Q3,9,Latin America,Brazil,Monitor,Online,93,305.2,28383.28,15610.8,1643.81,1481.86,879.32,19615.79,8767.49,30.89
ORD-003414,2024-09-03,2024,Q3,9,Europe,France,Printer,Online,157,292.61,45939.66,26185.61,3759.57,6525.43,677.92,37148.52,8791.14,19.14
ORD-000339,2024-09-03,2024,Q3,9,Europe,UK,Printer,Enterprise,475,298.25,141668.71,80751.16,6780.12,22455.87,5960.02,115947.17,25721.54,18.16
ORD-004801,2024-09-03,2024,Q3,9,Asia Pacific,Singapore,Laptop,Distributor,58,850.39,49322.45,28607.02,1020.33,1380.53,1381.92,32389.8,16932.65,34.33
ORD-003823,2024-09-03,2024,Q3,9,Europe,France,Tablet,Enterprise,389,545.16,212068.48,110275.61,4192.73,4532.54,1673.44,120674.32,91394.16,43.1
ORD-004921,2024-09-03,2024,Q3,9,Europe,France,Laptop,Online,488,905.26,441767.61,256225.21,8753.27,11688.5,8245.48,284912.47,156855.14,35.51
ORD-002280,2024-09-03,2024,Q3,9,Asia Pacific,Singapore,Printer,Distributor,367,244.88,89869.72,51225.74,3938.93,15748.3,1627.8,72540.77,17328.95,19.28
ORD-000152,2024-09-03,2024,Q3,9,Latin America,Chile,Tablet,Enterprise,345,516.26,178108.82,92616.59,8980.39,11397.51,2544.26,115538.75,62570.07,35.13
ORD-002322,2024-09-04,2024,Q3,9,Asia Pacific,Japan,Server,Online,190,2434.88,462627.52,314586.71,3045.52,7928.78,1729.02,327290.03,135337.48,29.25
ORD-002912,2024-09-04,2024,Q3,9,North America,Mexico,Monitor,Enterprise,51,318.57,16247.32,8936.03,545.0,549.12,222.87,10253.02,5994.3,36.89
ORD-000596,2024-09-05,2024,Q3,9,North America,Mexico,Monitor,Online,424,311.45,132054.85,72630.17,11440.5,13521.15,3045.24,100637.06,31417.8,23.79
ORD-004750,2024-09-05,2024,Q3,9,Asia Pacific,Japan,Monitor,Distributor,349,284.94,99443.1,54693.71,5098.92,17904.67,2244.36,79941.67,19501.44,19.61
ORD-000642,2024-09-05,2024,Q3,9,Asia Pacific,Singapore,Monitor,Enterprise,478,265.85,127076.88,69892.28,12086.66,18620.62,2279.79,102879.36,24197.52,19.04
ORD-003980,2024-09-06,2024,Q3,9,North America,Mexico,Monitor,Retail,403,280.46,113024.76,62163.62,4588.16,16307.62,4850.04,87909.44,25115.31,22.22
ORD-001079,2024-09-06,2024,Q3,9,North America,Mexico,Tablet,Online,90,499.76,44978.41,23388.77,2468.69,3257.08,1020.3,30134.85,14843.56,33.0
ORD-003518,2024-09-06,2024,Q3,9,North America,Canada,Laptop,Enterprise,342,805.17,275368.0,159713.44,7785.81,4897.21,6653.55,179050.01,96317.99,34.98
ORD-002146,2024-09-06,2024,Q3,9,North America,Canada,Monitor,Online,493,297.43,146633.52,80648.43,7635.43,21829.33,11456.54,121569.74,25063.78,17.09
ORD-000568,2024-09-06,2024,Q3,9,North America,USA,Printer,Enterprise,328,297.3,97515.04,55583.58,10370.18,5195.02,7260.98,78409.75,19105.29,19.59
ORD-004164,2024-09-07,2024,Q3,9,Asia Pacific,India,Desktop,Distributor,246,839.87,206608.86,123965.32,3749.9,2785.7,5502.84,136003.77,70605.09,34.17
ORD-004412,2024-09-07,2024,Q3,9,Latin America,Argentina,Desktop,Retail,403,798.69,321872.06,193123.23,11366.28,11099.12,4286.85,219875.48,101996.57,31.69
ORD-001117,2024-09-07,2024,Q3,9,Asia Pacific,Singapore,Tablet,Online,409,441.93,180750.42,93990.22,13405.25,7538.65,9975.9,124910.02,55840.4,30.89
ORD-004971,2024-09-07,2024,Q3,9,Middle East,Saudi Arabia,Server,Online,134,1882.74,252286.75,171554.99,1433.41,7573.76,755.05,181317.21,70969.54,28.13
ORD-001385,2024-09-07,2024,Q3,9,Latin America,Chile,Laptop,Distributor,152,780.67,118661.57,68823.71,1247.82,2559.94,3750.59,76382.07,42279.5,35.63
ORD-003451,2024-09-07,2024,Q3,9,North America,USA,Monitor,Distributor,374,315.87,118136.84,64975.26,5275.63,18843.31,8226.43,97320.64,20816.2,17.62
ORD-003929,2024-09-08,2024,Q3,9,Middle East,UAE,Tablet,Online,128,534.61,68430.34,35583.78,3732.87,2859.97,960.66,43137.27,25293.07,36.96
ORD-003609,2024-09-09,2024,Q3,9,Europe,France,Monitor,Online,247,292.62,72276.87,39752.28,7113.89,2757.57,911.1,50534.84,21742.03,30.08
ORD-004561,2024-09-09,2024,Q3,9,North America,USA,Printer,Distributor,404,289.38,116907.57,66637.31,5014.33,14582.62,3073.08,89307.35,27600.22,23.61
ORD-000017,2024-09-09,2024,Q3,9,North America,Mexico,Printer,Distributor,157,242.18,38021.68,21672.36,3542.93,3803.51,1991.03,31009.82,7011.86,18.44
ORD-001782,2024-09-09,2024,Q3,9,Europe,Germany,Printer,Retail,334,305.84,102151.32,58226.25,9470.4,8057.01,3843.38,79597.05,22554.27,22.08
ORD-004226,2024-09-09,2024,Q3,9,Asia Pacific,India,Laptop,Enterprise,361,855.57,308860.67,179139.19,3835.78,6933.85,1656.66,191565.48,117295.19,37.98
ORD-004697,2024-09-09,2024,Q3,9,North America,Mexico,Printer,Retail,463,294.01,136128.93,77593.49,9915.19,15040.67,8891.78,111441.13,24687.8,18.14
ORD-000256,2024-09-09,2024,Q3,9,Europe,Italy,Server,Online,405,1967.82,796968.97,541938.9,9451.51,16885.92,9425.28,577701.61,219267.36,27.51
ORD-000203,2024-09-10,2024,Q3,9,Middle East,Qatar,Printer,Retail,327,303.1,99113.44,56494.66,3111.89,14414.61,3031.56,77052.72,22060.72,22.26
ORD-002108,2024-09-10,2024,Q3,9,Europe,Germany,Laptop,Online,117,784.99,91843.29,53269.11,2868.01,6645.11,2385.07,65167.3,26675.99,29.05
ORD-001810,2024-09-10,2024,Q3,9,Europe,Germany,Laptop,Retail,96,968.3,92957.27,53915.22,3224.12,2571.0,1503.95,61214.28,31742.98,34.15
ORD-003089,2024-09-10,2024,Q3,9,North America,Mexico,Desktop,Distributor,172,751.5,129257.33,77554.4,2089.53,8741.08,2953.63,91338.64,37918.69,29.34
ORD-000190,2024-09-10,2024,Q3,9,Middle East,Saudi Arabia,Server,Retail,111,2239.87,248625.75,169065.51,2952.74,5193.21,1638.32,178849.77,69775.97,28.06
ORD-003055,2024-09-10,2024,Q3,9,Middle East,Saudi Arabia,Laptop,Online,487,897.58,437121.01,253530.19,10937.19,16454.94,9279.57,290201.89,146919.12,33.61
ORD-004560,2024-09-11,2024,Q3,9,Asia Pacific,Japan,Monitor,Retail,497,328.84,163435.03,89889.27,12405.68,20530.3,10189.82,133015.06,30419.97,18.61
ORD-003324,2024-09-12,2024,Q3,9,Asia Pacific,Japan,Printer,Retail,190,253.79,48220.69,27485.79,5226.68,11371.67,4386.62,48470.76,-250.07,-0.52
ORD-000524,2024-09-12,2024,Q3,9,Europe,Germany,Laptop,Online,432,985.71,425825.65,246978.88,8272.84,12707.41,1629.25,269588.38,156237.27,36.69
ORD-001987,2024-09-12,2024,Q3,9,Latin America,Chile,Tablet,Retail,376,486.64,182975.45,95147.24,11280.62,19502.71,8109.57,134040.13,48935.32,26.74
ORD-002694,2024-09-13,2024,Q3,9,Asia Pacific,Australia,Printer,Enterprise,21,316.73,6651.33,3791.26,675.47,991.19,493.65,5951.56,699.77,10.52
ORD-004562,2024-09-13,2024,Q3,9,Asia Pacific,Australia,Tablet,Enterprise,441,480.91,212081.18,110282.22,9655.51,17109.31,5251.75,142298.78,69782.41,32.9
ORD-002517,2024-09-14,2024,Q3,9,North America,Mexico,Tablet,Retail,337,499.85,168448.92,87593.44,10859.04,11898.56,3416.98,113768.01,54680.9,32.46
ORD-004191,2024-09-14,2024,Q3,9,Latin America,Chile,Tablet,Online,490,448.22,219630.1,114207.65,13275.74,20225.72,4757.18,152466.29,67163.81,30.58
ORD-000368,2024-09-14,2024,Q3,9,North America,USA,Tablet,Online,348,541.91,188586.28,98064.86,7438.59,7272.8,4763.14,117539.39,71046.89,37.67
ORD-003229,2024-09-14,2024,Q3,9,Europe,France,Tablet,Online,463,574.91,266184.07,138415.71,15116.05,19525.53,7276.43,180333.72,85850.35,32.25
ORD-002255,2024-09-15,2024,Q3,9,Europe,Italy,Laptop,Distributor,137,857.4,117463.95,68129.09,3034.37,3006.9,1271.7,75442.07,42021.88,35.77
ORD-004583,2024-09-15,2024,Q3,9,Europe,UK,Printer,Online,469,293.07,137452.03,78347.66,16140.16,22130.27,9692.08,126310.17,11141.86,8.11
ORD-001165,2024-09-15,2024,Q3,9,Asia Pacific,India,Printer,Online,388,303.94,117930.49,67220.38,4936.6,10896.33,1305.51,84358.82,33571.67,28.47
ORD-000747,2024-09-15,2024,Q3,9,Asia Pacific,Australia,Server,Online,241,2341.27,564246.6,383687.69,7618.39,3563.95,5080.19,399950.21,164296.39,29.12
ORD-004486,2024-09-16,2024,Q3,9,North America,Mexico,Printer,Retail,459,315.09,144627.78,82437.84,9525.66,15566.86,4490.21,112020.57,32607.21,22.55
ORD-002267,2024-09-16,2024,Q3,9,Middle East,Qatar,Server,Online,413,2055.16,848781.51,577171.43,11163.7,17938.57,9680.66,615954.36,232827.15,27.43
ORD-004549,2024-09-16,2024,Q3,9,North America,Mexico,Laptop,Online,198,990.56,196130.8,113755.86,5901.32,8119.81,3433.59,131210.59,64920.21,33.1
ORD-002745,2024-09-16,2024,Q3,9,Middle East,Qatar,Tablet,Distributor,358,555.62,198912.24,103434.37,5498.47,6759.2,7685.54,123377.58,75534.66,37.97
ORD-003377,2024-09-17,2024,Q3,9,Europe,France,Printer,Enterprise,68,263.85,17942.11,10227.01,2013.19,3484.92,1533.61,17258.72,683.39,3.81
ORD-000969,2024-09-17,2024,Q3,9,North America,Canada,Tablet,Retail,194,534.16,103626.68,53885.88,4844.82,3576.49,899.69,63206.88,40419.81,39.01
ORD-002118,2024-09-17,2024,Q3,9,Asia Pacific,Australia,Tablet,Enterprise,478,500.17,239080.17,124321.69,13844.13,17892.44,1538.47,157596.73,81483.44,34.08
ORD-001473,2024-09-17,2024,Q3,9,Asia Pacific,India,Laptop,Online,477,887.11,423151.92,245428.11,5910.0,25951.45,3905.63,281195.2,141956.72,33.55
ORD-000751,2024-09-17,2024,Q3,9,North America,USA,Server,Online,343,2102.69,721223.02,490431.65,9698.74,8858.74,1974.23,510963.36,210259.66,29.15
ORD-003116,2024-09-18,2024,Q3,9,North America,Mexico,Monitor,Retail,89,278.73,24806.95,13643.82,1580.0,1619.13,485.09,17328.04,7478.91,30.15
ORD-004204,2024-09-18,2024,Q3,9,Asia Pacific,Japan,Tablet,Retail,440,434.3,191092.0,99367.84,13142.48,17473.44,4003.92,133987.68,57104.32,29.88
ORD-002565,2024-09-18,2024,Q3,9,Asia Pacific,India,Server,Online,164,2047.87,335851.38,228378.94,3158.39,9442.2,3851.85,244831.37,91020.01,27.1
ORD-002441,2024-09-18,2024,Q3,9,Europe,France,Laptop,Retail,347,805.48,279502.01,162111.16,9460.82,12191.93,7550.31,191314.22,88187.78,31.55
ORD-003254,2024-09-18,2024,Q3,9,Middle East,Qatar,Printer,Enterprise,291,295.32,85938.53,48984.96,7056.1,4756.79,4691.16,65489.01,20449.52,23.8
ORD-001759,2024-09-18,2024,Q3,9,Middle East,Saudi Arabia,Server,Enterprise,199,2417.0,480983.5,327068.78,2354.59,9169.24,2439.55,341032.16,139951.34,29.1
ORD-004475,2024-09-19,2024,Q3,9,Latin America,Brazil,Monitor,Distributor,60,314.52,18871.19,10379.16,705.17,2712.88,1327.25,15124.46,3746.73,19.85
ORD-001828,2024-09-19,2024,Q3,9,Latin America,Brazil,Printer,Enterprise,258,302.38,78014.62,44468.33,3988.98,10374.29,1758.39,60589.99,17424.63,22.34
ORD-000182,2024-09-19,2024,Q3,9,North America,Canada,Tablet,Online,25,567.91,14197.8,7382.86,676.95,407.96,611.94,9079.7,5118.1,36.05
ORD-001678,2024-09-19,2024,Q3,9,Middle East,Qatar,Server,Enterprise,131,1997.59,261683.93,177945.07,2013.64,1421.06,1377.53,182757.3,78926.63,30.16
ORD-002680,2024-09-20,2024,Q3,9,Europe,Germany,Server,Online,181,1886.95,341538.32,232246.05,5768.78,9393.13,3608.28,251016.25,90522.07,26.5
ORD-000304,2024-09-20,2024,Q3,9,North America,Mexico,Monitor,Online,173,293.72,50813.22,27947.27,4930.26,1740.81,2804.03,37422.37,13390.85,26.35
ORD-004966,2024-09-21,2024,Q3,9,Europe,UK,Server,Retail,342,1875.33,641362.26,436126.34,6084.89,8307.6,1525.39,452044.22,189318.04,29.52
ORD-000423,2024-09-21,2024,Q3,9,Middle East,Qatar,Printer,Enterprise,291,259.64,75556.29,43067.08,5338.43,3348.0,5978.73,57732.25,17824.04,23.59
ORD-002381,2024-09-21,2024,Q3,9,Europe,Germany,Monitor,Enterprise,250,312.41,78101.49,42955.82,3139.95,8883.98,1319.47,56299.23,21802.27,27.92
ORD-002289,2024-09-21,2024,Q3,9,North America,Canada,Laptop,Online,115,839.43,96534.77,55990.17,1906.21,3445.3,2494.32,63836.0,32698.77,33.87
ORD-004602,2024-09-21,2024,Q3,9,Europe,Italy,Tablet,Online,276,544.54,150293.55,78152.64,4110.86,9368.24,3627.04,95258.79,55034.76,36.62
ORD-001130,2024-09-22,2024,Q3,9,North America,USA,Monitor,Enterprise,139,340.5,47329.08,26030.99,1389.32,6576.41,2907.57,36904.29,10424.78,22.03
ORD-004639,2024-09-22,2024,Q3,9,Latin America,Argentina,Printer,Online,369,256.45,94629.9,53939.04,6028.25,12759.35,3983.44,76710.08,17919.82,18.94
ORD-003233,2024-09-22,2024,Q3,9,Middle East,Qatar,Laptop,Online,243,773.69,188007.0,109044.06,2142.18,8995.43,5471.58,125653.25,62353.75,33.17
ORD-001780,2024-09-22,2024,Q3,9,Latin America,Argentina,Tablet,Online,183,471.47,86279.89,44865.55,5049.14,10131.86,3600.59,63647.14,22632.76,26.23
ORD-004815,2024-09-23,2024,Q3,9,Latin America,Chile,Monitor,Online,109,269.92,29421.34,16181.74,2345.7,2905.45,1437.85,22870.73,6550.61,22.26
ORD-004476,2024-09-23,2024,Q3,9,North America,Canada,Monitor,Retail,484,265.11,128311.56,70571.36,7631.24,27307.54,3577.47,109087.6,19223.95,14.98
ORD-003537,2024-09-23,2024,Q3,9,Asia Pacific,India,Printer,Enterprise,422,298.16,125822.51,71718.83,3510.65,5637.69,8903.21,89770.37,36052.13,28.65
ORD-002894,2024-09-23,2024,Q3,9,Asia Pacific,India,Monitor,Online,339,332.83,112830.99,62057.05,10451.93,19144.87,1077.94,92731.78,20099.21,17.81
ORD-002624,2024-09-23,2024,Q3,9,Asia Pacific,India,Monitor,Online,386,309.3,119390.05,65664.53,6387.67,22963.09,5068.75,100084.04,19306.01,16.17
ORD-001010,2024-09-24,2024,Q3,9,Latin America,Chile,Printer,Online,210,314.49,66042.14,37644.02,6064.66,5232.09,1795.73,50736.5,15305.64,23.18
ORD-000573,2024-09-24,2024,Q3,9,Asia Pacific,Japan,Laptop,Enterprise,276,875.56,241653.59,140159.08,2836.88,4563.23,5957.41,153516.61,88136.98,36.47
ORD-002237,2024-09-24,2024,Q3,9,Europe,Germany,Laptop,Distributor,310,825.58,255929.97,148439.38,6981.32,16839.33,6305.2,178565.24,77364.73,30.23
ORD-004557,2024-09-24,2024,Q3,9,North America,USA,Server,Online,183,1986.51,363531.19,247201.21,5027.54,10214.27,3021.74,265464.75,98066.43,26.98
ORD-002400,2024-09-24,2024,Q3,9,Latin America,Chile,Server,Online,407,2393.73,974247.21,662488.1,12245.28,22655.86,1313.38,698702.63,275544.58,28.28
ORD-002518,2024-09-24,2024,Q3,9,North America,Canada,Printer,Online,129,246.05,31740.84,18092.28,1146.79,6227.03,1863.88,27329.98,4410.86,13.9
ORD-004058,2024-09-25,2024,Q3,9,Europe,France,Printer,Retail,181,282.09,51057.79,29102.94,3646.56,6541.67,2877.56,42168.73,8889.06,17.41
ORD-002278,2024-09-25,2024,Q3,9,Asia Pacific,Japan,Monitor,Retail,226,309.05,69846.17,38415.39,2629.94,12941.89,4585.66,58572.89,11273.28,16.14
ORD-000317,2024-09-25,2024,Q3,9,Europe,France,Desktop,Enterprise,222,775.16,172086.16,103251.7,6005.59,7113.7,4953.47,121324.46,50761.7,29.5
ORD-002139,2024-09-26,2024,Q3,9,Latin America,Brazil,Tablet,Distributor,203,539.34,109486.03,56932.74,1906.89,4313.22,2953.5,66106.34,43379.69,39.62
ORD-000058,2024-09-26,2024,Q3,9,Europe,Germany,Desktop,Online,480,655.21,314500.36,188700.21,8453.21,9042.47,1897.54,208093.43,106406.92,33.83
ORD-001480,2024-09-26,2024,Q3,9,Asia Pacific,Japan,Laptop,Online,465,839.41,390324.38,226388.14,9273.07,15037.25,11366.92,262065.38,128258.99,32.86
ORD-004854,2024-09-26,2024,Q3,9,Middle East,Qatar,Desktop,Retail,363,776.26,281783.59,169070.16,5476.69,13212.19,3567.26,191326.3,90457.3,32.1
ORD-002359,2024-09-26,2024,Q3,9,Latin America,Chile,Server,Online,135,2367.98,319677.89,217380.96,4304.74,5360.64,1302.81,228349.15,91328.74,28.57
ORD-000768,2024-09-26,2024,Q3,9,Middle East,Saudi Arabia,Tablet,Enterprise,215,490.99,105563.81,54893.18,3584.66,7791.47,1858.73,68128.04,37435.77,35.46
ORD-003808,2024-09-26,2024,Q3,9,Europe,UK,Laptop,Online,294,983.05,289018.06,167630.47,6902.2,5600.88,1609.73,181743.28,107274.78,37.12
ORD-003960,2024-09-27,2024,Q3,9,Asia Pacific,Australia,Tablet,Retail,197,483.91,95331.15,49572.2,6483.32,8235.44,1211.87,65502.82,29828.33,31.29
ORD-003039,2024-09-27,2024,Q3,9,Europe,UK,Printer,Distributor,122,253.6,30939.37,17635.44,1101.78,6635.25,1432.41,26804.89,4134.48,13.36
ORD-004579,2024-09-27,2024,Q3,9,Middle East,Saudi Arabia,Desktop,Enterprise,334,654.99,218765.09,131259.05,8070.18,16626.34,2673.27,158628.84,60136.25,27.49
ORD-004918,2024-09-27,2024,Q3,9,North America,Mexico,Monitor,Online,287,305.29,87616.91,48189.3,4602.86,13591.5,3761.83,70145.49,17471.42,19.94
ORD-001128,2024-09-28,2024,Q3,9,Europe,Germany,Monitor,Enterprise,179,272.09,48704.8,26787.64,2883.64,3609.9,2443.81,35724.98,12979.81,26.65
ORD-003083,2024-09-28,2024,Q3,9,North America,USA,Laptop,Distributor,264,781.28,206258.01,119629.65,6224.86,6810.39,4953.57,137618.46,68639.55,33.28
ORD-004798,2024-09-28,2024,Q3,9,Europe,Spain,Server,Online,496,2362.6,1171848.71,796857.12,11090.39,26212.22,12322.03,846481.76,325366.94,27.77
ORD-002933,2024-09-28,2024,Q3,9,Middle East,Saudi Arabia,Desktop,Retail,222,637.55,141537.03,84922.22,5026.29,10556.4,3841.14,104346.05,37190.99,26.28
ORD-002318,2024-09-28,2024,Q3,9,North America,Canada,Tablet,Online,88,547.49,48179.24,25053.21,1435.4,984.56,634.52,28107.68,20071.56,41.66
ORD-003897,2024-09-29,2024,Q3,9,Europe,UK,Desktop,Enterprise,118,822.61,97068.41,58241.04,1524.19,5113.57,766.9,65645.7,31422.7,32.37
ORD-004504,2024-09-29,2024,Q3,9,Europe,Italy,Printer,Retail,183,303.29,55502.64,31636.5,1984.76,7112.42,3730.68,44464.36,11038.27,19.89
ORD-002612,2024-09-29,2024,Q3,9,North America,USA,Printer,Online,387,238.8,92415.59,52676.88,9835.79,17424.91,4490.44,84428.02,7987.56,8.64
ORD-003918,2024-09-29,2024,Q3,9,Latin America,Brazil,Monitor,Distributor,439,327.97,143979.39,79188.67,13845.83,14156.61,6221.94,113413.05,30566.35,21.23
ORD-001961,2024-09-29,2024,Q3,9,Middle East,Saudi Arabia,Tablet,Distributor,62,542.94,33662.12,17504.3,897.6,3544.16,194.6,22140.66,11521.46,34.23
ORD-002057,2024-09-29,2024,Q3,9,North America,USA,Tablet,Retail,318,571.6,181770.21,94520.51,7238.1,9832.57,5007.5,116598.68,65171.53,35.85
ORD-002310,2024-09-29,2024,Q3,9,Asia Pacific,Japan,Monitor,Online,220,309.32,68049.51,37427.23,2173.56,13090.09,1160.21,53851.08,14198.43,20.86
ORD-002811,2024-09-30,2024,Q3,9,Middle East,UAE,Laptop,Distributor,210,1033.41,217015.6,125869.05,4606.63,6464.73,3315.26,140255.66,76759.94,35.37
ORD-002994,2024-09-30,2024,Q3,9,Europe,Germany,Monitor,Online,460,282.74,130062.25,71534.24,6762.22,12509.26,9810.9,100616.62,29445.64,22.64
ORD-002940,2024-09-30,2024,Q3,9,North America,USA,Printer,Distributor,129,296.68,38271.25,21814.61,4036.89,2334.35,2365.64,30551.5,7719.76,20.17
ORD-001342,2024-09-30,2024,Q3,9,Europe,Germany,Desktop,Retail,114,687.13,78332.57,46999.54,1565.16,1806.67,819.91,51191.28,27141.29,34.65
ORD-004582,2024-09-30,2024,Q3,9,North America,Canada,Printer,Online,260,305.83,79514.53,45323.28,8762.85,11426.92,5807.8,71320.85,8193.68,10.3
ORD-004788,2024-09-30,2024,Q3,9,Europe,Spain,Server,Online,162,2131.02,345225.53,234753.36,4169.64,5841.65,916.35,245680.99,99544.53,28.83
ORD-003291,2024-10-01,2024,Q4,10,Asia Pacific,India,Monitor,Distributor,297,335.85,99747.06,54860.88,5464.6,13905.46,2048.01,76278.95,23468.11,23.53
ORD-001058,2024-10-01,2024,Q4,10,Europe,Germany,Desktop,Distributor,159,720.52,114562.41,68737.45,2652.67,2225.62,2866.05,76481.8,38080.61,33.24
ORD-001513,2024-10-02,2024,Q4,10,Asia Pacific,Australia,Server,Distributor,111,2010.92,223211.84,151784.05,3199.77,6157.32,1313.81,162454.95,60756.89,27.22
ORD-003730,2024-10-02,2024,Q4,10,Latin America,Brazil,Laptop,Distributor,208,989.31,205776.58,119350.42,6962.72,10438.75,2939.05,139690.92,66085.66,32.12
ORD-003719,2024-10-02,2024,Q4,10,North America,Canada,Desktop,Distributor,10,710.95,7109.5,4265.7,181.74,141.12,157.63,4746.19,2363.31,33.24
ORD-003842,2024-10-02,2024,Q4,10,Middle East,Qatar,Desktop,Retail,465,664.64,309056.2,185433.72,10750.85,12366.29,6645.04,215195.9,93860.3,30.37
ORD-004438,2024-10-02,2024,Q4,10,Latin America,Brazil,Server,Online,120,2446.1,293532.04,199601.79,1601.87,3789.35,2445.47,207438.49,86093.56,29.33
ORD-002917,2024-10-03,2024,Q4,10,North America,Mexico,Server,Enterprise,284,1926.26,547059.12,372000.2,9760.73,15622.27,1271.69,398654.89,148404.23,27.13
ORD-003355,2024-10-03,2024,Q4,10,North America,Canada,Tablet,Distributor,495,446.52,221028.19,114934.66,17154.98,22061.11,9008.71,163159.46,57868.73,26.18
ORD-003656,2024-10-03,2024,Q4,10,Asia Pacific,Japan,Server,Distributor,168,2296.18,385758.3,262315.64,2324.85,6309.73,2999.24,273949.46,111808.84,28.98
ORD-002675,2024-10-03,2024,Q4,10,North America,Canada,Desktop,Online,492,827.19,406978.79,244187.28,7895.12,23244.1,11068.57,286395.07,120583.72,29.63
ORD-000014,2024-10-03,2024,Q4,10,Middle East,Qatar,Monitor,Distributor,470,270.94,127344.1,70039.25,6445.0,14076.04,6416.07,96976.36,30367.74,23.85
ORD-001920,2024-10-03,2024,Q4,10,Europe,Germany,Tablet,Retail,103,518.13,53367.72,27751.22,3324.47,2453.61,700.11,34229.41,19138.31,35.86
ORD-000704,2024-10-03,2024,Q4,10,North America,Mexico,Printer,Enterprise,192,262.48,50396.53,28726.02,2206.6,3503.83,3541.43,37977.88,12418.65,24.64
ORD-002206,2024-10-03,2024,Q4,10,Asia Pacific,Australia,Tablet,Online,417,533.1,222303.8,115597.98,5862.82,4902.55,7398.72,133762.07,88541.73,39.83
ORD-002526,2024-10-03,2024,Q4,10,Middle East,UAE,Laptop,Retail,398,869.79,346177.23,200782.8,13862.22,6793.22,3414.06,224852.29,121324.95,35.05
ORD-001255,2024-10-04,2024,Q4,10,Europe,Spain,Desktop,Retail,463,718.5,332665.38,199599.23,5026.99,9870.94,2320.29,216817.44,115847.94,34.82
ORD-002002,2024-10-04,2024,Q4,10,Europe,UK,Tablet,Online,152,448.6,68186.97,35457.22,4726.16,2309.76,776.36,43269.51,24917.45,36.54
ORD-002888,2024-10-04,2024,Q4,10,North America,USA,Laptop,Retail,328,923.06,302762.33,175602.15,4269.63,13730.39,7363.07,200965.25,101797.09,33.62
ORD-004033,2024-10-04,2024,Q4,10,North America,USA,Laptop,Online,276,829.68,228991.37,132814.99,8935.95,8425.82,2485.57,152662.34,76329.03,33.33
ORD-004281,2024-10-04,2024,Q4,10,Middle East,Saudi Arabia,Desktop,Enterprise,233,670.13,156139.76,93683.86,8116.07,12325.69,855.93,114981.55,41158.21,26.36
ORD-003051,2024-10-05,2024,Q4,10,North America,USA,Printer,Retail,496,298.74,148172.58,84458.37,8646.76,5360.93,7496.79,105962.85,42209.73,28.49
ORD-000409,2024-10-05,2024,Q4,10,Europe,Germany,Server,Retail,216,1995.07,430934.4,293035.39,2022.61,4708.19,870.04,300636.24,130298.17,30.24
ORD-002308,2024-10-05,2024,Q4,10,Latin America,Chile,Desktop,Distributor,229,732.37,167713.22,100627.93,5406.37,6743.8,5560.54,118338.65,49374.58,29.44
ORD-000248,2024-10-06,2024,Q4,10,North America,USA,Tablet,Distributor,226,493.64,111561.53,58011.99,1988.73,3771.96,2004.88,65777.55,45783.97,41.04
ORD-004363,2024-10-06,2024,Q4,10,North America,Canada,Laptop,Distributor,399,1032.62,412016.76,238969.72,5312.57,18415.31,1254.72,263952.33,148064.44,35.94
ORD-000159,2024-10-06,2024,Q4,10,Asia Pacific,Japan,Server,Online,214,2263.28,484342.7,329353.04,2463.61,9559.53,4153.43,345529.6,138813.1,28.66
ORD-004252,2024-10-07,2024,Q4,10,Asia Pacific,Australia,Server,Distributor,449,2427.4,1089902.89,741133.96,4253.55,13793.57,7025.79,766206.87,323696.02,29.7
ORD-002356,2024-10-07,2024,Q4,10,Latin America,Argentina,Desktop,Online,58,679.59,39416.28,23649.77,627.5,3114.23,545.03,27936.53,11479.76,29.12
ORD-004172,2024-10-07,2024,Q4,10,Europe,UK,Desktop,Enterprise,307,770.68,236600.19,141960.12,5843.63,5887.99,5570.25,159261.98,77338.21,32.69
ORD-000623,2024-10-07,2024,Q4,10,Middle East,Saudi Arabia,Printer,Online,59,242.14,14286.14,8143.1,767.0,3451.12,1129.81,13491.03,795.11,5.57
ORD-003017,2024-10-08,2024,Q4,10,Asia Pacific,India,Tablet,Enterprise,64,440.97,28221.76,14675.32,1899.24,3099.51,1184.93,20858.99,7362.77,26.09
ORD-001500,2024-10-08,2024,Q4,10,North America,Canada,Server,Online,161,2259.18,363727.73,247334.86,5402.47,9005.91,2223.74,263966.97,99760.76,27.43
ORD-001998,2024-10-09,2024,Q4,10,North America,USA,Tablet,Retail,339,459.43,155746.75,80988.31,8446.62,8175.17,1675.31,99285.41,56461.34,36.25
ORD-004894,2024-10-09,2024,Q4,10,Middle East,UAE,Tablet,Enterprise,323,429.88,138851.06,72202.55,5786.17,10101.44,6034.75,94124.91,44726.15,32.21
ORD-004215,2024-10-09,2024,Q4,10,Middle East,Saudi Arabia,Monitor,Retail,215,296.5,63746.62,35060.64,3959.07,5640.16,992.06,45651.94,18094.68,28.39
ORD-002256,2024-10-09,2024,Q4,10,Europe,France,Laptop,Online,165,796.88,131485.99,76261.87,2238.26,6233.2,1831.17,86564.5,44921.49,34.16
ORD-003142,2024-10-09,2024,Q4,10,North America,Canada,Printer,Online,147,250.4,36809.0,20981.13,3755.15,2164.47,2408.25,29308.99,7500.01,20.38
ORD-003352,2024-10-09,2024,Q4,10,Middle East,UAE,Printer,Online,369,298.95,110314.1,62879.04,11812.65,16128.28,6525.06,97345.03,12969.07,11.76
ORD-002443,2024-10-09,2024,Q4,10,Asia Pacific,India,Printer,Retail,340,278.08,94546.35,53891.42,3086.3,11230.88,6288.62,74497.22,20049.13,21.21
ORD-004983,2024-10-10,2024,Q4,10,Asia Pacific,India,Server,Online,307,2002.68,614823.09,418079.7,6877.36,5114.65,4860.54,434932.25,179890.84,29.26
ORD-002366,2024-10-10,2024,Q4,10,Asia Pacific,Japan,Monitor,Distributor,244,284.49,69415.85,38178.72,2807.12,4016.6,954.34,45956.77,23459.08,33.79
ORD-003244,2024-10-10,2024,Q4,10,Europe,Spain,Printer,Retail,308,248.0,76384.39,43539.1,3421.12,15976.99,7152.14,70089.36,6295.04,8.24
ORD-000232,2024-10-10,2024,Q4,10,Asia Pacific,Japan,Desktop,Distributor,225,798.78,179725.4,107835.24,5640.78,12534.71,4367.86,130378.59,49346.81,27.46
ORD-004872,2024-10-11,2024,Q4,10,North America,Mexico,Server,Enterprise,238,2000.0,475999.75,323679.83,7172.05,6977.08,3791.28,341620.24,134379.51,28.23
ORD-000378,2024-10-11,2024,Q4,10,Asia Pacific,Australia,Printer,Retail,461,238.48,109938.27,62664.81,9359.46,21234.02,4343.76,97602.06,12336.21,11.22
ORD-001272,2024-10-11,2024,Q4,10,Europe,UK,Server,Online,499,2139.31,1067514.88,725910.12,15143.13,20261.32,11878.04,773192.6,294322.28,27.57
ORD-004251,2024-10-11,2024,Q4,10,North America,Canada,Printer,Distributor,304,296.5,90136.32,51377.7,3583.19,10621.44,1460.17,67042.51,23093.81,25.62
ORD-000887,2024-10-11,2024,Q4,10,Europe,France,Server,Distributor,208,2459.11,511493.9,347815.85,6309.74,12430.13,2896.16,369451.88,142042.02,27.77
ORD-000910,2024-10-11,2024,Q4,10,Middle East,Saudi Arabia,Laptop,Distributor,360,900.96,324345.27,188120.26,11816.16,12479.23,3049.08,215464.72,108880.55,33.57
ORD-001737,2024-10-12,2024,Q4,10,Asia Pacific,Japan,Server,Distributor,408,2392.73,976235.52,663840.15,8852.42,11032.77,8607.7,692333.05,283902.47,29.08
ORD-002380,2024-10-12,2024,Q4,10,Asia Pacific,India,Server,Online,420,2208.66,927637.57,630793.55,4453.89,9216.1,3496.18,647959.73,279677.85,30.15
ORD-000912,2024-10-12,2024,Q4,10,Asia Pacific,Japan,Server,Retail,245,2028.46,496973.51,337941.98,8185.91,10671.74,2639.99,359439.62,137533.89,27.67
ORD-002667,2024-10-13,2024,Q4,10,Asia Pacific,Singapore,Printer,Retail,159,293.29,46632.58,26580.57,1302.6,3459.6,1113.07,32455.84,14176.74,30.4
ORD-004783,2024-10-13,2024,Q4,10,North America,Canada,Desktop,Enterprise,192,733.14,140763.47,84458.08,2478.81,10825.61,2104.31,99866.82,40896.65,29.05
ORD-001814,2024-10-13,2024,Q4,10,Asia Pacific,India,Laptop,Online,452,947.56,428297.31,248412.44,11595.92,17866.5,4341.19,282216.05,146081.26,34.11
ORD-001477,2024-10-13,2024,Q4,10,North America,USA,Desktop,Retail,231,654.15,151108.89,90665.33,6667.25,8304.21,3643.54,109280.33,41828.56,27.68
ORD-001717,2024-10-13,2024,Q4,10,Middle East,UAE,Desktop,Online,41,695.45,28513.57,17108.14,1209.48,2076.44,654.09,21048.15,7465.43,26.18
ORD-003833,2024-10-13,2024,Q4,10,North America,USA,Tablet,Online,84,521.17,43778.65,22764.9,1193.74,4362.34,613.68,28934.66,14843.99,33.91
ORD-003650,2024-10-14,2024,Q4,10,Asia Pacific,Australia,Laptop,Retail,204,838.63,171079.71,99226.23,6386.87,2701.63,5081.89,113396.63,57683.09,33.72
ORD-004138,2024-10-14,2024,Q4,10,North America,USA,Laptop,Retail,124,800.74,99291.85,57589.27,2084.11,6875.22,3090.23,69638.83,29653.01,29.86
ORD-004294,2024-10-14,2024,Q4,10,North America,USA,Printer,Online,127,287.98,36573.79,20847.06,1286.25,2092.3,751.74,24977.35,11596.44,31.71
ORD-001685,2024-10-14,2024,Q4,10,Europe,Spain,Printer,Retail,117,305.42,35733.68,20368.2,3359.49,4324.71,2752.16,30804.56,4929.12,13.79
ORD-001409,2024-10-14,2024,Q4,10,North America,Canada,Server,Enterprise,17,1896.35,32237.97,21921.82,578.02,494.56,95.53,23089.92,9148.05,28.38
ORD-002315,2024-10-15,2024,Q4,10,North America,Mexico,Printer,Enterprise,453,262.78,119038.67,67852.04,10277.37,10128.75,6006.3,94264.47,24774.2,20.81
ORD-002176,2024-10-15,2024,Q4,10,Asia Pacific,Singapore,Server,Distributor,132,2353.16,310617.25,211219.73,3984.07,4371.75,3294.3,222869.85,87747.4,28.25
ORD-003399,2024-10-15,2024,Q4,10,Middle East,Saudi Arabia,Monitor,Distributor,78,325.28,25371.55,13954.35,1841.63,4331.38,726.02,20853.38,4518.17,17.81
ORD-003181,2024-10-15,2024,Q4,10,North America,USA,Tablet,Retail,11,490.58,5396.4,2806.13,175.79,337.61,262.6,3582.13,1814.27,33.62
ORD-000808,2024-10-15,2024,Q4,10,North America,USA,Laptop,Retail,455,851.19,387289.2,224627.74,7897.76,27177.79,10443.19,270146.48,117142.73,30.25
ORD-000082,2024-10-15,2024,Q4,10,Asia Pacific,India,Laptop,Online,371,829.88,307886.99,178574.45,7856.2,10940.14,2774.03,200144.82,107742.16,34.99
ORD-003047,2024-10-16,2024,Q4,10,North America,Mexico,Server,Retail,352,2070.22,728718.75,495528.75,3354.83,18309.13,2573.06,519765.77,208952.98,28.67
ORD-004540,2024-10-17,2024,Q4,10,Asia Pacific,India,Desktop,Retail,255,749.66,191162.67,114697.6,4426.73,4825.37,3102.05,127051.74,64110.93,33.54
ORD-001573,2024-10-17,2024,Q4,10,Europe,UK,Desktop,Retail,327,842.61,275532.97,165319.78,3968.89,4916.6,1336.77,175542.03,99990.93,36.29
ORD-001619,2024-10-17,2024,Q4,10,North America,Canada,Laptop,Distributor,50,984.48,49224.16,28550.01,1589.18,885.66,1063.24,32088.1,17136.06,34.81
ORD-004413,2024-10-17,2024,Q4,10,Middle East,UAE,Desktop,Distributor,9,674.55,6070.97,3642.58,109.55,154.63,157.89,4064.65,2006.32,33.05
ORD-004948,2024-10-17,2024,Q4,10,Middle East,UAE,Printer,Online,324,285.14,92383.8,52658.76,10504.92,18582.36,7032.67,88778.72,3605.08,3.9
ORD-004542,2024-10-18,2024,Q4,10,Latin America,Chile,Desktop,Online,407,644.73,262403.14,157441.88,7184.32,17806.94,2887.62,185320.77,77082.37,29.38
ORD-003484,2024-10-18,2024,Q4,10,Asia Pacific,Japan,Server,Enterprise,309,1963.92,606850.46,412658.31,3397.44,10423.81,1954.42,428433.98,178416.48,29.4
ORD-003922,2024-10-19,2024,Q4,10,Europe,Germany,Printer,Enterprise,246,259.45,63824.42,36379.92,5297.26,11642.4,2657.37,55976.95,7847.47,12.3
ORD-001140,2024-10-19,2024,Q4,10,North America,USA,Monitor,Retail,362,278.81,100929.34,55511.14,5181.58,12982.66,4230.97,77906.35,23022.98,22.81
ORD-001459,2024-10-19,2024,Q4,10,Europe,Spain,Laptop,Enterprise,156,789.12,123102.14,71399.24,5327.57,3621.96,3480.85,83829.63,39272.51,31.9
ORD-004380,2024-10-20,2024,Q4,10,Asia Pacific,Singapore,Tablet,Online,387,573.94,222114.04,115499.3,6013.24,21417.38,6400.07,149329.99,72784.05,32.77
ORD-003979,2024-10-20,2024,Q4,10,Middle East,Saudi Arabia,Laptop,Retail,192,983.76,188882.81,109552.03,3730.59,8330.79,2086.64,123700.05,65182.76,34.51
ORD-002754,2024-10-20,2024,Q4,10,North America,Canada,Server,Distributor,78,2310.55,180222.85,122551.54,987.34,4259.0,788.08,128585.96,51636.89,28.65
ORD-000158,2024-10-20,2024,Q4,10,Latin America,Chile,Tablet,Distributor,268,564.94,151404.49,78730.34,5029.47,9145.96,4251.08,97156.84,54247.66,35.83
ORD-004702,2024-10-20,2024,Q4,10,Middle East,Saudi Arabia,Tablet,Online,5,439.07,2195.37,1141.59,105.15,207.63,25.75,1480.12,715.25,32.58
ORD-004999,2024-10-21,2024,Q4,10,Europe,Italy,Printer,Enterprise,464,286.55,132959.68,75787.02,14497.3,18831.25,1556.29,110671.86,22287.83,16.76
ORD-001442,2024-10-21,2024,Q4,10,Asia Pacific,Japan,Printer,Distributor,69,304.11,20983.78,11960.75,1921.6,1710.83,564.22,16157.41,4826.37,23.0
ORD-003306,2024-10-21,2024,Q4,10,North America,Mexico,Laptop,Online,171,856.44,146451.02,84941.59,2188.25,9119.32,2400.62,98649.79,47801.24,32.64
ORD-003439,2024-10-21,2024,Q4,10,North America,Mexico,Printer,Enterprise,54,280.35,15139.14,8629.31,1570.67,1473.27,1291.92,12965.17,2173.97,14.36
ORD-001236,2024-10-21,2024,Q4,10,Asia Pacific,Singapore,Printer,Retail,25,295.79,7394.78,4215.03,579.93,451.97,473.24,5720.17,1674.62,22.65
ORD-002716,2024-10-21,2024,Q4,10,Asia Pacific,Japan,Printer,Online,429,305.92,131238.54,74805.97,14453.09,15473.48,4225.21,108957.75,22280.79,16.98
ORD-003693,2024-10-22,2024,Q4,10,Asia Pacific,Japan,Laptop,Online,86,939.58,80803.77,46866.19,2842.33,4499.38,1527.21,55735.11,25068.66,31.02
ORD-001045,2024-10-22,2024,Q4,10,Latin America,Argentina,Tablet,Enterprise,399,536.25,213965.59,111262.11,10662.51,19470.18,1244.94,142639.73,71325.86,33.34
ORD-000780,2024-10-22,2024,Q4,10,Asia Pacific,Japan,Monitor,Online,97,343.52,33321.13,18326.62,1337.12,3393.47,1811.1,24868.31,8452.82,25.37
ORD-000062,2024-10-22,2024,Q4,10,Middle East,Saudi Arabia,Server,Enterprise,484,1978.21,957456.06,651070.12,16439.21,17918.21,10737.52,696165.05,261291.01,27.29
ORD-003283,2024-10-22,2024,Q4,10,Europe,Spain,Server,Retail,392,1941.56,761090.38,517541.46,6110.61,16688.23,6372.16,546712.45,214377.93,28.17
ORD-004740,2024-10-22,2024,Q4,10,North America,Canada,Desktop,Distributor,487,748.67,364601.98,218761.19,8751.93,20873.63,5299.93,253686.68,110915.3,30.42
ORD-002516,2024-10-22,2024,Q4,10,North America,USA,Server,Online,200,2391.38,478276.4,325227.95,6743.58,5677.76,1746.71,339396.01,138880.39,29.04
ORD-004748,2024-10-23,2024,Q4,10,Asia Pacific,India,Printer,Enterprise,108,253.17,27342.43,15585.18,1954.34,4752.01,2651.15,24942.69,2399.74,8.78
ORD-004333,2024-10-24,2024,Q4,10,Europe,Italy,Desktop,Retail,414,849.79,351812.55,211087.53,5609.43,5692.97,8477.93,230867.87,120944.68,34.38
ORD-004210,2024-10-24,2024,Q4,10,North America,Mexico,Desktop,Retail,353,779.41,275130.83,165078.5,9961.73,10781.34,4221.92,190043.48,85087.35,30.93
ORD-001633,2024-10-24,2024,Q4,10,Asia Pacific,Singapore,Server,Distributor,423,2169.2,917570.52,623947.95,4393.15,12825.76,10152.75,651319.62,266250.9,29.02
ORD-003600,2024-10-25,2024,Q4,10,Middle East,UAE,Printer,Online,419,268.15,112352.88,64041.14,5141.67,9726.59,3938.79,82848.19,29504.69,26.26
ORD-003280,2024-10-25,2024,Q4,10,Europe,UK,Laptop,Retail,312,953.99,297645.14,172634.18,6297.18,4739.62,1656.66,185327.63,112317.5,37.74
ORD-004453,2024-10-25,2024,Q4,10,Europe,UK,Printer,Online,370,280.72,103864.77,59202.92,5797.36,19064.58,1804.61,85869.47,17995.31,17.33
ORD-002601,2024-10-26,2024,Q4,10,Asia Pacific,Singapore,Tablet,Distributor,488,539.04,263051.6,136786.83,9869.33,21424.98,7668.49,175749.63,87301.98,33.19
ORD-003548,2024-10-26,2024,Q4,10,Middle East,UAE,Laptop,Retail,423,834.87,353148.15,204825.93,4590.44,20964.54,8046.81,238427.71,114720.43,32.49
ORD-003246,2024-10-27,2024,Q4,10,Latin America,Argentina,Monitor,Online,400,309.14,123655.93,68010.76,11639.73,13255.02,9685.83,102591.34,21064.59,17.03
ORD-001475,2024-10-27,2024,Q4,10,Latin America,Argentina,Printer,Online,499,311.93,155655.3,88723.52,9921.25,6813.52,2921.73,108380.02,47275.28,30.37
ORD-000250,2024-10-28,2024,Q4,10,Middle East,Qatar,Server,Distributor,342,2261.26,773349.54,525877.69,5490.43,7434.24,3982.32,542784.67,230564.86,29.81
ORD-002923,2024-10-28,2024,Q4,10,Asia Pacific,Australia,Laptop,Enterprise,348,810.05,281896.13,163499.75,6156.8,10187.56,5677.28,185521.4,96374.73,34.19
ORD-002020,2024-10-28,2024,Q4,10,Asia Pacific,Japan,Tablet,Distributor,425,438.68,186439.91,96948.75,7484.26,11165.47,8395.41,123993.89,62446.02,33.49
ORD-001981,2024-10-28,2024,Q4,10,North America,Mexico,Printer,Distributor,469,301.41,141363.58,80577.24,10215.83,10165.02,3248.1,104206.19,37157.39,26.28
ORD-001683,2024-10-28,2024,Q4,10,Asia Pacific,Australia,Monitor,Online,84,320.33,26907.83,14799.31,2598.25,1424.12,1905.48,20727.16,6180.67,22.97
ORD-000835,2024-10-28,2024,Q4,10,North America,USA,Printer,Online,366,281.58,103056.82,58742.39,4092.95,11593.68,7995.42,82424.44,20632.38,20.02
ORD-000657,2024-10-29,2024,Q4,10,Asia Pacific,Australia,Desktop,Distributor,256,699.62,179101.74,107461.05,3899.69,12642.8,1649.62,125653.16,53448.58,29.84
ORD-001537,2024-10-29,2024,Q4,10,North America,USA,Monitor,Distributor,204,264.96,54052.37,29728.8,1670.95,4570.88,2987.76,38958.38,15093.99,27.92
ORD-003346,2024-10-29,2024,Q4,10,North America,Mexico,Monitor,Retail,440,269.35,118512.17,65181.7,6581.43,5549.53,10322.79,87635.44,30876.73,26.05
ORD-004338,2024-10-29,2024,Q4,10,North America,Mexico,Monitor,Online,32,273.38,8748.09,4811.45,1000.12,436.28,646.43,6894.29,1853.8,21.19
ORD-001301,2024-10-29,2024,Q4,10,North America,Canada,Monitor,Distributor,105,264.32,27753.2,15264.26,2164.22,1127.76,2356.51,20912.75,6840.45,24.65
ORD-001589,2024-10-30,2024,Q4,10,Asia Pacific,India,Monitor,Distributor,468,337.85,158111.57,86961.36,14288.63,8714.01,6968.35,116932.35,41179.23,26.04
ORD-004551,2024-10-30,2024,Q4,10,Asia Pacific,Australia,Monitor,Distributor,435,310.48,135057.56,74281.66,13875.85,6095.75,10347.6,104600.86,30456.7,22.55
ORD-004209,2024-10-30,2024,Q4,10,Asia Pacific,Australia,Laptop,Distributor,392,923.91,362171.28,210059.34,6836.75,22425.23,1737.23,241058.55,121112.73,33.44
ORD-002162,2024-10-31,2024,Q4,10,North America,Mexico,Laptop,Retail,125,965.59,120698.17,70004.94,3450.85,4730.48,2208.1,80394.37,40303.8,33.39
ORD-002589,2024-10-31,2024,Q4,10,North America,Canada,Tablet,Online,220,512.92,112842.67,58678.19,4010.47,10761.82,4592.46,78042.93,34799.73,30.84
ORD-001492,2024-10-31,2024,Q4,10,Middle East,UAE,Tablet,Retail,474,546.63,259102.21,134733.15,11682.56,6877.12,1912.57,155205.41,103896.81,40.1
ORD-000296,2024-10-31,2024,Q4,10,North America,Canada,Desktop,Online,468,702.81,328914.02,197348.41,8364.35,19404.18,11475.78,236592.72,92321.3,28.07
ORD-004487,2024-10-31,2024,Q4,10,Asia Pacific,Australia,Tablet,Retail,200,458.87,91773.17,47722.05,6501.22,11615.69,3909.91,69748.87,22024.3,24.0
ORD-001571,2024-10-31,2024,Q4,10,North America,USA,Tablet,Distributor,100,438.62,43861.7,22808.08,2990.9,4644.45,2164.39,32607.83,11253.87,25.66
ORD-004858,2024-10-31,2024,Q4,10,Asia Pacific,Australia,Tablet,Distributor,228,515.03,117427.07,61062.08,6096.65,3631.27,1199.01,71989.0,45438.07,38.69
ORD-003444,2024-10-31,2024,Q4,10,Asia Pacific,Japan,Server,Enterprise,52,1932.13,100470.88,68320.2,480.26,1473.05,946.41,71219.92,29250.96,29.11
ORD-004309,2024-11-01,2024,Q4,11,Middle East,UAE,Tablet,Enterprise,37,566.97,20977.8,10908.46,1171.73,1937.16,543.04,14560.39,6417.41,30.59
ORD-003070,2024-11-01,2024,Q4,11,North America,Canada,Tablet,Online,355,443.5,157441.47,81869.56,9927.2,4442.27,7730.78,103969.83,53471.64,33.96
ORD-004949,2024-11-01,2024,Q4,11,Europe,France,Desktop,Retail,361,776.89,280456.03,168273.62,4361.13,14442.13,6616.59,193693.47,86762.56,30.94
ORD-001269,2024-11-01,2024,Q4,11,Middle East,UAE,Monitor,Online,74,318.01,23532.43,12942.84,1208.69,1481.94,1666.28,17299.74,6232.69,26.49
ORD-004641,2024-11-01,2024,Q4,11,Middle East,UAE,Monitor,Distributor,16,265.99,4255.79,2340.69,286.75,581.24,106.62,3315.29,940.51,22.1
ORD-001410,2024-11-02,2024,Q4,11,Europe,Germany,Laptop,Distributor,46,779.95,35877.93,20809.2,1356.09,1008.79,170.91,23344.99,12532.93,34.93
ORD-002234,2024-11-02,2024,Q4,11,North America,Mexico,Printer,Online,416,294.57,122542.78,69849.38,5217.58,21353.67,9890.63,106311.26,16231.52,13.25
ORD-002863,2024-11-02,2024,Q4,11,North America,USA,Laptop,Online,313,800.21,250465.43,145269.95,2738.59,3197.82,4362.92,155569.28,94896.16,37.89
ORD-002304,2024-11-02,2024,Q4,11,Middle East,Saudi Arabia,Server,Online,9,2168.66,19517.94,13272.2,107.83,519.54,49.59,13949.17,5568.78,28.53
ORD-003832,2024-11-03,2024,Q4,11,North America,Canada,Laptop,Distributor,18,957.2,17229.59,9993.16,161.94,718.37,165.18,11038.65,6190.94,35.93
ORD-001524,2024-11-03,2024,Q4,11,North America,Canada,Desktop,Retail,435,792.81,344871.64,206922.98,11027.01,8179.03,5666.24,231795.26,113076.37,32.79
ORD-003880,2024-11-03,2024,Q4,11,Europe,Spain,Monitor,Distributor,364,281.94,102625.73,56444.15,12523.18,13470.34,6782.65,89220.32,13405.41,13.06
ORD-003925,2024-11-03,2024,Q4,11,Asia Pacific,Japan,Desktop,Enterprise,362,796.26,288246.33,172947.8,10533.74,19270.82,8884.81,211637.17,76609.16,26.58
ORD-004821,2024-11-03,2024,Q4,11,Europe,Italy,Tablet,Enterprise,185,503.04,93061.79,48392.13,4361.08,6363.46,1067.85,60184.51,32877.27,35.33
ORD-001871,2024-11-03,2024,Q4,11,Asia Pacific,Japan,Tablet,Retail,355,443.69,157508.22,81904.28,8634.78,11847.1,6220.62,108606.77,48901.45,31.05
ORD-001407,2024-11-04,2024,Q4,11,Middle East,UAE,Tablet,Distributor,31,565.1,17518.17,9109.45,936.24,1719.87,168.75,11934.32,5583.85,31.87
ORD-003809,2024-11-05,2024,Q4,11,Latin America,Brazil,Printer,Online,454,303.02,137573.35,78416.81,11141.65,18461.53,7851.69,115871.68,21701.67,15.77
ORD-004941,2024-11-05,2024,Q4,11,Middle East,UAE,Server,Online,440,1961.01,862843.48,586733.57,12154.77,17556.49,10288.17,626732.99,236110.49,27.36
ORD-003080,2024-11-05,2024,Q4,11,Europe,Italy,Server,Retail,425,2075.36,882028.02,599779.05,4818.65,9793.2,3265.53,617656.44,264371.58,29.97
ORD-004704,2024-11-05,2024,Q4,11,North America,Mexico,Server,Online,79,2154.17,170179.6,115722.13,2111.74,3339.14,366.67,121539.68,48639.92,28.58
ORD-002942,2024-11-06,2024,Q4,11,Latin America,Brazil,Tablet,Enterprise,269,460.66,123916.92,64436.8,2879.77,12780.73,3526.11,83623.42,40293.51,32.52
ORD-001758,2024-11-06,2024,Q4,11,Europe,Spain,Server,Online,446,1893.04,844297.17,574122.08,10101.84,10227.87,9890.65,604342.44,239954.73,28.42
ORD-001534,2024-11-06,2024,Q4,11,Middle East,UAE,Tablet,Retail,348,441.63,153688.54,79918.04,12110.71,10375.33,4838.99,107243.07,46445.47,30.22
ORD-001113,2024-11-06,2024,Q4,11,North America,USA,Monitor,Retail,472,298.12,140711.82,77391.5,5361.47,24925.64,3782.67,111461.28,29250.54,20.79
ORD-001719,2024-11-06,2024,Q4,11,Middle East,Qatar,Laptop,Distributor,79,941.1,74347.24,43121.4,2188.67,3998.59,856.3,50164.95,24182.28,32.53
ORD-004008,2024-11-06,2024,Q4,11,Europe,France,Monitor,Enterprise,268,327.2,87690.11,48229.56,6836.03,8838.55,1925.27,65829.41,21860.7,24.93
ORD-001414,2024-11-07,2024,Q4,11,North America,Canada,Laptop,Enterprise,467,771.9,360477.14,209076.74,13632.02,14168.01,7687.23,244563.99,115913.14,32.16
ORD-001631,2024-11-07,2024,Q4,11,Europe,Italy,Monitor,Distributor,242,331.76,80286.44,44157.54,2562.33,3213.4,2442.74,52376.02,27910.42,34.76
ORD-003353,2024-11-07,2024,Q4,11,Asia Pacific,Japan,Desktop,Retail,186,701.1,130403.98,78242.39,4601.51,10191.46,2065.05,95100.41,35303.57,27.07
ORD-003153,2024-11-08,2024,Q4,11,Latin America,Chile,Tablet,Retail,194,494.43,95918.64,49877.69,1849.74,3619.07,672.15,56018.64,39899.99,41.6
ORD-004495,2024-11-08,2024,Q4,11,North America,USA,Monitor,Enterprise,396,340.56,134860.38,74173.21,7793.5,10813.77,9855.52,102636.01,32224.37,23.89
ORD-000867,2024-11-08,2024,Q4,11,Europe,Spain,Printer,Distributor,205,302.77,62067.38,35378.41,2424.35,8083.4,3915.99,49802.15,12265.23,19.76
ORD-003110,2024-11-08,2024,Q4,11,Europe,France,Tablet,Distributor,171,515.58,88163.97,45845.27,1843.2,7898.62,3162.95,58750.03,29413.94,33.36
ORD-000933,2024-11-08,2024,Q4,11,Middle East,Saudi Arabia,Desktop,Online,404,650.15,262661.07,157596.64,3933.66,5774.38,7041.32,174346.01,88315.06,33.62
ORD-004724,2024-11-08,2024,Q4,11,Latin America,Argentina,Laptop,Retail,95,901.56,85648.2,49675.96,3324.46,2340.17,910.6,56251.19,29397.02,34.32
ORD-001487,2024-11-08,2024,Q4,11,Latin America,Brazil,Desktop,Distributor,449,767.48,344600.2,206760.12,12992.65,7656.64,9387.43,236796.85,107803.35,31.28
ORD-002032,2024-11-09,2024,Q4,11,Middle East,UAE,Tablet,Distributor,448,503.23,225447.69,117232.8,10279.43,21194.64,10679.41,159386.28,66061.41,29.3
ORD-003519,2024-11-09,2024,Q4,11,Europe,UK,Laptop,Enterprise,362,1017.75,368426.96,213687.64,8105.86,14543.56,2709.15,239046.21,129380.74,35.12
ORD-003362,2024-11-09,2024,Q4,11,North America,USA,Tablet,Distributor,96,481.69,46242.25,24045.97,1355.05,3100.86,372.32,28874.19,17368.06,37.56
ORD-004368,2024-11-09,2024,Q4,11,Latin America,Brazil,Tablet,Online,494,456.94,225728.05,117378.58,7405.96,9917.38,6906.05,141607.97,84120.07,37.27
ORD-002159,2024-11-09,2024,Q4,11,Latin America,Chile,Printer,Online,204,297.55,60700.58,34599.33,4317.74,4555.89,2416.59,45889.56,14811.02,24.4
ORD-000294,2024-11-09,2024,Q4,11,North America,USA,Printer,Retail,309,279.14,86253.15,49164.3,7884.02,12327.7,3694.68,73070.7,13182.45,15.28
ORD-003852,2024-11-10,2024,Q4,11,North America,USA,Monitor,Distributor,319,338.64,108025.91,59414.25,10925.1,10408.65,4295.96,85043.96,22981.95,21.27
ORD-000701,2024-11-10,2024,Q4,11,North America,Canada,Tablet,Enterprise,425,506.41,215223.55,111916.25,10298.44,12368.36,6167.44,140750.49,74473.06,34.6
ORD-003004,2024-11-10,2024,Q4,11,North America,USA,Desktop,Retail,467,802.29,374671.72,224803.03,7541.31,22136.7,2779.37,257260.42,117411.3,31.34
ORD-000037,2024-11-11,2024,Q4,11,North America,Canada,Monitor,Retail,5,268.84,1344.18,739.3,147.8,263.45,15.08,1165.63,178.56,13.28
ORD-004298,2024-11-11,2024,Q4,11,Middle East,Saudi Arabia,Tablet,Online,71,489.23,34735.11,18062.26,1313.41,935.99,1508.16,21819.81,12915.29,37.18
ORD-004392,2024-11-12,2024,Q4,11,Middle East,Saudi Arabia,Monitor,Distributor,62,327.77,20321.72,11176.95,2060.2,2614.02,814.49,16665.65,3656.08,17.99
ORD-003515,2024-11-12,2024,Q4,11,North America,Canada,Printer,Distributor,387,318.18,123136.89,70188.03,7898.02,10521.2,8884.98,97492.24,25644.66,20.83
ORD-001377,2024-11-12,2024,Q4,11,North America,Canada,Monitor,Retail,456,287.88,131273.29,72200.31,11274.77,20788.45,9774.81,114038.34,17234.95,13.13
ORD-001463,2024-11-13,2024,Q4,11,Middle East,UAE,Desktop,Enterprise,398,690.19,274693.95,164816.37,11316.48,6837.35,1277.64,184247.84,90446.11,32.93
ORD-001204,2024-11-13,2024,Q4,11,North America,Canada,Printer,Retail,458,317.43,145380.95,82867.14,10746.56,15719.33,8860.34,118193.37,27187.59,18.7
ORD-004986,2024-11-13,2024,Q4,11,North America,Canada,Printer,Enterprise,207,253.78,52532.18,29943.35,6222.39,3050.98,4571.17,43787.87,8744.31,16.65
ORD-000137,2024-11-13,2024,Q4,11,Asia Pacific,Singapore,Tablet,Distributor,419,539.2,225923.33,117480.13,3568.1,11019.4,4577.07,136644.7,89278.63,39.52
ORD-000760,2024-11-13,2024,Q4,11,Middle East,Qatar,Laptop,Enterprise,77,889.39,68482.93,39720.1,2197.86,3545.97,773.77,46237.7,22245.23,32.48
ORD-002463,2024-11-13,2024,Q4,11,Asia Pacific,Australia,Tablet,Retail,80,570.67,45653.24,23739.69,1991.89,4522.1,592.27,30845.95,14807.29,32.43
ORD-001124,2024-11-13,2024,Q4,11,Middle East,Qatar,Laptop,Retail,283,931.59,263641.28,152911.95,9528.8,15176.35,6801.68,184418.78,79222.5,30.05
ORD-003292,2024-11-14,2024,Q4,11,North America,Canada,Tablet,Online,208,547.98,113980.55,59269.89,5665.54,9426.66,5122.4,79484.48,34496.07,30.26
ORD-002382,2024-11-15,2024,Q4,11,North America,Canada,Printer,Retail,22,283.6,6239.27,3556.38,759.7,969.07,151.0,5436.15,803.12,12.87
ORD-000744,2024-11-15,2024,Q4,11,Asia Pacific,Japan,Desktop,Online,33,714.94,23592.91,14155.75,670.32,1419.55,325.43,16571.05,7021.86,29.76
ORD-002673,2024-11-15,2024,Q4,11,North America,Mexico,Server,Enterprise,431,2251.72,970493.14,659935.33,6556.16,8256.28,3283.6,678031.38,292461.76,30.14
ORD-004313,2024-11-16,2024,Q4,11,North America,Canada,Tablet,Enterprise,383,550.33,210775.06,109603.03,10151.31,22512.69,9247.27,151514.3,59260.76,28.12
ORD-000755,2024-11-16,2024,Q4,11,North America,USA,Desktop,Online,256,753.52,192900.86,115740.52,4633.46,7782.44,1571.77,129728.19,63172.68,32.75
ORD-002722,2024-11-16,2024,Q4,11,North America,Mexico,Server,Retail,141,2326.28,328004.8,223043.26,4042.09,7751.06,3145.69,237982.11,90022.69,27.45
ORD-001736,2024-11-16,2024,Q4,11,North America,Canada,Printer,Enterprise,476,252.79,120328.62,68587.31,11126.5,24361.1,4827.45,108902.37,11426.25,9.5
ORD-004355,2024-11-16,2024,Q4,11,Middle East,Qatar,Laptop,Distributor,129,825.04,106430.55,61729.72,3654.64,2799.96,2655.17,70839.48,35591.07,33.44
ORD-000282,2024-11-16,2024,Q4,11,Europe,Italy,Monitor,Online,278,327.21,90963.3,50029.82,3142.94,9072.81,3001.93,65247.49,25715.81,28.27
ORD-003197,2024-11-17,2024,Q4,11,North America,USA,Printer,Online,80,251.5,20120.03,11468.42,1901.74,2437.59,1452.67,17260.42,2859.62,14.21
ORD-002974,2024-11-17,2024,Q4,11,Europe,Italy,Tablet,Online,368,429.58,158084.94,82204.17,8808.44,9157.62,6094.09,106264.32,51820.62,32.78
ORD-002710,2024-11-17,2024,Q4,11,Latin America,Chile,Server,Distributor,82,2339.01,191799.05,130423.35,1036.2,3354.52,743.15,135557.22,56241.83,29.32
ORD-004663,2024-11-18,2024,Q4,11,Europe,UK,Laptop,Retail,35,910.35,31862.32,18480.14,834.45,1988.39,300.3,21603.28,10259.04,32.2
ORD-003498,2024-11-18,2024,Q4,11,Latin America,Chile,Desktop,Online,336,737.64,247847.76,148708.65,8386.77,8385.2,7987.92,173468.55,74379.21,30.01
ORD-001138,2024-11-19,2024,Q4,11,Asia Pacific,Singapore,Desktop,Distributor,77,846.75,65199.65,39119.79,2266.64,4053.3,774.61,46214.34,18985.31,29.12
ORD-002999,2024-11-19,2024,Q4,11,Asia Pacific,Australia,Printer,Online,75,297.06,22279.35,12699.23,2329.05,3028.39,1135.01,19191.68,3087.67,13.86
ORD-000820,2024-11-19,2024,Q4,11,Middle East,Saudi Arabia,Tablet,Retail,429,539.94,231636.3,120450.88,6934.47,24353.67,1862.2,153601.21,78035.09,33.69
ORD-001609,2024-11-19,2024,Q4,11,North America,Mexico,Desktop,Enterprise,67,815.68,54650.34,32790.2,1628.54,727.03,333.69,35479.45,19170.88,35.08
ORD-004849,2024-11-19,2024,Q4,11,Middle East,Qatar,Desktop,Online,154,726.53,111886.08,67131.65,1328.37,9021.66,589.51,78071.19,33814.89,30.22
ORD-004842,2024-11-20,2024,Q4,11,North America,Mexico,Tablet,Online,18,479.76,8635.64,4490.53,470.24,265.43,100.0,5326.21,3309.43,38.32
ORD-004961,2024-11-20,2024,Q4,11,Europe,France,Desktop,Enterprise,106,773.16,81955.03,49173.02,1105.19,5866.71,1524.29,57669.2,24285.82,29.63
ORD-002758,2024-11-20,2024,Q4,11,Middle East,Qatar,Server,Enterprise,443,2252.58,997893.6,678567.65,11617.8,19993.36,8876.0,719054.8,278838.79,27.94
ORD-002554,2024-11-20,2024,Q4,11,Middle East,Qatar,Monitor,Enterprise,323,335.17,108260.89,59543.49,6997.04,7346.57,5649.74,79536.85,28724.04,26.53
ORD-000733,2024-11-21,2024,Q4,11,Latin America,Argentina,Server,Retail,70,2257.55,158028.74,107459.54,2315.72,2549.57,1126.52,113451.35,44577.39,28.21
ORD-004414,2024-11-21,2024,Q4,11,Middle East,Saudi Arabia,Server,Online,474,2039.57,966756.37,657394.33,14860.1,18854.14,10434.57,701543.15,265213.22,27.43
ORD-002814,2024-11-21,2024,Q4,11,Latin America,Argentina,Server,Distributor,303,2524.02,764776.61,520048.1,4662.5,6461.63,7566.72,538738.95,226037.66,29.56
ORD-004633,2024-11-22,2024,Q4,11,Latin America,Chile,Printer,Online,94,287.56,27030.85,15407.58,1840.58,2632.45,761.0,20641.61,6389.23,23.64
ORD-004974,2024-11-22,2024,Q4,11,Middle East,Saudi Arabia,Server,Distributor,396,2504.88,991933.41,674514.72,7204.74,18415.75,5348.93,705484.14,286449.27,28.88
ORD-003021,2024-11-22,2024,Q4,11,North America,USA,Desktop,Online,500,705.06,352530.36,211518.21,9271.58,5354.26,5045.56,231189.61,121340.75,34.42
ORD-002988,2024-11-22,2024,Q4,11,Asia Pacific,India,Tablet,Online,392,444.84,174378.98,90677.07,7282.48,4089.27,3216.1,105264.91,69114.07,39.63
ORD-002173,2024-11-22,2024,Q4,11,Europe,Germany,Desktop,Online,298,782.16,233084.21,139850.52,5438.88,7170.04,1802.22,154261.67,78822.54,33.82
ORD-000902,2024-11-22,2024,Q4,11,Europe,Spain,Monitor,Distributor,399,296.56,118325.47,65079.01,6159.45,23681.92,8112.11,103032.5,15292.97,12.92
ORD-003851,2024-11-23,2024,Q4,11,Europe,Italy,Monitor,Distributor,416,298.72,124268.96,68347.93,3994.07,15511.27,10355.37,98208.64,26060.32,20.97
ORD-004472,2024-11-23,2024,Q4,11,Latin America,Argentina,Monitor,Retail,359,295.75,106173.89,58395.64,6064.27,20781.98,8775.92,94017.81,12156.08,11.45
ORD-001194,2024-11-23,2024,Q4,11,North America,Canada,Tablet,Retail,26,426.09,11078.36,5760.75,410.14,1393.67,436.98,8001.54,3076.83,27.77
ORD-001583,2024-11-23,2024,Q4,11,Middle East,Saudi Arabia,Tablet,Online,361,443.91,160249.96,83329.98,7591.87,5253.01,4879.3,101054.15,59195.81,36.94
ORD-000936,2024-11-23,2024,Q4,11,Europe,Germany,Tablet,Online,433,470.41,203686.28,105916.86,12928.56,20280.27,4499.75,143625.44,60060.83,29.49
ORD-000756,2024-11-24,2024,Q4,11,North America,Mexico,Laptop,Retail,469,805.7,377872.08,219165.8,10058.18,13663.18,5456.93,248344.09,129527.98,34.28
ORD-001937,2024-11-24,2024,Q4,11,Europe,France,Laptop,Online,152,850.8,129321.46,75006.45,3209.53,8060.8,3765.67,90042.46,39279.01,30.37
ORD-002806,2024-11-24,2024,Q4,11,Asia Pacific,Australia,Server,Distributor,455,1902.76,865755.2,588713.53,12528.34,19695.24,10270.94,631208.06,234547.14,27.09
ORD-001180,2024-11-24,2024,Q4,11,Europe,Italy,Server,Enterprise,28,2098.93,58770.01,39963.61,766.79,1118.3,282.69,42131.38,16638.63,28.31
ORD-000954,2024-11-25,2024,Q4,11,Latin America,Chile,Printer,Online,53,242.17,12835.13,7316.02,1629.29,1711.12,239.38,10895.81,1939.31,15.11
ORD-001063,2024-11-25,2024,Q4,11,Europe,Germany,Desktop,Enterprise,315,853.84,268960.0,161376.0,9359.22,13410.49,3256.94,187402.65,81557.35,30.32
ORD-004521,2024-11-25,2024,Q4,11,North America,USA,Desktop,Online,86,749.5,64457.37,38674.42,1809.34,1450.68,428.9,42363.34,22094.02,34.28
ORD-003424,2024-11-25,2024,Q4,11,Europe,UK,Laptop,Enterprise,151,905.23,136689.92,79280.16,1355.02,2998.0,2052.53,85685.71,51004.21,37.31
ORD-000005,2024-11-26,2024,Q4,11,Middle East,Qatar,Server,Online,457,2446.91,1118236.36,760400.73,6667.22,11513.04,10891.69,789472.68,328763.68,29.4
ORD-003596,2024-11-26,2024,Q4,11,North America,Mexico,Laptop,Distributor,359,966.92,347124.8,201332.38,4052.02,5265.53,6812.75,217462.69,129662.11,37.35
ORD-003164,2024-11-26,2024,Q4,11,Asia Pacific,India,Monitor,Retail,403,307.06,123744.74,68059.61,11924.39,15599.85,8339.36,103923.21,19821.53,16.02
ORD-003288,2024-11-26,2024,Q4,11,Latin America,Chile,Desktop,Online,189,848.57,160379.58,96227.75,4432.6,3280.0,2195.3,106135.64,54243.93,33.82
ORD-002929,2024-11-26,2024,Q4,11,Asia Pacific,Singapore,Desktop,Enterprise,294,777.7,228643.77,137186.26,6857.5,8793.97,5403.64,158241.37,70402.4,30.79
ORD-004874,2024-11-26,2024,Q4,11,Asia Pacific,Singapore,Tablet,Enterprise,319,537.41,171433.73,89145.54,7274.63,14900.15,5946.49,117266.81,54166.92,31.6
ORD-002866,2024-11-26,2024,Q4,11,Latin America,Brazil,Desktop,Enterprise,392,641.48,251460.54,150876.32,13342.54,14956.35,8755.95,187931.16,63529.38,25.26
ORD-002414,2024-11-27,2024,Q4,11,Middle East,Saudi Arabia,Desktop,Retail,217,659.58,143128.53,85877.12,4626.39,9110.12,3138.38,102752.01,40376.52,28.21
ORD-004369,2024-11-27,2024,Q4,11,North America,Canada,Monitor,Distributor,278,317.04,88138.3,48476.07,8594.0,2788.27,3912.87,63771.21,24367.09,27.65
ORD-002500,2024-11-27,2024,Q4,11,North America,Mexico,Server,Enterprise,22,2511.02,55242.43,37564.85,243.21,649.52,165.1,38622.69,16619.75,30.09
ORD-002930,2024-11-28,2024,Q4,11,Asia Pacific,Australia,Desktop,Online,45,654.84,29467.96,17680.77,789.32,662.66,721.5,19854.25,9613.7,32.62
ORD-003492,2024-11-28,2024,Q4,11,North America,Canada,Printer,Enterprise,359,306.83,110153.74,62787.63,5844.26,9759.01,1457.28,79848.18,30305.56,27.51
ORD-000762,2024-11-29,2024,Q4,11,Europe,Germany,Monitor,Online,135,303.44,40964.61,22530.54,1882.23,7275.5,2954.71,34642.97,6321.64,15.43
ORD-004631,2024-11-29,2024,Q4,11,North America,Mexico,Monitor,Online,241,323.84,78044.75,42924.61,6980.31,5096.02,3386.15,58387.09,19657.66,25.19
ORD-002388,2024-11-29,2024,Q4,11,Latin America,Chile,Desktop,Online,455,837.3,380969.99,228582.0,10377.81,25165.83,11352.23,275477.86,105492.13,27.69
ORD-001456,2024-11-29,2024,Q4,11,North America,Canada,Printer,Enterprise,45,264.76,11914.0,6790.98,520.49,839.37,280.33,8431.17,3482.83,29.23
ORD-004501,2024-11-29,2024,Q4,11,North America,USA,Tablet,Retail,232,468.73,108744.38,56547.08,3246.82,8771.11,2925.5,71490.5,37253.88,34.26
ORD-004933,2024-11-29,2024,Q4,11,North America,USA,Tablet,Enterprise,114,514.99,58708.48,30528.41,2833.92,1637.16,2677.06,37676.56,21031.93,35.82
ORD-001496,2024-11-29,2024,Q4,11,Middle East,Saudi Arabia,Server,Distributor,425,2333.25,991632.77,674310.28,3980.39,18334.64,5453.71,702079.03,289553.74,29.2
ORD-001440,2024-11-30,2024,Q4,11,Middle East,Qatar,Monitor,Distributor,26,335.68,8727.77,4800.28,572.75,1022.1,117.21,6512.34,2215.44,25.38
ORD-001252,2024-11-30,2024,Q4,11,Europe,Spain,Laptop,Online,65,933.24,60660.75,35183.23,1406.67,2560.24,424.69,39574.83,21085.91,34.76
ORD-003494,2024-11-30,2024,Q4,11,Europe,Italy,Desktop,Online,227,716.85,162723.83,97634.3,1947.24,11508.74,1307.85,112398.12,50325.71,30.93
ORD-001081,2024-11-30,2024,Q4,11,North America,USA,Desktop,Distributor,446,776.42,346284.45,207770.67,14071.81,7617.07,9712.24,239171.79,107112.66,30.93
ORD-000367,2024-12-01,2024,Q4,12,North America,USA,Desktop,Online,78,807.14,62956.59,37773.95,1785.78,2071.78,1662.84,43294.35,19662.23,31.23
ORD-001787,2024-12-01,2024,Q4,12,Asia Pacific,Australia,Tablet,Retail,255,501.39,127854.74,66484.47,8467.8,13401.62,3583.47,91937.36,35917.38,28.09
ORD-001211,2024-12-01,2024,Q4,12,Middle East,Qatar,Laptop,Online,288,972.4,280050.34,162429.2,9063.35,11828.64,4966.22,188287.42,91762.92,32.77
ORD-004344,2024-12-01,2024,Q4,12,North America,Canada,Monitor,Retail,84,312.41,26242.05,14433.13,2869.52,1590.14,898.05,19790.84,6451.21,24.58
ORD-001604,2024-12-01,2024,Q4,12,Asia Pacific,India,Server,Enterprise,61,2230.57,136064.6,92523.93,737.22,3403.81,469.16,97134.11,38930.49,28.61
ORD-003459,2024-12-01,2024,Q4,12,Middle East,Saudi Arabia,Monitor,Online,135,292.29,39458.53,21702.19,2257.1,6994.13,523.19,31476.6,7981.92,20.23
ORD-002061,2024-12-01,2024,Q4,12,Middle East,Saudi Arabia,Monitor,Online,347,317.54,110184.76,60601.62,9469.29,12116.3,1852.87,84040.08,26144.68,23.73
ORD-000651,2024-12-02,2024,Q4,12,Europe,Spain,Monitor,Enterprise,153,288.09,44077.07,24242.39,5026.68,6105.44,3728.61,39103.12,4973.95,11.28
ORD-002658,2024-12-02,2024,Q4,12,North America,Canada,Laptop,Enterprise,321,774.64,248659.87,144222.73,10932.07,7596.33,1487.18,164238.31,84421.56,33.95
ORD-002729,2024-12-02,2024,Q4,12,Europe,Spain,Tablet,Enterprise,473,492.63,233015.2,121167.9,9124.9,9421.95,11416.6,151131.34,81883.86,35.14
ORD-003845,2024-12-02,2024,Q4,12,North America,Canada,Monitor,Distributor,85,327.3,27820.34,15301.19,1839.89,3576.34,1636.96,22354.38,5465.96,19.65
ORD-000064,2024-12-03,2024,Q4,12,Latin America,Brazil,Desktop,Online,358,667.18,238849.86,143309.92,8109.96,10964.02,3073.73,165457.63,73392.23,30.73
ORD-000177,2024-12-03,2024,Q4,12,Latin America,Argentina,Monitor,Retail,89,341.61,30403.6,16721.98,1511.0,1478.2,1277.27,20988.45,9415.15,30.97
ORD-002306,2024-12-03,2024,Q4,12,Latin America,Argentina,Laptop,Enterprise,464,841.51,390459.22,226466.34,5683.96,23737.25,6687.99,262575.54,127883.67,32.75
ORD-003289,2024-12-03,2024,Q4,12,North America,Canada,Printer,Retail,482,313.84,151273.01,86225.62,12826.69,14359.38,9531.08,122942.77,28330.24,18.73
ORD-001343,2024-12-03,2024,Q4,12,Middle East,UAE,Laptop,Enterprise,77,890.89,68598.48,39787.12,2098.92,2704.63,733.52,45324.18,23274.3,33.93
ORD-003189,2024-12-03,2024,Q4,12,Asia Pacific,Japan,Laptop,Retail,432,1013.37,437774.92,253909.46,13991.6,19607.86,3392.67,290901.59,146873.33,33.55
ORD-000209,2024-12-03,2024,Q4,12,Europe,France,Server,Online,245,2311.41,566295.06,385080.64,5515.68,12579.82,784.31,403960.45,162334.61,28.67
ORD-001861,2024-12-03,2024,Q4,12,Europe,Germany,Tablet,Enterprise,303,504.58,152887.9,79501.71,9810.73,12119.38,6221.15,107652.97,45234.93,29.59
ORD-003630,2024-12-04,2024,Q4,12,Asia Pacific,Japan,Server,Retail,279,1904.46,531342.98,361313.22,3352.97,15825.91,6581.18,387073.28,144269.69,27.15
ORD-001066,2024-12-04,2024,Q4,12,Latin America,Chile,Desktop,Retail,220,807.29,177603.02,106561.81,4368.16,10704.66,3878.1,125512.72,52090.29,29.33
ORD-000456,2024-12-04,2024,Q4,12,Middle East,Saudi Arabia,Desktop,Retail,451,676.91,305287.52,183172.51,7795.83,16329.85,7024.45,214322.65,90964.88,29.8
ORD-003140,2024-12-04,2024,Q4,12,Middle East,Saudi Arabia,Monitor,Enterprise,172,334.41,57517.87,31634.83,2388.99,1916.94,1418.91,37359.67,20158.19,35.05
ORD-003465,2024-12-04,2024,Q4,12,North America,Canada,Tablet,Enterprise,343,475.11,162963.34,84740.93,3355.19,14889.64,6363.27,109349.04,53614.3,32.9
ORD-003576,2024-12-05,2024,Q4,12,Middle East,UAE,Server,Enterprise,331,2289.91,757959.9,515412.73,4571.49,19620.66,6593.85,546198.73,211761.17,27.94
ORD-001133,2024-12-05,2024,Q4,12,North America,Mexico,Monitor,Distributor,307,303.1,93052.17,51178.69,4887.36,14367.79,2653.83,73087.67,19964.5,21.46
ORD-004624,2024-12-05,2024,Q4,12,Asia Pacific,Australia,Laptop,Online,259,999.41,258846.55,150131.0,4810.6,4106.81,2687.52,161735.93,97110.62,37.52
ORD-003697,2024-12-05,2024,Q4,12,Middle East,Saudi Arabia,Laptop,Enterprise,115,923.19,106167.16,61576.95,2692.75,5102.76,1051.4,70423.86,35743.3,33.67
ORD-004733,2024-12-05,2024,Q4,12,Asia Pacific,India,Tablet,Online,190,508.84,96678.93,50273.04,5731.4,7444.57,4267.42,67716.42,28962.51,29.96
ORD-004944,2024-12-05,2024,Q4,12,Europe,Italy,Server,Enterprise,394,2334.62,919839.93,625491.16,7155.88,13802.83,7674.31,654124.16,265715.77,28.89
ORD-002461,2024-12-06,2024,Q4,12,Asia Pacific,Australia,Monitor,Retail,354,299.68,106087.24,58347.98,7036.04,21109.62,6470.97,92964.62,13122.63,12.37
ORD-001752,2024-12-06,2024,Q4,12,Europe,UK,Monitor,Online,480,286.35,137450.34,75597.69,10212.66,21871.28,5299.13,112980.75,24469.59,17.8
ORD-002597,2024-12-06,2024,Q4,12,Latin America,Chile,Server,Distributor,442,1922.03,849535.7,577684.28,6211.03,18974.6,4691.37,607561.28,241974.43,28.48
ORD-004307,2024-12-06,2024,Q4,12,Europe,France,Printer,Distributor,341,320.99,109457.45,62390.75,7453.21,11483.1,3106.24,84433.3,25024.15,22.86
ORD-000354,2024-12-06,2024,Q4,12,North America,Mexico,Monitor,Online,464,289.19,134186.37,73802.5,6972.02,19064.84,3791.61,103630.98,30555.39,22.77
ORD-001004,2024-12-07,2024,Q4,12,Asia Pacific,Japan,Desktop,Retail,346,682.94,236297.39,141778.43,6841.68,14817.63,8615.6,172053.34,64244.04,27.19
ORD-000898,2024-12-07,2024,Q4,12,Middle East,Saudi Arabia,Desktop,Online,259,748.67,193904.58,116342.75,4475.67,6397.68,980.18,128196.27,65708.31,33.89
ORD-001709,2024-12-07,2024,Q4,12,Asia Pacific,Singapore,Laptop,Online,323,838.49,270833.49,157083.42,8357.83,6027.39,6804.11,178272.75,92560.74,34.18
ORD-001762,2024-12-07,2024,Q4,12,Asia Pacific,India,Desktop,Retail,372,721.29,268320.26,160992.16,5768.1,6082.68,1605.78,174448.72,93871.54,34.98
ORD-003065,2024-12-07,2024,Q4,12,Latin America,Chile,Printer,Enterprise,177,261.58,46300.07,26391.04,4755.21,8972.48,4134.08,44252.81,2047.26,4.42
ORD-003903,2024-12-07,2024,Q4,12,North America,USA,Monitor,Online,212,273.04,57884.69,31836.58,6389.44,3327.09,2111.82,43664.93,14219.76,24.57
ORD-001594,2024-12-08,2024,Q4,12,North America,Mexico,Monitor,Retail,243,282.92,68749.64,37812.3,3754.56,4346.57,957.99,46871.43,21878.22,31.82
ORD-002593,2024-12-08,2024,Q4,12,North America,USA,Monitor,Distributor,156,320.36,49976.21,27486.91,4054.02,2401.63,1223.78,35166.35,14809.86,29.63
ORD-004742,2024-12-08,2024,Q4,12,Asia Pacific,Japan,Monitor,Retail,340,295.82,100578.86,55318.37,10318.42,14308.82,6802.95,86748.56,13830.3,13.75
ORD-002413,2024-12-08,2024,Q4,12,Europe,Germany,Desktop,Online,423,729.41,308540.32,185124.19,5299.54,25355.42,6000.62,221779.77,86760.55,28.12
ORD-004758,2024-12-09,2024,Q4,12,Asia Pacific,Australia,Tablet,Retail,487,550.65,268167.07,139446.88,4640.62,15072.07,8085.96,167245.53,100921.54,37.63
ORD-000010,2024-12-09,2024,Q4,12,Middle East,UAE,Tablet,Enterprise,79,441.98,34916.59,18156.63,2100.04,4261.91,749.82,25268.4,9648.19,27.63
ORD-002198,2024-12-09,2024,Q4,12,Middle East,Qatar,Laptop,Retail,347,853.54,296179.57,171784.15,6382.17,20506.32,2098.28,200770.92,95408.66,32.21
ORD-001817,2024-12-10,2024,Q4,12,North America,Canada,Laptop,Retail,215,872.05,187489.97,108744.19,6634.74,12133.05,1615.51,129127.49,58362.49,31.13
ORD-001541,2024-12-10,2024,Q4,12,North America,Canada,Tablet,Online,299,535.87,160223.84,83316.4,3667.93,11830.54,7031.63,105846.49,54377.34,33.94
ORD-004776,2024-12-10,2024,Q4,12,Latin America,Argentina,Laptop,Retail,35,946.02,33110.6,19204.15,773.39,1218.27,377.04,21572.85,11537.75,34.85
ORD-004766,2024-12-10,2024,Q4,12,Asia Pacific,Singapore,Server,Online,8,2200.95,17607.59,11973.16,222.34,306.99,97.64,12600.12,5007.47,28.44
ORD-004001,2024-12-10,2024,Q4,12,Europe,Italy,Monitor,Online,233,337.49,78634.79,43249.13,4242.24,2665.73,882.11,51039.22,27595.57,35.09
ORD-003799,2024-12-10,2024,Q4,12,Europe,France,Laptop,Enterprise,354,842.73,298326.6,173029.43,4141.0,15879.03,8122.73,201172.19,97154.41,32.57
ORD-000834,2024-12-11,2024,Q4,12,North America,USA,Printer,Retail,375,313.72,117646.54,67058.53,6982.33,13974.45,4905.5,92920.81,24725.73,21.02
ORD-000638,2024-12-11,2024,Q4,12,Europe,Spain,Server,Retail,152,1986.18,301899.14,205291.42,1486.51,7865.9,1072.7,215716.53,86182.62,28.55
ORD-000184,2024-12-11,2024,Q4,12,Latin America,Brazil,Server,Online,390,1968.4,767677.8,522020.9,11548.21,15544.9,8271.35,557385.37,210292.43,27.39
ORD-000877,2024-12-12,2024,Q4,12,Europe,France,Laptop,Retail,462,800.48,369822.78,214497.21,4961.41,20246.98,7158.02,246863.62,122959.17,33.25
ORD-002436,2024-12-12,2024,Q4,12,Asia Pacific,Singapore,Desktop,Online,67,661.02,44288.2,26572.92,1102.16,3043.36,1631.92,32350.36,11937.84,26.95
ORD-004734,2024-12-12,2024,Q4,12,Europe,France,Printer,Retail,315,263.24,82920.45,47264.66,4709.08,18440.23,6395.1,76809.07,6111.39,7.37
ORD-004503,2024-12-13,2024,Q4,12,North America,USA,Printer,Distributor,476,294.22,140049.03,79827.95,12700.88,25159.34,1729.89,119418.06,20630.97,14.73
ORD-003513,2024-12-13,2024,Q4,12,Europe,Italy,Server,Online,188,2010.37,377948.89,257005.25,4756.04,2942.44,1013.37,265717.1,112231.79,29.69
ORD-002429,2024-12-13,2024,Q4,12,North America,Canada,Laptop,Online,497,937.29,465832.04,270182.58,10678.61,19213.45,10095.48,310170.12,155661.92,33.42
ORD-000477,2024-12-13,2024,Q4,12,Asia Pacific,India,Laptop,Enterprise,357,815.64,291185.18,168887.4,4764.47,20779.38,5404.53,199835.79,91349.39,31.37
ORD-004614,2024-12-13,2024,Q4,12,Asia Pacific,Singapore,Monitor,Distributor,113,293.99,33221.22,18271.67,1449.87,6466.13,2756.28,28943.94,4277.28,12.88
ORD-001732,2024-12-13,2024,Q4,12,Europe,France,Server,Retail,165,1989.61,328285.76,223234.32,1808.24,4100.11,2280.62,231423.29,96862.47,29.51
ORD-002980,2024-12-14,2024,Q4,12,Europe,France,Printer,Retail,373,310.84,115942.03,66086.96,10667.26,9330.88,5305.75,91390.85,24551.18,21.18
ORD-001319,2024-12-14,2024,Q4,12,North America,USA,Monitor,Online,181,325.25,58869.98,32378.49,1837.49,6481.31,2276.63,42973.92,15896.06,27.0
ORD-001205,2024-12-14,2024,Q4,12,North America,Canada,Laptop,Online,474,848.03,401964.21,233139.24,13569.37,27780.61,8789.62,283278.84,118685.37,29.53
ORD-003831,2024-12-14,2024,Q4,12,Europe,Italy,Monitor,Distributor,357,318.89,113843.49,62613.92,5973.23,14686.79,6200.87,89474.81,24368.68,21.41
ORD-001930,2024-12-15,2024,Q4,12,Middle East,UAE,Tablet,Online,451,560.51,252790.14,131450.87,4580.3,5882.83,2097.32,144011.32,108778.82,43.03
ORD-000708,2024-12-15,2024,Q4,12,Middle East,UAE,Laptop,Online,308,776.12,239044.3,138645.7,9175.7,13715.41,7475.15,169011.96,70032.35,29.3
ORD-000647,2024-12-15,2024,Q4,12,Middle East,Saudi Arabia,Tablet,Online,5,491.62,2458.1,1278.21,78.38,87.5,42.27,1486.36,971.74,39.53
ORD-001626,2024-12-15,2024,Q4,12,Latin America,Argentina,Printer,Distributor,200,291.93,58386.49,33280.3,4885.97,8265.09,4328.12,50759.49,7627.01,13.06
ORD-004132,2024-12-15,2024,Q4,12,Middle East,Qatar,Server,Distributor,231,2505.56,578784.81,393573.67,4579.9,10104.22,4629.47,412887.27,165897.54,28.66
ORD-003608,2024-12-16,2024,Q4,12,Middle East,Saudi Arabia,Desktop,Enterprise,403,709.17,285797.22,171478.33,3694.75,23922.56,9964.28,209059.91,76737.3,26.85
ORD-003964,2024-12-16,2024,Q4,12,Asia Pacific,Japan,Tablet,Distributor,187,482.1,90152.98,46879.55,1789.2,7668.98,2840.16,59177.89,30975.09,34.36
ORD-001956,2024-12-16,2024,Q4,12,Asia Pacific,Japan,Laptop,Online,468,845.75,395812.85,229571.45,5660.52,25021.18,10192.45,270445.6,125367.25,31.67
ORD-004927,2024-12-17,2024,Q4,12,North America,USA,Printer,Enterprise,409,278.33,113837.11,64887.15,8234.17,21365.4,1737.81,96224.53,17612.58,15.47
ORD-001213,2024-12-18,2024,Q4,12,Latin America,Argentina,Monitor,Online,470,326.61,153505.15,84427.83,12907.25,17879.59,5277.12,120491.8,33013.35,21.51
ORD-001690,2024-12-18,2024,Q4,12,Middle East,UAE,Server,Retail,376,1968.67,740221.49,503350.61,8680.79,8718.7,9321.71,530071.82,210149.67,28.39
ORD-001422,2024-12-18,2024,Q4,12,Asia Pacific,Japan,Laptop,Enterprise,14,926.77,12974.84,7525.41,219.75,804.78,267.93,8817.87,4156.97,32.04
ORD-002282,2024-12-18,2024,Q4,12,North America,Canada,Server,Distributor,320,2180.05,697616.48,474379.21,5484.58,5593.96,1878.09,487335.85,210280.64,30.14
ORD-001713,2024-12-19,2024,Q4,12,Europe,Spain,Laptop,Online,446,898.85,400888.53,232515.35,6269.98,12058.03,4530.03,255373.39,145515.14,36.3
ORD-003007,2024-12-19,2024,Q4,12,Europe,Germany,Laptop,Enterprise,100,772.33,77232.6,44794.91,942.48,4649.21,1821.07,52207.68,25024.92,32.4
ORD-002750,2024-12-19,2024,Q4,12,Europe,Germany,Tablet,Retail,20,480.05,9601.01,4992.52,174.22,445.05,61.54,5673.33,3927.68,40.91
ORD-004096,2024-12-20,2024,Q4,12,North America,Canada,Monitor,Retail,226,340.28,76903.93,42297.16,7879.4,6098.98,3704.59,59980.13,16923.8,22.01
ORD-001219,2024-12-21,2024,Q4,12,Europe,France,Monitor,Online,56,312.17,17481.71,9614.94,1458.81,2676.25,462.39,14212.39,3269.32,18.7
ORD-002119,2024-12-21,2024,Q4,12,Europe,UK,Laptop,Online,420,939.47,394577.97,228855.22,7860.41,23846.82,7297.96,267860.41,126717.56,32.11
ORD-001234,2024-12-21,2024,Q4,12,Asia Pacific,India,Monitor,Enterprise,260,341.64,88825.81,48854.2,2773.2,2805.8,2104.24,56537.44,32288.37,36.35
ORD-002820,2024-12-21,2024,Q4,12,Europe,UK,Printer,Distributor,123,274.44,33755.64,19240.71,3910.87,4950.72,1703.28,29805.58,3950.05,11.7
ORD-000846,2024-12-21,2024,Q4,12,Asia Pacific,Japan,Desktop,Retail,104,804.56,83674.41,50204.64,1485.44,2869.85,724.83,55284.76,28389.65,33.93
ORD-002939,2024-12-22,2024,Q4,12,Latin America,Brazil,Server,Online,57,2201.2,125468.47,85318.56,1216.01,2423.45,1112.49,90070.51,35397.96,28.21
ORD-000356,2024-12-22,2024,Q4,12,Middle East,Saudi Arabia,Desktop,Online,485,798.12,387086.1,232251.66,4434.42,10309.32,5565.06,252560.46,134525.64,34.75
ORD-002705,2024-12-23,2024,Q4,12,North America,Canada,Laptop,Enterprise,370,810.31,299813.15,173891.63,4304.93,15271.26,7278.47,200746.29,99066.86,33.04
ORD-000501,2024-12-23,2024,Q4,12,Europe,Germany,Monitor,Enterprise,389,330.58,128595.84,70727.71,12063.16,20284.15,9174.85,112249.87,16345.97,12.71
ORD-004512,2024-12-23,2024,Q4,12,Middle East,Qatar,Server,Online,362,2085.68,755017.67,513412.01,9820.51,9699.3,2008.9,534940.73,220076.94,29.15
ORD-002603,2024-12-24,2024,Q4,12,Middle East,Saudi Arabia,Printer,Online,288,307.99,88701.43,50559.82,6998.44,6651.48,7178.73,71388.46,17312.97,19.52
ORD-004477,2024-12-24,2024,Q4,12,Middle East,UAE,Tablet,Online,359,483.84,173699.57,90323.78,4125.34,18390.78,6585.13,119425.02,54274.55,31.25
ORD-001935,2024-12-25,2024,Q4,12,North America,Canada,Laptop,Online,332,812.29,269681.89,156415.5,7649.18,19603.81,5982.38,189650.87,80031.02,29.68
ORD-003741,2024-12-25,2024,Q4,12,Latin America,Brazil,Laptop,Retail,379,988.55,374661.67,217303.77,11926.7,12142.03,3163.62,244536.12,130125.55,34.73
ORD-004015,2024-12-25,2024,Q4,12,Europe,Spain,Laptop,Enterprise,426,895.77,381597.21,221326.38,11346.34,6886.07,3018.39,242577.19,139020.03,36.43
ORD-000621,2024-12-25,2024,Q4,12,Middle East,UAE,Tablet,Retail,153,550.45,84219.08,43793.92,2411.6,1993.62,1913.37,50112.52,34106.56,40.5
ORD-002537,2024-12-25,2024,Q4,12,Middle East,UAE,Laptop,Enterprise,426,948.04,403862.97,234240.52,7846.67,9064.76,2620.81,253772.76,150090.21,37.16
ORD-001239,2024-12-25,2024,Q4,12,Asia Pacific,Japan,Monitor,Retail,55,315.56,17355.87,9545.73,1292.31,2293.17,391.63,13522.83,3833.03,22.08
ORD-003192,2024-12-26,2024,Q4,12,North America,Mexico,Monitor,Enterprise,425,320.58,136246.58,74935.62,4436.47,6498.09,4211.43,90081.61,46164.98,33.88
ORD-001751,2024-12-26,2024,Q4,12,Europe,Spain,Desktop,Retail,95,724.65,68841.97,41305.18,1340.41,1152.1,1660.11,45457.8,23384.17,33.97
ORD-002910,2024-12-26,2024,Q4,12,Middle East,Qatar,Server,Retail,320,1990.22,636871.8,433072.83,10768.52,11101.5,5573.07,460515.91,176355.89,27.69
ORD-001547,2024-12-26,2024,Q4,12,North America,Canada,Tablet,Online,252,474.46,119564.67,62173.63,4058.43,3484.7,3286.79,73003.55,46561.12,38.94
ORD-002444,2024-12-27,2024,Q4,12,Europe,Spain,Tablet,Online,31,425.64,13194.88,6861.34,438.63,481.78,283.69,8065.45,5129.43,38.87
ORD-002890,2024-12-27,2024,Q4,12,North America,Mexico,Monitor,Online,163,290.37,47329.6,26031.28,3334.03,6573.74,2298.56,38237.6,9092.0,19.21
ORD-002956,2024-12-27,2024,Q4,12,Asia Pacific,Singapore,Tablet,Online,247,529.97,130902.37,68069.23,5632.39,9809.83,5816.09,89327.55,41574.82,31.76
ORD-002013,2024-12-27,2024,Q4,12,Latin America,Chile,Monitor,Distributor,398,310.09,123415.76,67878.67,6532.2,23751.55,7294.55,105456.97,17958.79,14.55
ORD-003419,2024-12-28,2024,Q4,12,Middle East,Qatar,Printer,Retail,215,309.12,66461.6,37883.11,5214.3,7015.34,2654.4,52767.16,13694.45,20.61
ORD-001232,2024-12-28,2024,Q4,12,Europe,Spain,Laptop,Enterprise,129,826.44,106611.01,61834.38,3258.55,4882.77,2463.52,72439.23,34171.78,32.05
ORD-004093,2024-12-28,2024,Q4,12,Middle East,Saudi Arabia,Laptop,Distributor,360,993.88,357795.39,207521.33,8115.89,8856.92,8922.93,233417.07,124378.32,34.76
ORD-001217,2024-12-28,2024,Q4,12,Middle East,Qatar,Server,Online,395,2492.8,984654.51,669565.07,8921.33,4308.81,9841.35,692636.56,292017.95,29.66
ORD-000674,2024-12-28,2024,Q4,12,Latin America,Brazil,Laptop,Retail,328,925.23,303476.93,176016.62,8315.07,8591.09,5155.37,198078.14,105398.78,34.73
ORD-003315,2024-12-28,2024,Q4,12,North America,Canada,Server,Retail,273,2474.58,675559.48,459380.45,6207.97,12773.94,2667.96,481030.31,194529.17,28.8
ORD-004343,2024-12-28,2024,Q4,12,Latin America,Chile,Laptop,Online,441,927.55,409048.9,237248.36,7604.32,6515.2,10142.87,261510.75,147538.15,36.07
ORD-002563,2024-12-28,2024,Q4,12,Latin America,Chile,Server,Online,83,2356.07,195553.68,132976.5,2283.41,1903.34,837.31,138000.57,57553.12,29.43
ORD-000836,2024-12-28,2024,Q4,12,Latin America,Chile,Monitor,Retail,412,304.79,125574.02,69065.71,5808.04,15583.4,3760.69,94217.84,31356.18,24.97
ORD-001596,2024-12-29,2024,Q4,12,Asia Pacific,Australia,Printer,Retail,202,239.6,48399.05,27587.46,6066.34,3039.36,1606.33,38299.49,10099.56,20.87
ORD-001735,2024-12-29,2024,Q4,12,North America,Canada,Tablet,Retail,446,565.39,252163.97,131125.26,9188.07,18445.01,5256.81,164015.16,88148.81,34.96
ORD-003727,2024-12-29,2024,Q4,12,Latin America,Argentina,Desktop,Retail,74,655.45,48503.27,29101.96,1016.55,1800.37,757.79,32676.67,15826.6,32.63
ORD-004585,2024-12-29,2024,Q4,12,Latin America,Brazil,Tablet,Enterprise,493,439.11,216479.56,112569.37,14687.02,25572.84,1852.07,154681.3,61798.26,28.55
ORD-001104,2024-12-29,2024,Q4,12,Europe,France,Laptop,Online,472,989.33,466961.63,270837.75,7977.3,17495.07,2288.78,298598.89,168362.74,36.05
ORD-002591,2024-12-30,2024,Q4,12,North America,USA,Desktop,Enterprise,41,704.46,28883.05,17329.83,778.23,1599.76,611.23,20319.04,8564.01,29.65
ORD-002652,2024-12-30,2024,Q4,12,North America,Canada,Laptop,Enterprise,141,799.65,112751.27,65395.74,4916.24,1872.5,2378.41,74562.89,38188.38,33.87
ORD-000665,2024-12-30,2024,Q4,12,North America,Mexico,Server,Distributor,392,2430.12,952606.69,647772.55,9093.33,13818.94,7224.66,677909.48,274697.21,28.84
ORD-001244,2024-12-30,2024,Q4,12,Asia Pacific,India,Laptop,Enterprise,59,844.11,49802.44,28885.42,1182.83,2635.84,1184.51,33888.59,15913.85,31.95
ORD-001039,2024-12-30,2024,Q4,12,Asia Pacific,Japan,Laptop,Online,401,1018.5,408418.73,236882.86,12049.56,8221.99,8176.63,265331.04,143087.69,35.03
ORD-003606,2024-12-30,2024,Q4,12,Europe,France,Printer,Online,222,262.14,58195.73,33171.56,7407.14,11464.62,3202.7,55246.03,2949.7,5.07
ORD-003718,2024-12-31,2024,Q4,12,Europe,Spain,Monitor,Distributor,7,315.75,2210.28,1215.66,217.25,390.66,99.36,1922.92,287.36,13.0
ORD-003591,2024-12-31,2024,Q4,12,North America,USA,Laptop,Retail,354,839.62,297226.48,172391.36,7921.5,9474.91,5087.03,194874.8,102351.68,34.44
ORD-002270,2024-12-31,2024,Q4,12,Latin America,Argentina,Printer,Enterprise,348,286.6,99737.53,56850.39,10758.63,5399.62,4969.32,77977.95,21759.58,21.82
ORD-004055,2024-12-31,2024,Q4,12,Middle East,UAE,Tablet,Distributor,250,567.97,141992.84,73836.28,5221.74,8972.75,4877.02,92907.79,49085.05,34.57
ORD-004489,2024-12-31,2024,Q4,12,Asia Pacific,Australia,Desktop,Distributor,31,683.11,21176.32,12705.79,678.29,1252.75,138.07,14774.91,6401.41,30.23
ORD-001922,2024-12-31,2024,Q4,12,Europe,Italy,Printer,Retail,194,252.38,48961.64,27908.14,2901.86,4316.44,3775.9,38902.34,10059.3,20.55
ORD-003261,2025-01-01,2025,Q1,1,Europe,UK,Tablet,Retail,410,563.13,230883.02,120059.17,4511.42,15996.06,9334.93,149901.57,80981.45,35.07
ORD-003943,2025-01-01,2025,Q1,1,Asia Pacific,Australia,Server,Online,251,2287.79,574234.07,390479.17,7248.26,10391.52,6098.96,414217.91,160016.17,27.87
ORD-004670,2025-01-01,2025,Q1,1,Asia Pacific,India,Desktop,Distributor,60,815.36,48921.45,29352.87,800.99,2336.29,403.03,32893.19,16028.26,32.76
ORD-004494,2025-01-01,2025,Q1,1,North America,USA,Desktop,Enterprise,121,724.92,87714.94,52628.97,1269.53,3117.18,810.28,57825.95,29888.99,34.08
ORD-003219,2025-01-01,2025,Q1,1,Asia Pacific,Australia,Tablet,Retail,168,565.97,95082.53,49442.92,1835.81,3080.48,3883.22,58242.43,36840.1,38.75
ORD-003970,2025-01-02,2025,Q1,1,Europe,Italy,Printer,Online,436,307.36,134010.14,76385.78,9676.68,6659.19,4669.72,97391.37,36618.77,27.33
ORD-004174,2025-01-02,2025,Q1,1,Asia Pacific,Japan,Desktop,Enterprise,234,744.97,174323.99,104594.39,6689.66,3980.13,1705.97,116970.16,57353.83,32.9
ORD-001934,2025-01-02,2025,Q1,1,North America,USA,Desktop,Retail,117,768.74,89942.76,53965.66,2183.12,5528.32,2915.21,64592.31,25350.46,28.19
ORD-003273,2025-01-03,2025,Q1,1,North America,Mexico,Monitor,Retail,358,304.85,109136.44,60025.04,9954.82,10330.57,1295.74,81606.18,27530.27,25.23
ORD-002579,2025-01-03,2025,Q1,1,Middle East,Qatar,Printer,Online,495,279.32,138263.56,78810.23,5114.78,21118.55,10154.79,115198.35,23065.2,16.68
ORD-003126,2025-01-03,2025,Q1,1,Asia Pacific,Japan,Monitor,Online,49,295.98,14503.17,7976.74,1382.58,2687.55,1132.91,13179.78,1323.39,9.12
ORD-003939,2025-01-04,2025,Q1,1,Asia Pacific,India,Monitor,Retail,188,307.24,57760.54,31768.3,5323.22,2299.95,1819.18,41210.65,16549.89,28.65
ORD-000318,2025-01-04,2025,Q1,1,Asia Pacific,Japan,Printer,Online,490,294.11,144113.75,82144.84,8672.05,20214.91,8640.72,119672.52,24441.23,16.96
ORD-001949,2025-01-04,2025,Q1,1,Middle East,Saudi Arabia,Monitor,Retail,359,260.92,93671.74,51519.46,5130.0,18886.59,6347.54,81883.58,11788.16,12.58
ORD-003258,2025-01-04,2025,Q1,1,Middle East,UAE,Laptop,Distributor,460,781.75,359602.99,208569.74,4390.65,12603.8,2726.27,228290.46,131312.53,36.52
ORD-002163,2025-01-05,2025,Q1,1,Europe,Spain,Printer,Distributor,234,291.18,68135.09,38837.0,3143.64,10920.08,1506.88,54407.6,13727.49,20.15
ORD-004118,2025-01-05,2025,Q1,1,Latin America,Chile,Desktop,Retail,40,678.52,27140.96,16284.58,1332.09,406.57,702.39,18725.62,8415.34,31.01
ORD-000862,2025-01-05,2025,Q1,1,North America,Canada,Desktop,Retail,223,638.87,142467.09,85480.26,1834.55,4682.67,5251.0,97248.47,45218.63,31.74
ORD-003553,2025-01-05,2025,Q1,1,Europe,UK,Laptop,Enterprise,464,906.33,420536.4,243911.11,4463.36,24127.82,7647.98,280150.27,140386.13,33.38
ORD-004398,2025-01-06,2025,Q1,1,Asia Pacific,Singapore,Tablet,Online,246,493.41,121377.8,63116.45,4119.96,10102.73,2305.26,79644.41,41733.39,34.38
ORD-004907,2025-01-06,2025,Q1,1,Middle East,UAE,Desktop,Online,353,806.48,284686.62,170811.97,7507.78,11535.53,6786.76,196642.04,88044.58,30.93
ORD-001090,2025-01-06,2025,Q1,1,Europe,Spain,Desktop,Distributor,35,768.55,26899.34,16139.61,655.42,1639.85,292.22,18727.09,8172.25,30.38
ORD-002859,2025-01-07,2025,Q1,1,Europe,UK,Laptop,Online,80,938.66,75092.55,43553.68,2283.1,2797.89,612.62,49247.29,25845.26,34.42
ORD-000504,2025-01-07,2025,Q1,1,Europe,Germany,Desktop,Online,58,717.32,41604.5,24962.7,1496.2,3032.41,1052.19,30543.5,11061.0,26.59
ORD-001616,2025-01-07,2025,Q1,1,Asia Pacific,Australia,Monitor,Online,92,293.15,26969.67,14833.32,2282.64,2133.38,547.97,19797.3,7172.37,26.59
ORD-001068,2025-01-08,2025,Q1,1,Middle East,Qatar,Server,Retail,167,2368.81,395591.6,269002.29,1899.96,7104.23,1972.71,279979.19,115612.42,29.23
ORD-000533,2025-01-08,2025,Q1,1,Asia Pacific,Japan,Laptop,Retail,129,768.0,99072.2,57461.87,1817.7,1522.91,3122.53,63925.01,35147.19,35.48
ORD-004683,2025-01-08,2025,Q1,1,North America,Canada,Tablet,Online,51,464.95,23712.51,12330.5,1481.22,1703.82,780.68,16296.22,7416.28,31.28
ORD-001953,2025-01-08,2025,Q1,1,Middle East,UAE,Server,Distributor,13,2146.94,27910.19,18978.93,376.17,139.97,173.43,19668.5,8241.69,29.53
ORD-004180,2025-01-09,2025,Q1,1,Europe,Italy,Desktop,Enterprise,263,766.61,201618.23,120970.94,2114.82,7738.48,3336.78,134161.01,67457.21,33.46
ORD-001527,2025-01-09,2025,Q1,1,Europe,Italy,Tablet,Online,321,448.38,143928.65,74842.9,9752.54,9823.14,4528.94,98947.52,44981.13,31.25
ORD-003675,2025-01-09,2025,Q1,1,Latin America,Brazil,Monitor,Online,13,307.93,4003.03,2201.66,453.81,542.75,105.0,3303.22,699.8,17.48
ORD-002529,2025-01-09,2025,Q1,1,Europe,UK,Server,Retail,124,2482.32,307807.24,209308.92,2089.66,6542.75,1896.6,219837.93,87969.31,28.58
ORD-001458,2025-01-09,2025,Q1,1,North America,Mexico,Laptop,Distributor,129,982.18,126700.81,73486.47,3788.32,2958.08,2698.81,82931.67,43769.13,34.55
ORD-003156,2025-01-09,2025,Q1,1,North America,USA,Desktop,Enterprise,447,840.84,375856.35,225513.81,4605.7,21570.47,2475.21,254165.19,121691.16,32.38
ORD-002708,2025-01-09,2025,Q1,1,North America,USA,Laptop,Retail,404,904.94,365593.96,212044.49,12868.84,5559.56,6111.04,236583.93,129010.03,35.29
ORD-000763,2025-01-10,2025,Q1,1,Middle East,Saudi Arabia,Tablet,Retail,186,519.47,96621.45,50243.15,4578.06,5466.15,1324.32,61611.69,35009.76,36.23
ORD-004228,2025-01-10,2025,Q1,1,Middle East,Qatar,Server,Retail,451,2520.46,1136728.51,772975.39,8821.0,22097.79,9518.16,813412.34,323316.17,28.44
ORD-004817,2025-01-10,2025,Q1,1,Middle East,Saudi Arabia,Server,Online,483,2300.41,1111099.85,755547.9,9189.2,19840.9,7339.99,791917.99,319181.86,28.73
ORD-004474,2025-01-10,2025,Q1,1,North America,USA,Printer,Online,362,261.91,94813.14,54043.49,12232.14,8501.05,2916.19,77692.87,17120.26,18.06
ORD-002212,2025-01-10,2025,Q1,1,North America,Mexico,Tablet,Distributor,115,433.84,49891.07,25943.36,2248.88,1403.2,1959.57,31555.01,18336.06,36.75
ORD-004143,2025-01-10,2025,Q1,1,Europe,UK,Monitor,Retail,39,299.95,11697.99,6433.89,709.87,2198.03,721.61,10063.41,1634.58,13.97
ORD-001137,2025-01-10,2025,Q1,1,North America,USA,Printer,Online,322,283.24,91202.58,51985.47,9604.65,6889.59,7527.73,76007.43,15195.14,16.66
ORD-003268,2025-01-11,2025,Q1,1,North America,Canada,Printer,Enterprise,416,317.48,132072.22,75281.16,6164.17,24279.25,8473.31,114197.9,17874.32,13.53
ORD-004544,2025-01-11,2025,Q1,1,Latin America,Brazil,Laptop,Online,447,959.83,429044.32,248845.71,14297.41,12098.95,2689.47,277931.54,151112.78,35.22
ORD-001129,2025-01-11,2025,Q1,1,Asia Pacific,Australia,Laptop,Distributor,93,824.32,76661.36,44463.59,2636.82,5106.9,2078.44,54285.75,22375.61,29.19
ORD-001645,2025-01-12,2025,Q1,1,North America,USA,Tablet,Retail,30,547.3,16419.04,8537.9,1004.2,679.78,233.54,10455.42,5963.62,36.32
ORD-004586,2025-01-12,2025,Q1,1,North America,Canada,Desktop,Online,204,715.13,145886.86,87532.12,2785.2,11679.47,982.59,102979.38,42907.48,29.41
ORD-001322,2025-01-12,2025,Q1,1,North America,USA,Desktop,Enterprise,114,847.91,96661.51,57996.91,2624.85,4760.9,476.04,65858.7,30802.81,31.87
ORD-001945,2025-01-12,2025,Q1,1,North America,USA,Server,Online,189,2144.66,405340.61,275631.61,5020.3,3334.3,4228.6,288214.81,117125.8,28.9
ORD-004890,2025-01-13,2025,Q1,1,North America,Canada,Server,Enterprise,365,2419.82,883235.24,600599.96,9599.1,13344.03,4853.18,628396.26,254838.97,28.85
ORD-002232,2025-01-13,2025,Q1,1,Middle East,UAE,Desktop,Online,313,728.18,227921.05,136752.63,3793.43,8070.76,3780.63,152397.46,75523.59,33.14
ORD-003263,2025-01-13,2025,Q1,1,Middle East,UAE,Laptop,Distributor,81,974.83,78960.92,45797.33,1038.74,4000.94,1658.32,52495.34,26465.58,33.52
ORD-000083,2025-01-13,2025,Q1,1,Europe,France,Tablet,Online,181,517.07,93589.84,48666.72,5275.55,6205.01,2056.7,62203.99,31385.86,33.54
ORD-000071,2025-01-14,2025,Q1,1,North America,Mexico,Desktop,Retail,478,707.74,338297.99,202978.79,8072.93,8707.75,8120.85,227880.32,110417.67,32.64
ORD-000374,2025-01-14,2025,Q1,1,Asia Pacific,Japan,Printer,Retail,279,297.27,82939.03,47275.25,4569.13,14999.99,4257.33,71101.7,11837.33,14.27
ORD-003720,2025-01-14,2025,Q1,1,North America,Canada,Desktop,Enterprise,308,760.48,234226.34,140535.8,5333.55,7916.17,5371.17,159156.7,75069.64,32.05
ORD-004791,2025-01-15,2025,Q1,1,North America,Canada,Printer,Online,245,321.48,78763.39,44895.13,6411.9,3953.41,2116.77,57377.21,21386.19,27.15
ORD-001707,2025-01-15,2025,Q1,1,North America,Canada,Server,Distributor,195,2246.71,438108.74,297913.95,5880.16,5142.55,4765.78,313702.44,124406.31,28.4
ORD-004524,2025-01-15,2025,Q1,1,North America,USA,Printer,Enterprise,292,260.8,76154.4,43408.01,3855.42,3646.94,4775.37,55685.74,20468.67,26.88
ORD-004483,2025-01-15,2025,Q1,1,North America,Canada,Laptop,Distributor,282,906.27,255568.94,148229.99,8125.62,12363.03,5585.13,174303.76,81265.18,31.8
ORD-001464,2025-01-15,2025,Q1,1,Europe,France,Server,Online,46,1929.07,88737.24,60341.32,457.05,1086.45,717.66,62602.48,26134.76,29.45
ORD-004091,2025-01-15,2025,Q1,1,Latin America,Brazil,Desktop,Online,102,689.76,70356.0,42213.6,939.49,1488.44,1603.84,46245.37,24110.63,34.27
ORD-001276,2025-01-15,2025,Q1,1,Asia Pacific,India,Monitor,Online,17,309.54,5262.16,2894.19,556.6,237.67,293.32,3981.78,1280.38,24.33
ORD-001790,2025-01-15,2025,Q1,1,Latin America,Argentina,Desktop,Online,347,670.72,232739.53,139643.72,2889.21,13283.29,1258.73,157074.95,75664.58,32.51
ORD-001819,2025-01-16,2025,Q1,1,Europe,UK,Desktop,Distributor,101,808.17,81625.57,48975.34,3018.2,5621.0,1238.84,58853.38,22772.18,27.9
ORD-002465,2025-01-16,2025,Q1,1,Asia Pacific,Japan,Server,Online,320,1937.61,620035.05,421623.83,8801.89,11844.59,1046.79,443317.11,176717.94,28.5
ORD-004903,2025-01-17,2025,Q1,1,Asia Pacific,Singapore,Printer,Online,24,275.64,6615.31,3770.73,706.68,641.1,109.7,5228.2,1387.1,20.97
ORD-002599,2025-01-17,2025,Q1,1,Europe,France,Desktop,Online,275,798.11,219481.49,131688.89,5696.01,16308.42,5101.84,158795.16,60686.33,27.65
ORD-004593,2025-01-17,2025,Q1,1,Latin America,Argentina,Desktop,Distributor,190,759.66,144334.67,86600.8,4841.37,3544.4,1552.83,96539.4,47795.27,33.11
ORD-004563,2025-01-17,2025,Q1,1,Europe,Germany,Printer,Online,167,241.41,40315.61,22979.9,2586.03,5310.17,4019.75,34895.85,5419.76,13.44
ORD-003756,2025-01-17,2025,Q1,1,Latin America,Brazil,Printer,Enterprise,60,307.51,18450.61,10516.85,1938.92,1542.58,377.47,14375.82,4074.79,22.08
ORD-001386,2025-01-17,2025,Q1,1,Asia Pacific,Singapore,Desktop,Online,393,794.04,312057.47,187234.48,4251.91,7399.74,8330.0,207216.13,104841.34,33.6
ORD-003837,2025-01-17,2025,Q1,1,Asia Pacific,India,Laptop,Online,159,1025.95,163126.06,94613.11,4727.19,5491.65,966.93,105798.88,57327.18,35.14
ORD-003633,2025-01-17,2025,Q1,1,North America,Mexico,Printer,Online,426,281.15,119771.86,68269.96,8656.55,10069.91,6898.95,93895.36,25876.49,21.6
ORD-002208,2025-01-17,2025,Q1,1,Asia Pacific,Japan,Tablet,Online,339,439.49,148988.2,77473.86,4009.75,18387.42,7220.88,107091.92,41896.28,28.12
ORD-004079,2025-01-18,2025,Q1,1,North America,Canada,Monitor,Enterprise,243,279.68,67961.26,37378.69,3938.23,9155.06,1761.33,52233.32,15727.94,23.14
ORD-004290,2025-01-18,2025,Q1,1,Latin America,Chile,Server,Distributor,134,1887.76,252959.4,172012.39,2927.45,5123.35,650.68,180713.88,72245.53,28.56
ORD-003064,2025-01-18,2025,Q1,1,North America,Mexico,Laptop,Enterprise,159,1001.79,159285.32,92385.49,5513.99,3336.47,1461.03,102696.98,56588.35,35.53
ORD-001523,2025-01-18,2025,Q1,1,Asia Pacific,Japan,Server,Online,29,2289.52,66396.15,45149.38,961.29,665.79,431.04,47207.51,19188.64,28.9
ORD-004847,2025-01-18,2025,Q1,1,North America,Mexico,Desktop,Retail,170,760.73,129323.91,77594.35,2793.86,9648.49,1231.02,91267.72,38056.2,29.43
ORD-003877,2025-01-18,2025,Q1,1,Asia Pacific,Singapore,Monitor,Distributor,208,280.94,58434.58,32139.02,2415.69,2704.27,4677.61,41936.59,16497.99,28.23
ORD-002165,2025-01-18,2025,Q1,1,Latin America,Brazil,Tablet,Retail,350,535.94,187579.57,97541.38,2994.88,12672.17,4980.41,118188.84,69390.74,36.99
ORD-003476,2025-01-18,2025,Q1,1,Asia Pacific,Singapore,Server,Online,96,2044.24,196246.63,133447.71,1683.87,3899.86,1550.82,140582.25,55664.38,28.36
ORD-003558,2025-01-18,2025,Q1,1,North America,Mexico,Server,Retail,184,2015.04,370766.71,252121.36,1502.28,8985.23,3594.94,266203.82,104562.89,28.2
ORD-000149,2025-01-19,2025,Q1,1,North America,Canada,Laptop,Distributor,460,1006.69,463076.14,268584.16,4799.48,10410.71,3910.69,287705.04,175371.11,37.87
ORD-004036,2025-01-19,2025,Q1,1,Europe,France,Desktop,Retail,22,768.05,16897.16,10138.29,472.27,266.14,73.84,10950.54,5946.62,35.19
ORD-000545,2025-01-19,2025,Q1,1,Asia Pacific,Singapore,Printer,Enterprise,347,263.94,91587.45,52204.85,10138.83,16758.37,5312.11,84414.15,7173.3,7.83
ORD-001336,2025-01-20,2025,Q1,1,Asia Pacific,India,Printer,Enterprise,360,307.54,110713.1,63106.47,9456.47,17737.04,6900.7,97200.69,13512.41,12.2
ORD-001849,2025-01-20,2025,Q1,1,Asia Pacific,Singapore,Printer,Online,279,253.1,70616.16,40251.21,7351.89,13139.8,3822.01,64564.92,6051.24,8.57
ORD-002250,2025-01-20,2025,Q1,1,Middle East,Qatar,Printer,Enterprise,30,283.25,8497.35,4843.49,604.02,1376.6,604.12,7428.23,1069.12,12.58
ORD-000874,2025-01-20,2025,Q1,1,North America,Canada,Server,Retail,39,2299.91,89696.6,60993.69,885.71,1040.26,126.61,63046.27,26650.33,29.71
ORD-003544,2025-01-20,2025,Q1,1,Asia Pacific,Australia,Laptop,Distributor,126,825.34,103992.46,60315.63,4370.13,3181.67,507.63,68375.06,35617.4,34.25
ORD-004942,2025-01-20,2025,Q1,1,North America,Canada,Tablet,Distributor,453,438.21,198507.39,103223.84,6283.08,23752.37,11261.59,144520.88,53986.51,27.2
ORD-000012,2025-01-20,2025,Q1,1,Asia Pacific,India,Server,Distributor,444,2505.27,1112339.41,756390.8,8676.75,23873.44,4176.32,793117.3,319222.11,28.7
ORD-002515,2025-01-21,2025,Q1,1,North America,Canada,Laptop,Retail,347,968.33,336011.39,194886.61,4615.42,4535.71,3170.3,207208.04,128803.35,38.33
ORD-002253,2025-01-21,2025,Q1,1,North America,Canada,Laptop,Online,48,783.63,37614.3,21816.3,1094.41,2286.04,352.73,25549.47,12064.83,32.08
ORD-003295,2025-01-21,2025,Q1,1,Europe,Italy,Laptop,Online,11,800.71,8807.79,5108.52,342.83,283.0,195.21,5929.56,2878.23,32.68
ORD-001318,2025-01-21,2025,Q1,1,Latin America,Chile,Tablet,Distributor,106,491.95,52146.58,27116.22,1738.82,4468.7,1475.99,34799.74,17346.84,33.27
ORD-002833,2025-01-21,2025,Q1,1,Asia Pacific,Singapore,Server,Online,63,2187.25,137796.86,93701.87,2036.28,3470.71,1437.95,100646.81,37150.06,26.96
ORD-004891,2025-01-21,2025,Q1,1,Europe,Germany,Monitor,Distributor,480,319.54,153380.87,84359.48,13067.14,8927.34,7779.04,114133.0,39247.87,25.59
ORD-004922,2025-01-21,2025,Q1,1,North America,Canada,Desktop,Distributor,438,673.9,295168.98,177101.39,14348.17,20503.61,1882.21,213835.37,81333.61,27.55
ORD-003828,2025-01-21,2025,Q1,1,North America,Mexico,Desktop,Retail,374,792.93,296557.2,177934.32,8239.48,5140.07,9020.05,200333.92,96223.28,32.45
ORD-000476,2025-01-21,2025,Q1,1,Europe,UK,Server,Online,284,1967.34,558724.5,379932.66,4723.9,4352.26,6254.79,395263.61,163460.89,29.26
ORD-003202,2025-01-21,2025,Q1,1,Latin America,Brazil,Monitor,Online,42,341.9,14359.87,7897.93,577.94,1545.95,1004.78,11026.6,3333.27,23.21
ORD-003838,2025-01-22,2025,Q1,1,Middle East,Qatar,Printer,Distributor,39,312.65,12193.19,6950.12,1297.56,2009.76,784.17,11041.6,1151.58,9.44
ORD-003573,2025-01-22,2025,Q1,1,Middle East,UAE,Laptop,Online,171,1033.55,176736.21,102507.0,3691.08,6222.17,1813.17,114233.43,62502.79,35.37
ORD-000035,2025-01-22,2025,Q1,1,Latin America,Chile,Tablet,Online,349,501.3,174954.57,90976.38,9231.17,13859.35,5033.87,119100.77,55853.8,31.92
ORD-004277,2025-01-22,2025,Q1,1,North America,Mexico,Printer,Retail,37,284.37,10521.75,5997.4,1231.69,1010.24,752.36,8991.68,1530.07,14.54
ORD-001134,2025-01-23,2025,Q1,1,Asia Pacific,India,Laptop,Online,363,907.71,329499.01,191109.43,5438.79,18813.76,1289.5,216651.48,112847.54,34.25
ORD-000576,2025-01-23,2025,Q1,1,North America,Canada,Server,Distributor,353,2391.2,844093.03,573983.26,10920.28,15936.82,5989.23,606829.59,237263.44,28.11
ORD-003902,2025-01-24,2025,Q1,1,North America,Mexico,Tablet,Enterprise,374,444.97,166419.38,86538.08,3936.4,13857.24,1166.3,105498.02,60921.36,36.61
ORD-001807,2025-01-24,2025,Q1,1,Latin America,Argentina,Monitor,Online,278,312.37,86839.43,47761.68,5920.92,3878.24,5490.63,63051.47,23787.95,27.39
ORD-002757,2025-01-24,2025,Q1,1,Latin America,Argentina,Laptop,Online,465,807.81,375632.86,217867.06,15605.19,20399.03,5573.55,259444.83,116188.03,30.93
ORD-003143,2025-01-24,2025,Q1,1,Middle East,Saudi Arabia,Desktop,Online,23,726.34,16705.73,10023.44,468.4,496.72,436.53,11425.09,5280.65,31.61
ORD-004070,2025-01-24,2025,Q1,1,Europe,Italy,Monitor,Online,219,335.56,73488.41,40418.63,4138.03,8834.71,4654.32,58045.69,15442.73,21.01
ORD-004566,2025-01-24,2025,Q1,1,Asia Pacific,Japan,Tablet,Enterprise,299,547.7,163761.15,85155.8,3048.0,6277.84,1131.57,95613.21,68147.94,41.61
ORD-003305,2025-01-24,2025,Q1,1,Europe,Germany,Server,Online,118,2453.77,289545.02,196890.62,3664.5,2910.62,1893.99,205359.72,84185.31,29.08
ORD-000522,2025-01-24,2025,Q1,1,North America,Canada,Desktop,Retail,345,809.52,279285.81,167571.48,7366.74,17323.71,1044.84,193306.76,85979.04,30.79
ORD-003182,2025-01-25,2025,Q1,1,North America,Mexico,Monitor,Enterprise,10,317.9,3179.04,1748.47,299.17,393.09,219.4,2660.13,518.91,16.32
ORD-004523,2025-01-25,2025,Q1,1,North America,Mexico,Laptop,Retail,189,864.34,163360.91,94749.33,4722.65,3641.14,1837.02,104950.14,58410.77,35.76
ORD-003062,2025-01-25,2025,Q1,1,Europe,UK,Laptop,Retail,355,926.69,328974.77,190805.36,8266.52,9009.22,1295.43,209376.54,119598.23,36.35
ORD-000797,2025-01-25,2025,Q1,1,Europe,UK,Printer,Online,98,312.3,30605.79,17445.3,1719.44,4574.39,2159.29,25898.42,4707.37,15.38
ORD-002205,2025-01-25,2025,Q1,1,Asia Pacific,India,Laptop,Enterprise,230,944.04,217128.64,125934.61,7457.59,9476.21,1821.65,144690.06,72438.58,33.36
ORD-001080,2025-01-25,2025,Q1,1,Middle East,Qatar,Laptop,Retail,112,1008.95,113002.09,65541.21,1041.37,2596.41,438.49,69617.48,43384.6,38.39
ORD-004940,2025-01-26,2025,Q1,1,North America,Mexico,Tablet,Enterprise,256,470.83,120532.59,62676.95,4758.99,13712.01,4246.24,85394.19,35138.4,29.15
ORD-000080,2025-01-26,2025,Q1,1,Asia Pacific,India,Printer,Online,25,315.98,7899.58,4502.76,544.03,1243.04,126.77,6416.61,1482.97,18.77
ORD-003579,2025-01-26,2025,Q1,1,Asia Pacific,Japan,Monitor,Online,336,261.65,87915.59,48353.58,11468.34,11893.5,8285.63,80001.04,7914.55,9.0
ORD-002882,2025-01-27,2025,Q1,1,Asia Pacific,Japan,Server,Online,320,2020.22,646471.59,439600.68,10342.18,7221.11,3875.65,461039.62,185431.97,28.68
ORD-001887,2025-01-27,2025,Q1,1,North America,Mexico,Server,Online,266,2293.13,609973.58,414782.04,8674.81,14134.44,812.8,438404.1,171569.49,28.13
ORD-002341,2025-01-27,2025,Q1,1,Europe,UK,Laptop,Online,229,863.23,197680.81,114654.87,6414.92,4500.25,1892.17,127462.21,70218.6,35.52
ORD-000109,2025-01-27,2025,Q1,1,Middle East,Qatar,Monitor,Online,286,293.71,84002.43,46201.34,4405.47,16802.0,1566.17,68974.98,15027.45,17.89
ORD-003784,2025-01-27,2025,Q1,1,Europe,Spain,Laptop,Enterprise,450,970.75,436838.29,253366.21,9265.23,10974.38,5634.04,279239.86,157598.43,36.08
ORD-002550,2025-01-29,2025,Q1,1,North America,USA,Tablet,Retail,132,487.18,64307.86,33440.09,3380.62,7206.34,2439.28,46466.32,17841.54,27.74
ORD-003549,2025-01-29,2025,Q1,1,North America,Canada,Server,Online,151,2212.37,334067.27,227165.75,2349.21,8800.36,2831.3,241146.62,92920.65,27.81
ORD-002626,2025-01-29,2025,Q1,1,Asia Pacific,Australia,Printer,Distributor,438,312.36,136812.01,77982.85,14356.17,5125.5,9786.76,107251.27,29560.74,21.61
ORD-001869,2025-01-29,2025,Q1,1,North America,Canada,Monitor,Distributor,393,281.64,110684.27,60876.35,12273.88,13340.02,5451.45,91941.7,18742.57,16.93
ORD-001338,2025-01-29,2025,Q1,1,North America,Canada,Tablet,Retail,377,435.34,164122.61,85343.76,13110.32,6292.12,5123.84,109870.03,54252.58,33.06
ORD-000420,2025-01-30,2025,Q1,1,Europe,Germany,Desktop,Online,454,770.27,349704.59,209822.75,5019.83,19378.97,6525.43,240746.98,108957.6,31.16
ORD-004389,2025-01-30,2025,Q1,1,Europe,UK,Printer,Enterprise,314,314.89,98874.79,56358.63,3181.26,16025.76,3106.13,78671.78,20203.01,20.43
ORD-000431,2025-01-30,2025,Q1,1,Latin America,Brazil,Desktop,Online,477,660.07,314851.87,188911.12,4340.05,8047.8,7125.68,208424.66,106427.22,33.8
ORD-000968,2025-01-30,2025,Q1,1,Europe,UK,Printer,Enterprise,33,307.43,10145.06,5782.68,805.47,812.44,663.01,8063.61,2081.45,20.52
ORD-003552,2025-01-30,2025,Q1,1,Europe,France,Monitor,Online,325,333.9,108518.79,59685.33,11131.29,17233.23,7684.93,95734.78,12784.01,11.78
ORD-000837,2025-01-30,2025,Q1,1,Asia Pacific,Singapore,Printer,Online,41,265.89,10901.44,6213.82,617.64,687.84,306.85,7826.15,3075.28,28.21
ORD-001882,2025-01-31,2025,Q1,1,Asia Pacific,Japan,Server,Online,395,1966.14,776624.49,528104.65,12254.88,18746.19,4967.87,564073.59,212550.89,27.37
ORD-001559,2025-01-31,2025,Q1,1,Asia Pacific,Singapore,Server,Distributor,245,2044.94,501009.27,340686.3,2582.24,14144.22,4220.62,361633.38,139375.89,27.82
ORD-000379,2025-01-31,2025,Q1,1,Asia Pacific,Japan,Laptop,Distributor,158,802.1,126731.91,73504.5,3088.06,9244.88,1223.88,87061.32,39670.58,31.3
ORD-000416,2025-01-31,2025,Q1,1,Europe,Germany,Printer,Enterprise,339,282.68,95827.16,54621.48,11270.34,11968.18,3171.14,81031.14,14796.03,15.44
ORD-001289,2025-01-31,2025,Q1,1,Europe,France,Server,Online,411,2276.38,935593.96,636203.89,7262.59,24438.82,5317.91,673223.21,262370.75,28.04
ORD-002473,2025-01-31,2025,Q1,1,Latin America,Argentina,Printer,Distributor,186,282.04,52458.88,29901.56,2646.5,4136.69,1197.25,37882.0,14576.88,27.79
ORD-002802,2025-01-31,2025,Q1,1,Asia Pacific,Singapore,Tablet,Distributor,349,533.29,186117.16,96780.93,4557.84,14840.47,6150.23,122329.46,63787.7,34.27
ORD-000106,2025-02-01,2025,Q1,2,Latin America,Argentina,Server,Retail,172,2263.97,389402.94,264794.0,5765.66,6603.47,2264.81,279427.94,109975.0,28.24
ORD-004099,2025-02-01,2025,Q1,2,North America,Canada,Laptop,Distributor,388,837.43,324924.34,188456.12,4340.23,19119.05,9287.24,221202.63,103721.71,31.92
ORD-000440,2025-02-01,2025,Q1,2,Middle East,UAE,Printer,Enterprise,320,271.19,86780.31,49464.78,10202.09,12810.53,2818.55,75295.94,11484.36,13.23
ORD-002831,2025-02-01,2025,Q1,2,Europe,Italy,Printer,Enterprise,258,262.98,67849.67,38674.31,2605.5,15225.93,5389.9,61895.64,5954.03,8.78
ORD-002375,2025-02-01,2025,Q1,2,North America,Canada,Desktop,Retail,167,732.71,122362.42,73417.45,4352.29,9853.1,537.56,88160.41,34202.02,27.95
ORD-000214,2025-02-01,2025,Q1,2,Latin America,Brazil,Desktop,Distributor,346,727.45,251697.68,151018.61,6907.46,13405.58,6722.66,178054.31,73643.38,29.26
ORD-001145,2025-02-02,2025,Q1,2,North America,Mexico,Laptop,Distributor,48,873.35,41921.01,24314.19,1618.8,2534.99,638.48,29106.46,12814.56,30.57
ORD-001605,2025-02-02,2025,Q1,2,North America,Mexico,Desktop,Enterprise,324,744.32,241159.2,144695.52,10323.8,11478.63,4001.17,170499.12,70660.09,29.3
ORD-002642,2025-02-02,2025,Q1,2,North America,USA,Server,Enterprise,191,2017.07,385261.12,261977.56,3298.03,2255.58,3952.52,271483.68,113777.43,29.53
ORD-001924,2025-02-02,2025,Q1,2,Asia Pacific,Japan,Monitor,Distributor,324,294.17,95310.35,52420.69,5023.8,5160.43,3291.09,65896.01,29414.34,30.86
ORD-001775,2025-02-02,2025,Q1,2,Middle East,Saudi Arabia,Monitor,Online,459,287.95,132170.8,72693.94,9893.52,11836.51,9007.24,103431.21,28739.59,21.74
ORD-002097,2025-02-02,2025,Q1,2,Europe,Spain,Printer,Enterprise,326,244.27,79632.84,45390.72,3310.88,4408.45,3328.07,56438.12,23194.73,29.13
ORD-001829,2025-02-03,2025,Q1,2,Latin America,Argentina,Printer,Enterprise,155,288.41,44703.99,25481.27,3648.88,7227.06,3080.73,39437.95,5266.04,11.78
ORD-004238,2025-02-03,2025,Q1,2,North America,USA,Desktop,Retail,283,697.88,197499.56,118499.74,8815.38,16868.91,6169.0,150353.04,47146.53,23.87
ORD-000284,2025-02-03,2025,Q1,2,Asia Pacific,India,Desktop,Enterprise,243,779.1,189322.23,113593.34,3658.83,6010.66,3243.76,126506.59,62815.64,33.18
ORD-002774,2025-02-04,2025,Q1,2,Asia Pacific,Australia,Printer,Enterprise,96,292.67,28096.09,16014.77,2148.32,1468.7,491.32,20123.11,7972.98,28.38
ORD-001263,2025-02-04,2025,Q1,2,Middle East,UAE,Desktop,Retail,475,761.83,361868.39,217121.04,4206.98,7300.61,2603.31,231231.94,130636.45,36.1
ORD-000156,2025-02-04,2025,Q1,2,Middle East,Qatar,Monitor,Retail,169,297.18,50223.78,27623.08,5010.85,8037.2,4124.47,44795.6,5428.18,10.81
ORD-002093,2025-02-04,2025,Q1,2,Europe,Spain,Desktop,Retail,467,823.49,384568.65,230741.19,6529.31,14374.68,2289.48,253934.66,130633.98,33.97
ORD-001352,2025-02-04,2025,Q1,2,Europe,Germany,Tablet,Online,70,553.32,38732.52,20140.91,2105.05,3827.65,215.4,26289.02,12443.51,32.13
ORD-001077,2025-02-04,2025,Q1,2,Asia Pacific,Australia,Tablet,Retail,263,493.44,129775.25,67483.13,8667.98,12113.44,1139.12,89403.67,40371.58,31.11
ORD-000216,2025-02-04,2025,Q1,2,Latin America,Argentina,Desktop,Online,244,681.16,166202.24,99721.35,8256.71,8443.82,1721.14,118143.02,48059.23,28.92
ORD-003528,2025-02-04,2025,Q1,2,North America,USA,Tablet,Online,446,470.64,209907.45,109151.87,6070.37,26344.51,8911.81,150478.56,59428.89,28.31
ORD-000579,2025-02-04,2025,Q1,2,North America,USA,Desktop,Enterprise,234,750.43,175599.67,105359.8,2689.27,12642.23,5323.03,126014.33,49585.34,28.24
ORD-000779,2025-02-05,2025,Q1,2,Europe,Germany,Desktop,Online,473,837.69,396227.61,237736.57,15296.67,11001.47,7428.37,271463.08,124764.53,31.49
ORD-001093,2025-02-05,2025,Q1,2,Europe,France,Laptop,Distributor,457,935.35,427453.35,247922.94,4199.51,10353.39,4966.94,267442.78,160010.57,37.43
ORD-000053,2025-02-05,2025,Q1,2,Asia Pacific,Singapore,Server,Online,80,2508.5,200680.12,136462.48,2283.17,4587.35,1019.69,144352.69,56327.43,28.07
ORD-003018,2025-02-06,2025,Q1,2,Asia Pacific,Australia,Laptop,Enterprise,497,897.0,445810.87,258570.31,7939.01,21769.45,12048.79,300327.56,145483.32,32.63
ORD-003217,2025-02-06,2025,Q1,2,Latin America,Chile,Laptop,Online,498,852.19,424390.17,246146.3,6747.72,24922.35,6607.28,284423.64,139966.52,32.98
ORD-000171,2025-02-06,2025,Q1,2,Latin America,Argentina,Printer,Retail,302,308.66,93215.28,53132.71,7645.0,5390.74,7108.12,73276.56,19938.72,21.39
ORD-000197,2025-02-07,2025,Q1,2,Middle East,UAE,Laptop,Online,412,1004.88,414008.52,240124.94,7932.82,19268.83,3640.23,270966.82,143041.71,34.55
ORD-002457,2025-02-07,2025,Q1,2,Middle East,Qatar,Monitor,Retail,236,322.48,76104.14,41857.28,3056.17,5822.57,5107.75,55843.77,20260.37,26.62
ORD-003187,2025-02-07,2025,Q1,2,North America,USA,Laptop,Online,252,768.05,193549.44,112258.68,3522.59,6934.25,1753.9,124469.42,69080.03,35.69
ORD-001428,2025-02-07,2025,Q1,2,Asia Pacific,Singapore,Desktop,Distributor,198,689.92,136605.02,81963.01,6923.48,11666.01,2734.07,103286.56,33318.45,24.39
ORD-002990,2025-02-07,2025,Q1,2,Middle East,Saudi Arabia,Tablet,Retail,269,537.48,144580.89,75182.06,7280.06,11173.41,4652.24,98287.78,46293.11,32.02
ORD-004039,2025-02-08,2025,Q1,2,Europe,Spain,Monitor,Distributor,129,309.27,39896.07,21942.84,1765.93,1606.6,2135.11,27450.47,12445.6,31.2
ORD-001850,2025-02-08,2025,Q1,2,North America,Mexico,Server,Online,402,2399.9,964759.47,656036.44,6648.2,6860.58,8703.14,678248.35,286511.12,29.7
ORD-003024,2025-02-08,2025,Q1,2,North America,Mexico,Laptop,Retail,16,822.63,13162.0,7633.96,468.35,910.29,364.37,9376.97,3785.03,28.76
ORD-003585,2025-02-08,2025,Q1,2,North America,Mexico,Server,Online,338,2026.62,684996.67,465797.73,3914.06,13414.31,8347.79,491473.89,193522.78,28.25
ORD-004576,2025-02-08,2025,Q1,2,North America,USA,Printer,Retail,161,307.78,49551.93,28244.6,2125.0,4529.59,1089.28,35988.47,13563.46,27.37
ORD-004186,2025-02-08,2025,Q1,2,North America,USA,Server,Online,8,2391.1,19128.83,13007.6,260.45,259.65,199.62,13727.32,5401.51,28.24
ORD-002049,2025-02-08,2025,Q1,2,Europe,France,Desktop,Online,363,851.62,309136.65,185481.99,3900.35,10194.14,3875.24,203451.72,105684.93,34.19
ORD-000546,2025-02-08,2025,Q1,2,North America,Canada,Monitor,Online,428,318.06,136130.94,74872.02,14481.58,20083.85,4643.11,114080.55,22050.39,16.2
ORD-001760,2025-02-09,2025,Q1,2,Middle East,UAE,Tablet,Online,26,486.59,12651.34,6578.7,704.85,338.86,535.67,8158.07,4493.26,35.52
ORD-002423,2025-02-09,2025,Q1,2,North America,USA,Desktop,Enterprise,428,841.8,360291.52,216174.91,4989.49,6563.12,8856.53,236584.04,123707.48,34.34
ORD-001035,2025-02-09,2025,Q1,2,Middle East,UAE,Printer,Online,286,277.65,79406.78,45261.86,6734.54,9523.44,6960.81,68480.65,10926.13,13.76
ORD-003668,2025-02-09,2025,Q1,2,Asia Pacific,India,Laptop,Retail,487,776.71,378255.51,219388.2,13801.23,10710.18,3190.99,247090.6,131164.91,34.68
ORD-001739,2025-02-09,2025,Q1,2,North America,Mexico,Tablet,Online,277,557.48,154421.81,80299.34,7964.87,13539.59,6851.2,108655.0,45766.81,29.64
ORD-003818,2025-02-09,2025,Q1,2,North America,Canada,Tablet,Retail,166,532.79,88443.14,45990.43,3771.7,3202.16,3043.54,56007.82,32435.31,36.67
ORD-002074,2025-02-09,2025,Q1,2,Europe,Spain,Printer,Enterprise,406,303.52,123230.01,70241.11,11953.8,21472.6,7808.43,111475.94,11754.07,9.54
ORD-004066,2025-02-10,2025,Q1,2,Asia Pacific,India,Monitor,Retail,495,313.79,155327.12,85429.92,5535.22,20596.77,3838.34,115400.24,39926.88,25.71
ORD-000095,2025-02-10,2025,Q1,2,Europe,Italy,Printer,Retail,130,277.03,36013.93,20527.94,1715.09,6596.25,2637.78,31477.06,4536.87,12.6
ORD-002641,2025-02-10,2025,Q1,2,Asia Pacific,Australia,Laptop,Online,224,1004.46,224998.52,130499.14,2511.36,8479.25,2449.02,143938.77,81059.75,36.03
ORD-001601,2025-02-10,2025,Q1,2,Asia Pacific,Japan,Monitor,Distributor,213,296.69,63195.25,34757.39,1821.4,11772.48,2885.07,51236.33,11958.92,18.92
ORD-002346,2025-02-10,2025,Q1,2,Europe,UK,Desktop,Enterprise,273,725.73,198123.07,118873.84,7904.63,6232.59,2593.18,135604.24,62518.82,31.56
ORD-003107,2025-02-10,2025,Q1,2,Europe,France,Printer,Online,476,257.56,122599.69,69881.83,9832.06,14123.34,5225.84,99063.07,23536.63,19.2
ORD-000275,2025-02-11,2025,Q1,2,Europe,France,Tablet,Enterprise,454,517.87,235111.71,122258.09,13608.83,22673.98,8366.27,166907.16,68204.55,29.01
ORD-002740,2025-02-11,2025,Q1,2,North America,Canada,Monitor,Retail,307,325.12,99810.74,54895.91,5818.35,14972.41,5619.12,81305.78,18504.97,18.54
ORD-001916,2025-02-11,2025,Q1,2,Europe,Germany,Printer,Distributor,298,289.04,86133.78,49096.26,2643.81,11208.29,4221.99,67170.35,18963.43,22.02
ORD-002840,2025-02-12,2025,Q1,2,Middle East,Qatar,Monitor,Online,122,312.94,38178.51,20998.18,4004.54,4101.78,1232.14,30336.63,7841.87,20.54
ORD-004318,2025-02-13,2025,Q1,2,Latin America,Brazil,Tablet,Online,48,513.22,24634.78,12810.09,474.8,1185.17,741.66,15211.72,9423.07,38.25
ORD-004699,2025-02-13,2025,Q1,2,Asia Pacific,Japan,Printer,Online,91,297.27,27051.5,15419.36,2649.82,3244.03,450.27,21763.48,5288.02,19.55
ORD-001392,2025-02-13,2025,Q1,2,Middle East,Qatar,Desktop,Retail,439,784.58,344432.32,206659.39,10346.83,10762.29,4712.76,232481.27,111951.05,32.5
ORD-004465,2025-02-14,2025,Q1,2,Latin America,Chile,Desktop,Distributor,477,671.66,320380.02,192228.01,4006.74,22868.12,10004.47,229107.35,91272.68,28.49
ORD-002737,2025-02-15,2025,Q1,2,Middle East,Qatar,Server,Distributor,372,2313.56,860643.85,585237.82,3080.63,8468.52,1383.9,598170.86,262472.99,30.5
ORD-002498,2025-02-15,2025,Q1,2,Middle East,UAE,Tablet,Enterprise,164,535.37,87800.97,45656.5,1406.01,4815.25,3189.05,55066.81,32734.15,37.28
ORD-003418,2025-02-15,2025,Q1,2,Middle East,Qatar,Laptop,Distributor,262,855.43,224123.06,129991.37,4123.82,10014.76,2584.46,146714.42,77408.64,34.54
ORD-002879,2025-02-15,2025,Q1,2,Asia Pacific,Singapore,Monitor,Online,456,262.32,119616.88,65789.29,11581.23,20282.85,8881.45,106534.81,13082.07,10.94
ORD-003230,2025-02-16,2025,Q1,2,Asia Pacific,Japan,Monitor,Online,479,267.46,128114.21,70462.81,12856.35,19004.5,3226.92,105550.58,22563.62,17.61
ORD-000395,2025-02-16,2025,Q1,2,Latin America,Argentina,Laptop,Online,129,982.73,126771.92,73527.72,1280.83,2283.33,2119.06,79210.93,47560.99,37.52
ORD-002009,2025-02-16,2025,Q1,2,Europe,Spain,Monitor,Enterprise,55,278.35,15309.36,8420.15,533.34,3198.61,693.3,12845.39,2463.96,16.09
ORD-001969,2025-02-17,2025,Q1,2,Europe,France,Server,Online,91,2065.53,187962.92,127814.79,1144.94,3812.52,1085.0,133857.25,54105.68,28.79
ORD-001248,2025-02-17,2025,Q1,2,Asia Pacific,India,Printer,Retail,277,240.79,66697.86,38017.78,4365.15,4008.27,1583.75,47974.95,18722.91,28.07
ORD-003382,2025-02-17,2025,Q1,2,Asia Pacific,Australia,Laptop,Retail,16,874.12,13985.99,8111.87,222.06,652.46,127.95,9114.34,4871.65,34.83
ORD-002700,2025-02-17,2025,Q1,2,North America,Mexico,Printer,Retail,141,279.26,39374.98,22443.74,2288.11,8236.2,3016.85,35984.9,3390.08,8.61
ORD-002136,2025-02-17,2025,Q1,2,Europe,France,Server,Retail,115,1980.09,227710.25,154842.97,1763.87,3969.93,2687.73,163264.51,64445.74,28.3
ORD-003242,2025-02-17,2025,Q1,2,Europe,Italy,Desktop,Enterprise,481,715.39,344102.93,206461.76,12140.52,16607.54,8200.37,243410.2,100692.73,29.26
ORD-001116,2025-02-17,2025,Q1,2,Middle East,UAE,Server,Distributor,157,2310.59,362762.78,246678.69,2561.66,8780.97,3009.14,261030.47,101732.32,28.04
ORD-004911,2025-02-18,2025,Q1,2,Europe,France,Printer,Online,198,316.41,62648.92,35709.88,6723.09,4724.01,1236.95,48393.94,14254.98,22.75
ORD-004293,2025-02-18,2025,Q1,2,Europe,France,Tablet,Enterprise,250,427.7,106925.91,55601.47,8595.44,5308.94,4509.98,74015.83,32910.08,30.78
ORD-004059,2025-02-18,2025,Q1,2,North America,Canada,Server,Enterprise,35,1915.85,67054.69,45597.19,678.64,749.69,823.82,47849.34,19205.35,28.64
ORD-003403,2025-02-19,2025,Q1,2,Europe,France,Server,Distributor,367,1975.68,725074.16,493050.43,9428.67,11893.84,8342.68,522715.62,202358.54,27.91
ORD-003898,2025-02-19,2025,Q1,2,Europe,France,Desktop,Retail,337,803.2,270678.96,162407.37,4934.29,12514.13,5564.77,185420.56,85258.4,31.5
ORD-004605,2025-02-19,2025,Q1,2,Europe,Spain,Laptop,Online,227,982.87,223110.71,129404.21,1832.91,7810.38,4503.97,143551.47,79559.24,35.66
ORD-004151,2025-02-19,2025,Q1,2,Middle East,Qatar,Monitor,Online,341,330.72,112774.59,62026.03,10107.99,8854.96,2373.65,83362.63,29411.97,26.08
ORD-003453,2025-02-19,2025,Q1,2,North America,Mexico,Desktop,Enterprise,249,827.13,205955.45,123573.27,2823.45,14084.88,2084.41,142566.0,63389.45,30.78
ORD-003879,2025-02-20,2025,Q1,2,Europe,UK,Tablet,Retail,337,479.37,161547.92,84004.92,5591.51,13684.26,4361.87,107642.56,53905.36,33.37
ORD-000876,2025-02-21,2025,Q1,2,Asia Pacific,Japan,Desktop,Retail,180,771.36,138845.07,83307.04,5264.99,7304.78,3583.75,99460.57,39384.5,28.37
ORD-000391,2025-02-21,2025,Q1,2,Middle East,Qatar,Monitor,Online,437,291.91,127565.73,70161.15,6731.63,7459.66,4804.57,89157.01,38408.71,30.11
ORD-004086,2025-02-22,2025,Q1,2,Latin America,Chile,Server,Distributor,167,2354.78,393248.44,267408.94,5717.04,3545.01,3876.79,280547.78,112700.66,28.66
ORD-000081,2025-02-22,2025,Q1,2,Europe,Spain,Printer,Online,442,260.16,114989.78,65544.17,5754.62,22292.1,8794.78,102385.67,12604.1,10.96
ORD-001669,2025-02-22,2025,Q1,2,North America,USA,Tablet,Online,466,523.31,243862.96,126808.74,15503.23,15519.54,7560.5,165392.01,78470.95,32.18
ORD-001171,2025-02-22,2025,Q1,2,Asia Pacific,Singapore,Printer,Retail,324,267.97,86820.93,49487.93,9343.53,8222.19,2366.88,69420.53,17400.4,20.04
ORD-004087,2025-02-22,2025,Q1,2,Europe,France,Desktop,Enterprise,255,660.62,168458.09,101074.86,5882.46,2630.61,3569.69,113157.61,55300.48,32.83
ORD-004708,2025-02-22,2025,Q1,2,Asia Pacific,Japan,Printer,Online,235,278.7,65494.77,37332.02,8001.01,12692.23,5691.64,63716.9,1777.87,2.71
ORD-002519,2025-02-22,2025,Q1,2,Latin America,Chile,Desktop,Enterprise,100,723.31,72330.69,43398.41,2317.3,3505.26,2069.8,51290.77,21039.92,29.09
ORD-001836,2025-02-23,2025,Q1,2,Europe,Germany,Printer,Retail,331,302.37,100083.88,57047.81,2716.59,19435.06,3213.61,82413.07,17670.81,17.66
ORD-002527,2025-02-23,2025,Q1,2,Asia Pacific,Australia,Printer,Online,465,281.23,130770.23,74539.03,8306.18,5370.49,3423.56,91639.26,39130.97,29.92
ORD-003319,2025-02-23,2025,Q1,2,North America,USA,Laptop,Online,275,960.59,264161.92,153213.92,8514.95,4355.79,6316.05,172400.71,91761.21,34.74
ORD-002495,2025-02-23,2025,Q1,2,Middle East,Saudi Arabia,Server,Distributor,33,2057.07,67883.37,46160.69,621.55,874.26,585.66,48242.16,19641.21,28.93
ORD-004644,2025-02-23,2025,Q1,2,Europe,Germany,Tablet,Online,323,440.17,142174.36,73930.67,7842.92,16058.44,1889.09,99721.12,42453.24,29.86
ORD-000857,2025-02-23,2025,Q1,2,North America,USA,Laptop,Online,499,780.59,389513.81,225918.01,11462.71,26508.45,2660.04,266549.2,122964.61,31.57
ORD-001437,2025-02-23,2025,Q1,2,Europe,Italy,Monitor,Retail,321,277.79,89172.0,49044.6,6376.85,8121.11,5800.49,69343.04,19828.96,22.24
ORD-003068,2025-02-23,2025,Q1,2,North America,Mexico,Printer,Distributor,471,258.22,121623.21,69325.23,8240.34,10334.26,5977.24,93877.08,27746.13,22.81
ORD-000802,2025-02-23,2025,Q1,2,Middle East,Qatar,Server,Online,76,2139.47,162600.0,110568.0,1096.25,1772.24,380.29,113816.77,48783.22,30.0
ORD-002969,2025-02-24,2025,Q1,2,Latin America,Argentina,Printer,Enterprise,138,292.31,40339.29,22993.4,4790.57,7925.39,612.58,36321.93,4017.36,9.96
ORD-003040,2025-02-24,2025,Q1,2,North America,Mexico,Server,Online,356,2145.19,763688.55,519308.21,8505.05,12401.32,1941.0,542155.59,221532.97,29.01
ORD-004550,2025-02-24,2025,Q1,2,Middle East,Saudi Arabia,Desktop,Distributor,398,730.46,290721.2,174432.72,3725.86,4469.05,1332.47,183960.09,106761.1,36.72
ORD-002544,2025-02-24,2025,Q1,2,Europe,Italy,Desktop,Online,480,732.58,351638.92,210983.35,4474.67,8844.43,10886.16,235188.61,116450.31,33.12
ORD-004339,2025-02-24,2025,Q1,2,Europe,Germany,Tablet,Retail,129,462.24,59628.71,31006.93,1253.36,7378.74,842.31,40481.34,19147.36,32.11
ORD-002003,2025-02-24,2025,Q1,2,North America,Canada,Server,Distributor,191,2284.36,436312.27,296692.34,1759.89,4311.82,3175.23,305939.28,130372.99,29.88
ORD-001838,2025-02-25,2025,Q1,2,North America,Canada,Desktop,Online,7,736.49,5155.44,3093.26,144.94,377.78,154.95,3770.94,1384.5,26.86
ORD-000783,2025-02-25,2025,Q1,2,Europe,Spain,Laptop,Enterprise,106,902.14,95627.05,55463.69,2972.79,1957.23,1924.77,62318.48,33308.57,34.83
ORD-004518,2025-02-25,2025,Q1,2,North America,Canada,Printer,Retail,262,280.75,73555.27,41926.5,8709.23,14846.14,5721.8,71203.67,2351.6,3.2
ORD-004584,2025-02-25,2025,Q1,2,Asia Pacific,Singapore,Laptop,Enterprise,428,803.17,343757.3,199379.23,13691.42,8395.23,4200.87,225666.75,118090.55,34.35
ORD-001221,2025-02-25,2025,Q1,2,Middle East,Saudi Arabia,Printer,Enterprise,436,249.14,108623.35,61915.31,3719.84,5767.39,10161.77,81564.3,27059.05,24.91
ORD-002914,2025-02-25,2025,Q1,2,Asia Pacific,Australia,Monitor,Distributor,228,257.06,58610.03,32235.52,6327.72,12411.08,3027.49,54001.81,4608.22,7.86
ORD-003821,2025-02-25,2025,Q1,2,North America,USA,Server,Distributor,32,2320.35,74251.2,50490.82,272.25,849.05,657.48,52269.6,21981.6,29.6
ORD-002182,2025-02-26,2025,Q1,2,Latin America,Argentina,Laptop,Online,373,832.18,310404.83,180034.8,11758.55,7963.33,3195.95,202952.63,107452.2,34.62
ORD-004126,2025-02-26,2025,Q1,2,North America,Canada,Tablet,Retail,490,452.83,221887.59,115381.55,11183.4,7656.91,3045.34,137267.19,84620.4,38.14
ORD-004301,2025-02-26,2025,Q1,2,North America,Canada,Laptop,Distributor,292,832.09,242968.95,140921.99,6946.47,3210.17,6094.36,157172.99,85795.96,35.31
ORD-003901,2025-02-27,2025,Q1,2,Asia Pacific,Japan,Tablet,Enterprise,413,536.89,221734.6,115301.99,7400.77,4646.69,4096.12,131445.57,90289.03,40.72
ORD-002357,2025-02-27,2025,Q1,2,North America,Mexico,Desktop,Online,204,677.98,138308.06,82984.84,2042.22,8495.67,1979.91,95502.64,42805.42,30.95
ORD-001888,2025-02-28,2025,Q1,2,Middle East,Qatar,Printer,Online,395,249.03,98366.95,56069.16,11511.69,4200.4,2753.86,74535.1,23831.85,24.23
ORD-002167,2025-02-28,2025,Q1,2,North America,Canada,Printer,Online,390,299.44,116781.38,66565.39,11166.03,19741.9,1537.98,99011.29,17770.09,15.22
ORD-003200,2025-02-28,2025,Q1,2,Asia Pacific,India,Desktop,Online,323,712.24,230053.19,138031.92,8642.69,11927.65,6443.37,165045.63,65007.56,28.26
ORD-001694,2025-02-28,2025,Q1,2,Latin America,Argentina,Monitor,Retail,229,263.22,60277.41,33152.58,2200.64,3724.91,2264.11,41342.23,18935.18,31.41
ORD-000698,2025-02-28,2025,Q1,2,North America,Canada,Printer,Online,485,239.46,116139.48,66199.51,15219.7,11148.6,5319.66,97887.47,18252.01,15.72
ORD-003460,2025-02-28,2025,Q1,2,Europe,Germany,Server,Distributor,13,1997.56,25968.25,17658.41,248.76,450.32,113.72,18471.21,7497.04,28.87
ORD-003375,2025-02-28,2025,Q1,2,Latin America,Chile,Monitor,Distributor,267,330.31,88192.49,48505.87,8062.79,2833.32,5824.85,65226.83,22965.66,26.04
ORD-001230,2025-03-01,2025,Q1,3,Latin America,Argentina,Desktop,Distributor,277,759.14,210283.09,126169.85,4377.49,14338.29,4756.29,149641.93,60641.16,28.84
ORD-001598,2025-03-02,2025,Q1,3,Europe,UK,Laptop,Retail,175,892.95,156265.97,90634.26,4519.26,9385.46,1793.38,106332.36,49933.61,31.95
ORD-001535,2025-03-02,2025,Q1,3,North America,Mexico,Printer,Retail,435,313.5,136370.66,77731.28,9817.54,16227.21,5912.62,109688.65,26682.01,19.57
ORD-004533,2025-03-02,2025,Q1,3,Middle East,Saudi Arabia,Tablet,Enterprise,177,548.49,97081.93,50482.6,1835.5,2903.3,1498.01,56719.41,40362.52,41.58
ORD-004468,2025-03-02,2025,Q1,3,Europe,Italy,Monitor,Retail,383,291.87,111786.57,61482.61,8074.46,21695.61,7764.05,99016.73,12769.84,11.42
ORD-001520,2025-03-02,2025,Q1,3,Europe,Germany,Printer,Online,292,291.51,85121.18,48519.07,5871.03,7582.23,1098.48,63070.81,22050.37,25.9
ORD-003150,2025-03-03,2025,Q1,3,North America,Canada,Server,Distributor,20,2215.63,44312.53,30132.52,569.72,549.02,203.59,31454.85,12857.68,29.02
ORD-001701,2025-03-03,2025,Q1,3,North America,Canada,Server,Online,177,2075.66,367392.21,249826.7,5959.72,10456.65,2493.9,268736.97,98655.24,26.85
ORD-002765,2025-03-03,2025,Q1,3,Europe,UK,Tablet,Distributor,202,532.85,107636.2,55970.83,5204.28,8210.16,2780.44,72165.7,35470.5,32.95
ORD-001376,2025-03-03,2025,Q1,3,Europe,Italy,Server,Online,296,2504.96,741467.74,504198.06,7887.91,3435.45,5684.44,521205.87,220261.87,29.71
ORD-004052,2025-03-04,2025,Q1,3,Asia Pacific,India,Tablet,Enterprise,429,534.48,229293.21,119232.47,8200.58,18847.48,6038.97,152319.49,76973.72,33.57
ORD-004604,2025-03-04,2025,Q1,3,Middle East,Qatar,Server,Retail,128,2187.17,279957.63,190371.19,1976.9,1373.76,1081.39,194803.24,85154.4,30.42
ORD-004667,2025-03-04,2025,Q1,3,Asia Pacific,Japan,Laptop,Retail,312,943.76,294454.35,170783.52,8819.83,10531.34,7518.7,197653.39,96800.96,32.87
ORD-003468,2025-03-04,2025,Q1,3,Latin America,Chile,Monitor,Online,37,304.15,11253.39,6189.36,1066.21,1258.82,850.34,9364.74,1888.65,16.78
ORD-000911,2025-03-04,2025,Q1,3,Asia Pacific,Singapore,Laptop,Online,405,915.85,370920.26,215133.75,8021.0,16820.27,5225.98,245201.01,125719.25,33.89
ORD-004763,2025-03-04,2025,Q1,3,Europe,France,Desktop,Retail,397,807.07,320407.22,192244.33,13702.97,8507.49,6808.56,221263.36,99143.87,30.94
ORD-004491,2025-03-04,2025,Q1,3,Asia Pacific,Singapore,Monitor,Enterprise,139,263.16,36579.34,20118.64,3065.66,2040.44,3146.71,28371.44,8207.9,22.44
ORD-004105,2025-03-04,2025,Q1,3,Europe,Italy,Desktop,Retail,279,798.08,222663.27,133597.96,3044.93,3748.76,3007.68,143399.33,79263.94,35.6
ORD-003672,2025-03-05,2025,Q1,3,Europe,Italy,Tablet,Online,239,473.64,113199.65,58863.82,7261.8,4902.01,2035.09,73062.72,40136.93,35.46
ORD-001312,2025-03-05,2025,Q1,3,Europe,Germany,Server,Enterprise,149,2149.28,320242.6,217764.97,2385.82,7377.0,2265.81,229793.59,90449.01,28.24
ORD-002583,2025-03-06,2025,Q1,3,Europe,UK,Desktop,Online,262,848.32,222260.19,133356.11,4240.94,15450.74,6028.57,159076.37,63183.82,28.43
ORD-002787,2025-03-06,2025,Q1,3,North America,Canada,Tablet,Online,48,556.11,26693.48,13880.61,1065.7,1902.24,386.1,17234.66,9458.82,35.43
ORD-004207,2025-03-06,2025,Q1,3,Middle East,UAE,Printer,Online,105,258.19,27109.97,15452.68,2280.41,5367.28,835.4,23935.77,3174.2,11.71
ORD-002490,2025-03-06,2025,Q1,3,Europe,Germany,Server,Retail,481,2011.65,967603.35,657970.28,9158.28,21135.48,3925.39,692189.42,275413.93,28.46
ORD-004089,2025-03-07,2025,Q1,3,Middle East,Saudi Arabia,Tablet,Online,199,490.47,97604.33,50754.25,1781.47,10068.18,1775.53,64379.43,33224.9,34.04
ORD-000353,2025-03-07,2025,Q1,3,Europe,Germany,Laptop,Retail,184,991.91,182511.33,105856.57,5937.61,4289.86,4278.3,120362.34,62148.99,34.05
ORD-001141,2025-03-07,2025,Q1,3,Europe,France,Laptop,Online,152,1015.67,154382.39,89541.78,2147.18,5408.07,1486.86,98583.89,55798.49,36.14
ORD-002081,2025-03-07,2025,Q1,3,Latin America,Chile,Monitor,Enterprise,385,290.88,111988.54,61593.7,9487.99,11444.58,5566.73,88093.0,23895.53,21.34
ORD-002399,2025-03-07,2025,Q1,3,Europe,Spain,Tablet,Online,300,439.54,131861.78,68568.13,6022.11,4977.81,3425.82,82993.86,48867.92,37.06
ORD-004601,2025-03-08,2025,Q1,3,Europe,Spain,Server,Enterprise,394,2145.42,845296.23,574801.44,8621.39,21373.58,1427.75,606224.15,239072.08,28.28
ORD-003048,2025-03-08,2025,Q1,3,Europe,Italy,Tablet,Online,145,478.04,69316.4,36044.53,3192.08,7705.91,2535.32,49477.83,19838.57,28.62
ORD-003674,2025-03-09,2025,Q1,3,Europe,Italy,Monitor,Enterprise,112,328.69,36813.7,20247.53,3696.01,5856.01,862.43,30661.98,6151.72,16.71
ORD-003965,2025-03-09,2025,Q1,3,Asia Pacific,Singapore,Tablet,Online,110,543.77,59815.16,31103.88,3500.73,3336.65,711.06,38652.33,21162.83,35.38
ORD-002886,2025-03-09,2025,Q1,3,Europe,Germany,Tablet,Online,354,489.64,173332.46,90132.88,11766.45,18169.25,4867.52,124936.09,48396.37,27.92
ORD-002195,2025-03-10,2025,Q1,3,Europe,UK,Printer,Online,92,265.15,24393.95,13904.55,2407.24,1656.47,2196.09,20164.35,4229.6,17.34
ORD-000586,2025-03-10,2025,Q1,3,Latin America,Brazil,Desktop,Distributor,83,835.25,69326.0,41595.6,830.66,3662.88,494.68,46583.81,22742.19,32.8
ORD-002610,2025-03-10,2025,Q1,3,Asia Pacific,Japan,Monitor,Online,66,318.44,21017.22,11559.47,1031.94,1191.79,572.15,14355.36,6661.87,31.7
ORD-003475,2025-03-10,2025,Q1,3,Europe,Italy,Monitor,Online,93,276.2,25686.27,14127.45,2072.62,5424.72,1660.32,23285.11,2401.17,9.35
ORD-000594,2025-03-10,2025,Q1,3,Europe,Spain,Tablet,Distributor,24,466.62,11198.85,5823.4,522.7,612.02,454.6,7412.72,3786.13,33.81
ORD-004460,2025-03-10,2025,Q1,3,Europe,Germany,Printer,Retail,449,292.42,131297.72,74839.7,7873.2,11604.16,2884.57,97201.62,34096.09,25.97
ORD-004730,2025-03-10,2025,Q1,3,Asia Pacific,Singapore,Desktop,Distributor,194,726.18,140878.81,84527.29,3389.79,11406.04,3868.28,103191.4,37687.42,26.75
ORD-000905,2025-03-10,2025,Q1,3,Middle East,Qatar,Printer,Retail,406,247.45,100463.02,57263.92,11913.59,17911.19,5568.27,92656.97,7806.05,7.77
ORD-001997,2025-03-11,2025,Q1,3,North America,Mexico,Monitor,Online,350,316.07,110622.91,60842.6,5947.27,19319.87,3649.22,89758.97,20863.95,18.86
ORD-001923,2025-03-11,2025,Q1,3,Middle East,UAE,Desktop,Enterprise,110,728.78,80165.63,48099.38,3316.37,4813.97,892.93,57122.65,23042.98,28.74
ORD-003096,2025-03-11,2025,Q1,3,Europe,Spain,Server,Online,150,2311.8,346769.72,235803.41,1910.57,8798.47,679.59,247192.03,99577.69,28.72
ORD-002724,2025-03-12,2025,Q1,3,Asia Pacific,Australia,Tablet,Online,436,427.08,186205.64,96826.93,5728.74,23462.73,7241.26,133259.67,52945.97,28.43
ORD-002415,2025-03-13,2025,Q1,3,North America,Canada,Tablet,Distributor,9,465.23,4187.07,2177.28,84.28,276.61,136.83,2674.98,1512.09,36.11
ORD-000228,2025-03-13,2025,Q1,3,Latin America,Brazil,Laptop,Distributor,245,907.53,222345.35,128960.3,7844.8,3351.94,2126.79,142283.82,80061.52,36.01
ORD-000570,2025-03-13,2025,Q1,3,North America,USA,Monitor,Enterprise,154,259.04,39892.59,21940.93,2502.07,3648.89,2884.77,30976.65,8915.95,22.35
ORD-004462,2025-03-14,2025,Q1,3,Europe,France,Printer,Online,313,243.92,76348.17,43518.45,10250.18,12075.59,2709.27,68553.49,7794.67,10.21
ORD-003699,2025-03-14,2025,Q1,3,Europe,Germany,Desktop,Retail,16,829.36,13269.8,7961.88,162.5,544.8,213.96,8883.15,4386.66,33.06
ORD-004692,2025-03-14,2025,Q1,3,North America,Mexico,Printer,Online,147,301.48,44318.24,25261.4,4882.72,3160.63,3618.43,36923.18,7395.07,16.69
ORD-002541,2025-03-15,2025,Q1,3,North America,Canada,Laptop,Retail,285,770.85,219693.28,127422.1,4534.27,4799.09,3892.44,140647.9,79045.38,35.98
ORD-004375,2025-03-15,2025,Q1,3,Asia Pacific,India,Server,Enterprise,457,2451.27,1120229.4,761755.99,12578.86,4888.48,10098.17,789321.5,330907.9,29.54
ORD-004457,2025-03-15,2025,Q1,3,Asia Pacific,Singapore,Printer,Distributor,27,276.43,7463.51,4254.2,229.02,1516.29,275.41,6274.92,1188.59,15.93
ORD-002445,2025-03-16,2025,Q1,3,Middle East,Saudi Arabia,Desktop,Distributor,451,857.03,386522.73,231913.64,14589.32,8634.23,9621.48,264758.67,121764.06,31.5
ORD-004274,2025-03-16,2025,Q1,3,Asia Pacific,Japan,Printer,Enterprise,145,261.28,37885.6,21594.79,3775.74,5467.32,2731.63,33569.49,4316.11,11.39
ORD-001675,2025-03-16,2025,Q1,3,Middle East,Qatar,Tablet,Retail,464,569.72,264348.95,137461.45,5700.72,19311.9,7910.59,170384.66,93964.29,35.55
ORD-004292,2025-03-16,2025,Q1,3,North America,Canada,Printer,Online,276,303.86,83865.03,47803.07,4621.21,9855.76,2448.38,64728.41,19136.62,22.82
ORD-002334,2025-03-17,2025,Q1,3,Asia Pacific,Australia,Server,Enterprise,495,2242.39,1109984.45,754789.43,16722.6,11656.71,9737.5,792906.24,317078.22,28.57
ORD-000140,2025-03-17,2025,Q1,3,Asia Pacific,India,Laptop,Online,61,791.49,48281.11,28003.04,2016.34,2316.88,727.7,33063.97,15217.14,31.52
ORD-004954,2025-03-17,2025,Q1,3,Europe,France,Printer,Retail,498,302.18,150483.71,85775.71,5787.21,12822.65,6428.38,110813.95,39669.76,26.36
ORD-000990,2025-03-17,2025,Q1,3,Middle East,UAE,Server,Distributor,164,2031.56,333176.38,226559.94,3114.07,9368.74,2136.22,241178.97,91997.41,27.61
ORD-004564,2025-03-17,2025,Q1,3,Middle East,UAE,Desktop,Enterprise,104,689.79,71738.6,43043.16,2405.71,3469.28,883.56,49801.71,21936.9,30.58
ORD-001928,2025-03-17,2025,Q1,3,Asia Pacific,India,Printer,Distributor,355,312.66,110993.33,63266.2,10335.0,6611.23,6559.12,86771.55,24221.78,21.82
ORD-000361,2025-03-17,2025,Q1,3,Asia Pacific,India,Monitor,Retail,39,256.38,9998.97,5499.43,449.13,594.46,445.0,6988.02,3010.95,30.11
ORD-002663,2025-03-18,2025,Q1,3,Asia Pacific,Singapore,Monitor,Enterprise,275,263.62,72495.19,39872.36,3625.07,6695.9,2533.17,52726.5,19768.69,27.27
ORD-000935,2025-03-18,2025,Q1,3,Latin America,Argentina,Laptop,Distributor,113,819.22,92571.36,53691.39,1976.16,3802.72,896.51,60366.77,32204.58,34.79
ORD-002560,2025-03-18,2025,Q1,3,North America,Mexico,Server,Retail,428,2084.15,892017.26,606571.74,8724.62,11914.27,2688.41,629899.04,262118.22,29.38
ORD-003086,2025-03-18,2025,Q1,3,North America,Mexico,Laptop,Distributor,397,1004.62,398833.86,231323.64,3566.46,22302.44,5949.0,263141.54,135692.32,34.02
ORD-004011,2025-03-18,2025,Q1,3,Latin America,Brazil,Server,Enterprise,90,2102.95,189265.75,128700.71,1534.29,1865.88,1908.9,134009.78,55255.97,29.19
ORD-003792,2025-03-19,2025,Q1,3,North America,Mexico,Monitor,Enterprise,411,256.77,105532.32,58042.78,7134.67,24013.84,4556.49,93747.78,11784.54,11.17
ORD-000301,2025-03-19,2025,Q1,3,Europe,Spain,Printer,Enterprise,274,245.78,67344.12,38386.15,2344.5,7032.11,2685.76,50448.51,16895.61,25.09
ORD-004332,2025-03-19,2025,Q1,3,North America,USA,Server,Online,135,2085.76,281577.9,191472.97,3222.35,2015.21,1029.56,197740.1,83837.8,29.77
ORD-004709,2025-03-19,2025,Q1,3,Europe,France,Desktop,Retail,453,798.83,361871.61,217122.97,3624.07,5598.77,9575.48,235921.29,125950.32,34.81
ORD-003314,2025-03-20,2025,Q1,3,North America,USA,Tablet,Retail,326,505.1,164663.04,85624.78,10244.93,8353.61,5594.86,109818.17,54844.86,33.31
ORD-002482,2025-03-20,2025,Q1,3,North America,Mexico,Printer,Retail,206,317.11,65324.01,37234.69,3056.02,12202.4,1279.05,53772.16,11551.86,17.68
ORD-001420,2025-03-20,2025,Q1,3,Europe,France,Laptop,Enterprise,471,834.1,392862.76,227860.4,13689.88,18698.33,2935.67,263184.29,129678.47,33.01
ORD-000421,2025-03-20,2025,Q1,3,Europe,France,Server,Retail,407,1900.96,773690.0,526109.2,9650.67,13756.25,6347.27,555863.39,217826.61,28.15
ORD-002166,2025-03-20,2025,Q1,3,Asia Pacific,Singapore,Laptop,Retail,7,780.33,5462.32,3168.14,131.33,313.28,156.7,3769.44,1692.87,30.99
ORD-000461,2025-03-20,2025,Q1,3,Middle East,UAE,Tablet,Retail,322,500.77,161246.93,83848.4,4725.14,8109.44,5625.42,102308.39,58938.54,36.55
ORD-001632,2025-03-20,2025,Q1,3,North America,Mexico,Laptop,Retail,77,895.06,68920.0,39973.6,771.12,1907.0,1428.38,44080.11,24839.89,36.04
ORD-003977,2025-03-21,2025,Q1,3,North America,Mexico,Laptop,Retail,265,996.54,264081.97,153167.54,2749.24,12708.19,3012.55,171637.53,92444.44,35.01
ORD-002920,2025-03-21,2025,Q1,3,Latin America,Argentina,Desktop,Online,380,820.65,311845.35,187107.21,11871.5,11060.9,1486.28,211525.89,100319.46,32.17
ORD-001722,2025-03-21,2025,Q1,3,Asia Pacific,Japan,Monitor,Distributor,209,331.7,69325.54,38129.05,5062.74,10933.91,1003.3,55128.99,14196.54,20.48
ORD-002937,2025-03-21,2025,Q1,3,Middle East,Saudi Arabia,Laptop,Online,342,827.91,283145.68,164224.49,5646.04,4933.76,7679.9,182484.19,100661.48,35.55
ORD-002224,2025-03-22,2025,Q1,3,Middle East,Saudi Arabia,Monitor,Online,124,309.91,38428.36,21135.6,3098.34,5238.91,2460.13,31932.98,6495.38,16.9
ORD-003935,2025-03-22,2025,Q1,3,Europe,France,Monitor,Retail,52,301.55,15680.61,8624.33,1727.35,971.62,1252.86,12576.16,3104.44,19.8
ORD-001806,2025-03-22,2025,Q1,3,Middle East,Saudi Arabia,Server,Distributor,257,1877.85,482606.17,328172.2,6646.59,9864.53,3258.16,347941.48,134664.69,27.9
ORD-000595,2025-03-22,2025,Q1,3,North America,Canada,Desktop,Online,493,757.1,373248.22,223948.93,12347.28,21871.76,6438.5,264606.47,108641.74,29.11
ORD-003790,2025-03-22,2025,Q1,3,Middle East,Saudi Arabia,Printer,Retail,343,252.22,86510.71,49311.1,10114.74,10522.38,4926.15,74874.38,11636.32,13.45
ORD-004144,2025-03-22,2025,Q1,3,North America,Mexico,Server,Retail,493,2399.83,1183113.77,804517.36,10472.28,7795.19,7006.36,829791.19,353322.58,29.86
ORD-004910,2025-03-22,2025,Q1,3,North America,Canada,Tablet,Enterprise,108,478.08,51632.88,26849.1,3003.92,2103.82,1589.76,33546.6,18086.28,35.03
ORD-004963,2025-03-23,2025,Q1,3,North America,Mexico,Tablet,Enterprise,382,495.14,189143.68,98354.71,12944.12,13590.81,7543.49,132433.14,56710.54,29.98
ORD-002564,2025-03-23,2025,Q1,3,Europe,Spain,Server,Enterprise,461,1972.82,909468.55,618438.61,11400.2,15966.18,5647.02,651452.02,258016.53,28.37
ORD-001242,2025-03-23,2025,Q1,3,Europe,Spain,Tablet,Online,270,514.78,138989.49,72274.54,9117.44,4666.74,4155.96,90214.68,48774.81,35.09
ORD-001909,2025-03-24,2025,Q1,3,North America,Canada,Tablet,Distributor,114,480.97,54830.84,28512.04,3983.05,1279.44,1735.0,35509.54,19321.3,35.24
ORD-002016,2025-03-24,2025,Q1,3,Latin America,Chile,Desktop,Enterprise,343,657.72,225598.25,135358.95,8616.4,19432.32,8084.75,171492.42,54105.84,23.98
ORD-003427,2025-03-24,2025,Q1,3,Europe,Germany,Tablet,Online,247,515.21,127255.65,66172.94,8083.15,8998.19,1299.4,84553.68,42701.97,33.56
ORD-000562,2025-03-24,2025,Q1,3,Asia Pacific,Japan,Tablet,Retail,314,431.28,135422.3,70419.6,6690.73,11866.63,6429.24,95406.19,40016.1,29.55
ORD-001756,2025-03-24,2025,Q1,3,Middle East,Saudi Arabia,Server,Distributor,61,2290.2,139702.45,94997.67,1020.16,862.31,301.26,97181.39,42521.06,30.44
ORD-002711,2025-03-25,2025,Q1,3,North America,USA,Tablet,Online,218,515.29,112332.95,58413.13,7546.68,10777.86,4455.41,81193.09,31139.86,27.72
ORD-002953,2025-03-25,2025,Q1,3,Europe,UK,Server,Enterprise,20,2373.13,47462.56,32274.54,624.05,426.9,137.88,33463.36,13999.2,29.5
ORD-000526,2025-03-25,2025,Q1,3,Latin America,Argentina,Tablet,Distributor,51,526.96,26875.14,13975.07,903.06,678.89,504.51,16061.53,10813.61,40.24
ORD-002506,2025-03-25,2025,Q1,3,Middle East,UAE,Printer,Online,347,240.3,83385.49,47529.73,4006.62,10725.62,1942.83,64204.79,19180.7,23.0
ORD-003392,2025-03-25,2025,Q1,3,Latin America,Argentina,Laptop,Distributor,51,855.8,43645.88,25314.61,1485.29,862.43,595.22,28257.55,15388.32,35.26
ORD-004627,2025-03-26,2025,Q1,3,North America,Canada,Server,Enterprise,169,2361.85,399153.38,271424.3,4447.2,7400.75,1150.01,284422.27,114731.11,28.74
ORD-003157,2025-03-26,2025,Q1,3,North America,Canada,Server,Retail,269,2367.99,636990.14,433153.3,6933.88,14304.86,2140.17,456532.21,180457.94,28.33
ORD-003180,2025-03-27,2025,Q1,3,Asia Pacific,Singapore,Desktop,Online,223,666.59,148649.95,89189.97,1962.73,11127.62,809.53,103089.85,45560.09,30.65
ORD-003149,2025-03-27,2025,Q1,3,Europe,France,Desktop,Online,368,811.61,298670.92,179202.55,5459.59,22017.97,6347.83,213027.94,85642.98,28.67
ORD-000945,2025-03-27,2025,Q1,3,North America,Mexico,Tablet,Distributor,110,493.08,54238.52,28204.03,908.44,4788.95,679.4,34580.83,19657.69,36.24
ORD-003761,2025-03-28,2025,Q1,3,Asia Pacific,Australia,Monitor,Retail,493,306.86,151283.13,83205.72,9902.57,23691.89,8212.43,125012.62,26270.52,17.37
ORD-004131,2025-03-28,2025,Q1,3,North America,Mexico,Desktop,Online,122,643.71,78533.07,47119.84,1931.51,4480.56,1398.4,54930.31,23602.76,30.05
ORD-001716,2025-03-28,2025,Q1,3,Latin America,Brazil,Desktop,Online,138,762.08,105167.23,63100.34,2959.45,6244.44,549.91,72854.14,32313.09,30.73
ORD-002918,2025-03-28,2025,Q1,3,Middle East,UAE,Monitor,Enterprise,472,318.46,150311.97,82671.58,14224.89,16194.8,9096.2,122187.47,28124.5,18.71
ORD-000349,2025-03-28,2025,Q1,3,Asia Pacific,Singapore,Printer,Enterprise,93,243.79,22672.56,12923.36,854.76,2137.33,2142.89,18058.34,4614.22,20.35
ORD-000235,2025-03-28,2025,Q1,3,Asia Pacific,Singapore,Laptop,Enterprise,292,869.03,253755.86,147178.4,2610.98,6568.68,1860.51,158218.57,95537.3,37.65
ORD-000191,2025-03-28,2025,Q1,3,North America,Canada,Desktop,Online,288,654.07,188373.24,113023.94,2306.68,6825.07,1325.34,123481.02,64892.21,34.45
ORD-004153,2025-03-29,2025,Q1,3,Asia Pacific,India,Laptop,Online,453,851.38,385673.3,223690.51,13672.12,6910.05,10043.35,254316.03,131357.27,34.06
ORD-001196,2025-03-29,2025,Q1,3,Asia Pacific,India,Laptop,Retail,161,936.0,150696.63,87404.05,3763.69,3131.17,1326.48,95625.39,55071.24,36.54
ORD-002512,2025-03-29,2025,Q1,3,Middle East,UAE,Laptop,Online,47,868.83,40835.24,23684.44,583.3,1467.98,888.15,26623.87,14211.38,34.8
ORD-002325,2025-03-29,2025,Q1,3,Asia Pacific,Singapore,Tablet,Enterprise,436,560.45,244354.8,127064.49,4471.24,4862.39,5136.27,141534.4,102820.4,42.08
ORD-001585,2025-03-29,2025,Q1,3,Europe,France,Desktop,Distributor,208,774.09,161011.44,96606.86,6103.27,9072.93,2989.27,114772.33,46239.1,28.72
ORD-003343,2025-03-30,2025,Q1,3,Latin America,Chile,Printer,Online,366,270.23,98904.59,56375.62,12258.81,8729.07,5981.29,83344.79,15559.8,15.73
ORD-001563,2025-03-30,2025,Q1,3,Latin America,Argentina,Printer,Retail,370,246.47,91193.34,51980.2,7077.94,15351.8,5794.55,80204.49,10988.84,12.05
ORD-003592,2025-03-30,2025,Q1,3,Latin America,Brazil,Server,Online,178,2246.13,399811.5,271871.82,6119.96,9654.69,2007.51,289653.97,110157.53,27.55
ORD-001012,2025-03-30,2025,Q1,3,Latin America,Chile,Printer,Retail,310,261.5,81064.19,46206.59,3945.68,18344.19,3525.99,72022.45,9041.74,11.15
ORD-000424,2025-03-30,2025,Q1,3,Latin America,Brazil,Printer,Retail,388,240.57,93342.96,53205.49,7715.23,15378.88,6353.11,82652.71,10690.26,11.45
ORD-001328,2025-03-30,2025,Q1,3,North America,Mexico,Server,Online,141,2060.92,290589.19,197600.65,2241.88,7272.96,1111.81,208227.3,82361.89,28.34
ORD-001846,2025-03-30,2025,Q1,3,Latin America,Brazil,Desktop,Retail,346,665.48,230254.6,138152.76,3387.22,16932.39,2696.72,161169.1,69085.5,30.0
ORD-001741,2025-03-31,2025,Q1,3,Europe,Spain,Laptop,Enterprise,118,864.97,102066.32,59198.46,2461.99,4365.08,2659.97,68685.5,33380.82,32.71
ORD-002896,2025-03-31,2025,Q1,3,North America,Mexico,Desktop,Enterprise,313,782.9,245048.47,147029.08,2762.71,6478.81,5988.81,162259.42,82789.05,33.78
ORD-000060,2025-03-31,2025,Q1,3,Europe,Spain,Laptop,Retail,364,834.88,303897.84,176260.75,7281.79,6484.48,5337.99,195365.01,108532.83,35.71
ORD-000472,2025-03-31,2025,Q1,3,North America,USA,Desktop,Enterprise,285,855.89,243929.87,146357.92,5579.83,9714.85,4651.04,166303.64,77626.23,31.82
ORD-002975,2025-03-31,2025,Q1,3,North America,Canada,Monitor,Online,486,332.21,161455.4,88800.47,12146.34,26234.43,8858.66,136039.9,25415.5,15.74
ORD-002480,2025-03-31,2025,Q1,3,Europe,Germany,Server,Online,245,1954.3,478803.3,325586.25,2925.89,6575.68,2532.95,337620.76,141182.54,29.49
ORD-003386,2025-04-01,2025,Q2,4,Asia Pacific,India,Printer,Distributor,441,252.8,111486.37,63547.23,4873.58,18255.93,3159.62,89836.36,21650.01,19.42
ORD-002864,2025-04-01,2025,Q2,4,North America,USA,Desktop,Distributor,22,690.36,15187.94,9112.76,488.34,476.21,264.56,10341.87,4846.07,31.91
ORD-004026,2025-04-01,2025,Q2,4,Middle East,Qatar,Monitor,Distributor,261,319.24,83321.94,45827.07,7233.44,9612.76,1350.55,64023.83,19298.11,23.16
ORD-000557,2025-04-01,2025,Q2,4,Latin America,Chile,Server,Enterprise,140,2278.41,318977.7,216904.84,2900.45,5816.96,2592.31,228214.56,90763.15,28.45
ORD-004538,2025-04-01,2025,Q2,4,Asia Pacific,Japan,Printer,Retail,32,268.79,8601.19,4902.68,538.7,343.2,685.89,6470.47,2130.72,24.77
ORD-000400,2025-04-01,2025,Q2,4,Latin America,Argentina,Desktop,Distributor,471,764.41,360034.92,216020.95,14131.04,12309.63,1457.99,243919.61,116115.31,32.25
ORD-002293,2025-04-01,2025,Q2,4,North America,Canada,Laptop,Retail,151,796.94,120338.05,69796.07,4624.19,6414.11,809.97,81644.34,38693.71,32.15
ORD-001822,2025-04-01,2025,Q2,4,Europe,France,Monitor,Retail,51,284.0,14483.87,7966.13,970.96,1987.36,821.36,11745.82,2738.06,18.9
ORD-004140,2025-04-01,2025,Q2,4,Latin America,Chile,Laptop,Enterprise,441,960.85,423735.45,245766.56,10245.22,10093.76,9378.67,275484.21,148251.24,34.99
ORD-003661,2025-04-02,2025,Q2,4,North America,Canada,Laptop,Distributor,110,865.56,95211.81,55222.85,3650.22,4198.5,1569.63,64641.2,30570.61,32.11
ORD-003605,2025-04-02,2025,Q2,4,Asia Pacific,Japan,Server,Enterprise,407,1918.55,780848.02,530976.66,6398.16,9281.2,3299.88,549955.9,230892.12,29.57
ORD-001285,2025-04-03,2025,Q2,4,Latin America,Chile,Desktop,Online,495,839.94,415771.16,249462.7,6904.46,17427.09,8170.89,281965.14,133806.02,32.18
ORD-001388,2025-04-03,2025,Q2,4,North America,USA,Tablet,Enterprise,231,478.88,110621.26,57523.05,2376.36,6879.06,4206.51,70984.98,39636.27,35.83
ORD-002911,2025-04-03,2025,Q2,4,Asia Pacific,Singapore,Printer,Enterprise,359,260.24,93426.18,53252.93,9642.83,15391.38,2273.35,80560.48,12865.7,13.77
ORD-001680,2025-04-03,2025,Q2,4,Latin America,Chile,Server,Online,447,2224.01,994133.21,676010.58,5926.28,24128.56,10255.6,716321.01,277812.2,27.95
ORD-003613,2025-04-03,2025,Q2,4,Middle East,Saudi Arabia,Server,Enterprise,162,1963.97,318162.44,216350.46,3816.82,3589.96,1664.71,225421.95,92740.49,29.15
ORD-000220,2025-04-04,2025,Q2,4,Asia Pacific,Singapore,Desktop,Online,344,709.44,244048.53,146429.12,6428.04,8469.48,2893.37,164220.01,79828.52,32.71
ORD-003936,2025-04-04,2025,Q2,4,Europe,Germany,Printer,Retail,193,255.49,49309.09,28106.18,2739.76,2375.82,1470.17,34691.93,14617.16,29.64
ORD-002339,2025-04-04,2025,Q2,4,Latin America,Argentina,Desktop,Online,55,664.59,36552.59,21931.55,879.91,1799.32,620.77,25231.55,11321.03,30.97
ORD-003961,2025-04-04,2025,Q2,4,North America,USA,Desktop,Distributor,400,708.11,283243.46,169946.07,9218.56,13178.5,4959.21,197302.35,85941.11,30.34
ORD-001474,2025-04-04,2025,Q2,4,Europe,Italy,Tablet,Online,162,444.29,71974.99,37426.99,4601.33,7321.87,3649.08,52999.27,18975.72,26.36
ORD-001277,2025-04-04,2025,Q2,4,Europe,UK,Printer,Distributor,449,255.28,114622.84,65335.02,14463.71,24843.67,3324.57,107966.97,6655.87,5.81
ORD-001745,2025-04-04,2025,Q2,4,Europe,France,Printer,Retail,36,268.27,9657.9,5505.0,1042.37,987.92,854.56,8389.85,1268.05,13.13
ORD-000015,2025-04-04,2025,Q2,4,Europe,Germany,Server,Online,339,1965.77,666396.65,453149.72,7002.57,8189.41,3427.03,471768.73,194627.91,29.21
ORD-002001,2025-04-05,2025,Q2,4,Europe,UK,Desktop,Distributor,57,752.75,42906.83,25744.1,770.36,3072.78,839.0,30426.24,12480.59,29.09
ORD-002895,2025-04-05,2025,Q2,4,Europe,Germany,Laptop,Retail,193,918.83,177333.56,102853.47,3643.98,7892.82,1097.46,115487.72,61845.84,34.88
ORD-000517,2025-04-05,2025,Q2,4,North America,USA,Printer,Retail,432,240.03,103692.02,59104.45,8501.39,6311.46,5216.43,79133.74,24558.28,23.68
ORD-004244,2025-04-05,2025,Q2,4,Europe,Italy,Tablet,Enterprise,272,435.55,118468.92,61603.84,8917.86,14900.05,2097.68,87519.42,30949.49,26.12
ORD-003622,2025-04-06,2025,Q2,4,Asia Pacific,Japan,Tablet,Online,448,554.3,248325.77,129129.4,14440.0,14007.05,4748.42,162324.87,86000.9,34.63
ORD-003025,2025-04-06,2025,Q2,4,Middle East,UAE,Tablet,Enterprise,440,505.43,222389.81,115642.7,11549.82,21858.93,7982.04,157033.49,65356.32,29.39
ORD-001939,2025-04-07,2025,Q2,4,Europe,Spain,Tablet,Retail,224,476.47,106729.35,55499.26,2972.62,3560.14,1038.83,63070.85,43658.5,40.91
ORD-001996,2025-04-07,2025,Q2,4,Latin America,Brazil,Printer,Retail,50,284.59,14229.41,8110.76,717.33,2437.47,1245.74,12511.3,1718.11,12.07
ORD-004101,2025-04-07,2025,Q2,4,Asia Pacific,Japan,Server,Online,260,2320.17,603244.38,410206.18,2706.37,6987.99,6225.74,426126.29,177118.1,29.36
ORD-003959,2025-04-08,2025,Q2,4,North America,Mexico,Laptop,Distributor,154,1009.49,155461.54,90167.69,2248.74,6949.61,3098.18,102464.22,52997.32,34.09
ORD-003161,2025-04-08,2025,Q2,4,Europe,Spain,Tablet,Distributor,470,437.17,205471.74,106845.3,7507.91,24946.07,7199.55,146498.83,58972.9,28.7
ORD-004896,2025-04-08,2025,Q2,4,Asia Pacific,Singapore,Desktop,Retail,442,828.38,366146.11,219687.66,14377.37,21199.85,4717.84,259982.73,106163.38,28.99
ORD-000167,2025-04-08,2025,Q2,4,North America,Canada,Monitor,Online,458,289.0,132363.29,72799.81,4324.67,15763.2,3072.4,95960.08,36403.22,27.5
ORD-003713,2025-04-09,2025,Q2,4,North America,Canada,Monitor,Enterprise,127,272.53,34611.83,19036.51,1827.02,5357.48,620.81,26841.83,7770.01,22.45
ORD-004227,2025-04-09,2025,Q2,4,North America,USA,Printer,Retail,423,321.43,135962.86,77498.83,6757.1,20000.85,1408.77,105665.56,30297.3,22.28
ORD-003379,2025-04-09,2025,Q2,4,Asia Pacific,Singapore,Desktop,Retail,324,641.71,207915.14,124749.08,9786.06,9857.51,2953.15,147345.8,60569.34,29.13
ORD-001865,2025-04-09,2025,Q2,4,North America,Mexico,Printer,Online,493,293.58,144736.41,82499.75,11221.86,17365.91,4964.93,116052.45,28683.95,19.82
ORD-002846,2025-04-09,2025,Q2,4,Latin America,Chile,Laptop,Retail,421,765.07,322092.88,186813.87,7076.61,5197.3,2696.95,201784.73,120308.15,37.35
ORD-002379,2025-04-09,2025,Q2,4,North America,Canada,Tablet,Enterprise,68,475.86,32358.51,16826.43,1320.17,2347.9,1311.23,21805.73,10552.79,32.61
ORD-001071,2025-04-10,2025,Q2,4,Middle East,Saudi Arabia,Desktop,Enterprise,420,776.97,326326.98,195796.19,13593.67,23295.36,5535.58,238220.8,88106.18,27.0
ORD-001247,2025-04-11,2025,Q2,4,Europe,Germany,Printer,Distributor,334,297.34,99313.16,56608.5,5226.04,10571.82,4979.45,77385.81,21927.35,22.08
ORD-000004,2025-04-11,2025,Q2,4,Europe,Spain,Printer,Online,337,270.97,91316.95,52050.66,5631.21,6336.02,7596.81,71614.71,19702.24,21.58
ORD-004857,2025-04-11,2025,Q2,4,Middle East,UAE,Laptop,Distributor,192,960.05,184329.18,106910.92,2955.71,2648.43,1607.4,114122.46,70206.72,38.09
ORD-001906,2025-04-11,2025,Q2,4,Europe,Spain,Laptop,Online,77,791.33,60932.57,35340.89,2216.77,945.61,278.74,38782.01,22150.56,36.35
ORD-001813,2025-04-11,2025,Q2,4,North America,Mexico,Desktop,Enterprise,193,743.52,143500.16,86100.09,6490.57,8613.11,1849.73,103053.51,40446.65,28.19
ORD-000719,2025-04-12,2025,Q2,4,North America,USA,Server,Online,494,2208.77,1091132.54,741970.13,5303.44,5107.83,2286.54,754667.94,336464.6,30.84
ORD-004657,2025-04-12,2025,Q2,4,Asia Pacific,India,Tablet,Distributor,52,572.86,29788.98,15490.27,1109.39,1112.44,704.95,18417.05,11371.93,38.17
ORD-002249,2025-04-12,2025,Q2,4,Europe,Spain,Laptop,Distributor,446,838.42,373937.11,216883.52,9675.43,8559.97,1852.58,236971.5,136965.61,36.63
ORD-004341,2025-04-12,2025,Q2,4,Asia Pacific,Australia,Server,Enterprise,426,1974.38,841085.3,571938.01,10240.32,5788.89,6955.17,594922.39,246162.92,29.27
ORD-000948,2025-04-13,2025,Q2,4,North America,USA,Server,Online,251,2318.44,581928.37,395711.29,2349.98,14469.17,2061.42,414591.87,167336.5,28.76
ORD-000222,2025-04-14,2025,Q2,4,North America,Mexico,Desktop,Enterprise,489,782.77,382774.79,229664.87,6514.27,17128.75,8038.97,261346.86,121427.93,31.72
ORD-001612,2025-04-14,2025,Q2,4,North America,USA,Laptop,Retail,145,955.1,138489.85,80324.11,2899.44,7526.16,3088.38,93838.1,44651.76,32.24
ORD-002775,2025-04-15,2025,Q2,4,Asia Pacific,Japan,Printer,Retail,27,245.65,6632.48,3780.51,430.59,593.48,138.68,4943.26,1689.22,25.47
ORD-003049,2025-04-15,2025,Q2,4,Europe,Germany,Desktop,Distributor,208,775.6,161325.79,96795.47,6261.87,3903.96,4505.94,111467.25,49858.54,30.91
ORD-003655,2025-04-15,2025,Q2,4,Europe,France,Printer,Online,397,298.13,118358.72,67464.47,9435.45,22726.31,3419.52,103045.75,15312.97,12.94
ORD-000967,2025-04-15,2025,Q2,4,Europe,Spain,Laptop,Online,476,855.38,407161.23,236153.51,5794.8,14265.93,1582.37,257796.62,149364.61,36.68
ORD-002880,2025-04-15,2025,Q2,4,North America,USA,Monitor,Enterprise,490,325.04,159270.42,87598.73,5743.05,24146.45,7920.66,125408.88,33861.53,21.26
ORD-000287,2025-04-15,2025,Q2,4,Latin America,Chile,Server,Retail,336,2219.96,745905.07,507215.45,5946.75,17220.4,4867.37,535249.97,210655.1,28.24
ORD-003876,2025-04-15,2025,Q2,4,North America,Canada,Desktop,Enterprise,271,713.99,193491.31,116094.79,7600.93,11144.47,3783.03,138623.22,54868.09,28.36
ORD-000495,2025-04-15,2025,Q2,4,Middle East,UAE,Printer,Retail,46,263.68,12129.09,6913.58,1461.41,2046.01,813.01,11234.01,895.08,7.38
ORD-003381,2025-04-15,2025,Q2,4,North America,USA,Printer,Online,272,265.67,72261.9,41189.29,2364.6,3937.68,2618.12,50109.68,22152.23,30.66
ORD-004262,2025-04-15,2025,Q2,4,North America,Mexico,Desktop,Distributor,251,783.55,196670.63,118002.38,3316.71,3000.86,2185.01,126504.96,70165.67,35.68
ORD-003992,2025-04-15,2025,Q2,4,Asia Pacific,India,Laptop,Distributor,200,814.5,162899.44,94481.68,2197.64,10816.44,3142.77,110638.53,52260.92,32.08
ORD-003946,2025-04-16,2025,Q2,4,North America,Canada,Monitor,Online,22,257.53,5665.77,3116.17,431.96,1229.2,105.99,4883.32,782.45,13.81
ORD-003938,2025-04-16,2025,Q2,4,North America,USA,Server,Online,51,2067.25,105429.7,71692.2,1515.56,2005.93,909.98,76123.67,29306.03,27.8
ORD-004989,2025-04-16,2025,Q2,4,Europe,France,Printer,Online,354,279.24,98850.04,56344.53,10614.21,5378.16,3544.13,75881.03,22969.02,23.24
ORD-000180,2025-04-17,2025,Q2,4,Latin America,Chile,Tablet,Online,160,504.7,80751.45,41990.75,2196.4,8880.53,970.61,54038.3,26713.15,33.08
ORD-002018,2025-04-17,2025,Q2,4,Europe,UK,Printer,Enterprise,141,307.05,43294.15,24677.67,2756.06,6264.13,2760.41,36458.27,6835.89,15.79
ORD-000662,2025-04-18,2025,Q2,4,Europe,UK,Server,Online,348,2356.97,820224.18,557752.44,7745.58,10981.73,8459.79,584939.54,235284.64,28.69
ORD-001267,2025-04-18,2025,Q2,4,Europe,France,Laptop,Retail,346,766.62,265250.59,153845.34,10415.8,18348.07,5357.31,187966.53,77284.06,29.14
ORD-000352,2025-04-18,2025,Q2,4,North America,Canada,Desktop,Online,109,767.95,83706.24,50223.74,3063.5,5872.35,2386.9,61546.49,22159.74,26.47
ORD-003037,2025-04-19,2025,Q2,4,Asia Pacific,Japan,Desktop,Distributor,435,805.92,350575.64,210345.39,8586.05,22301.41,3535.5,244768.34,105807.3,30.18
ORD-000020,2025-04-19,2025,Q2,4,Europe,France,Laptop,Online,326,780.67,254497.77,147608.71,4361.6,12493.75,1559.75,166023.81,88473.96,34.76
ORD-000875,2025-04-19,2025,Q2,4,North America,Canada,Desktop,Retail,121,669.98,81067.83,48640.7,2488.54,6717.0,2207.41,60053.64,21014.18,25.92
ORD-002088,2025-04-20,2025,Q2,4,Latin America,Chile,Printer,Retail,140,249.19,34886.78,19885.47,4630.0,4917.7,1308.29,30741.46,4145.32,11.88
ORD-002627,2025-04-20,2025,Q2,4,Europe,UK,Printer,Retail,21,247.15,5190.11,2958.36,175.5,425.71,319.81,3879.38,1310.73,25.25
ORD-002297,2025-04-20,2025,Q2,4,North America,USA,Printer,Online,468,309.24,144723.55,82492.42,15687.45,8088.88,8341.43,114610.18,30113.37,20.81
ORD-004407,2025-04-20,2025,Q2,4,North America,Canada,Printer,Online,103,292.14,30090.7,17151.7,1592.27,1211.22,733.82,20689.01,9401.69,31.24
ORD-000549,2025-04-20,2025,Q2,4,Europe,Spain,Tablet,Distributor,396,478.47,189474.8,98526.9,7119.25,9559.06,4526.05,119731.26,69743.54,36.81
ORD-002240,2025-04-20,2025,Q2,4,Europe,Germany,Printer,Distributor,167,256.82,42889.01,24446.73,2105.11,7661.15,3573.37,37786.36,5102.64,11.9
ORD-000899,2025-04-20,2025,Q2,4,Asia Pacific,Japan,Monitor,Online,235,310.6,72990.02,40144.51,6763.96,12184.27,5410.9,64503.64,8486.37,11.63
ORD-000471,2025-04-20,2025,Q2,4,North America,Canada,Laptop,Online,226,834.71,188645.54,109414.42,5496.3,4015.03,4183.97,123109.71,65535.83,34.74
ORD-001123,2025-04-21,2025,Q2,4,North America,Mexico,Laptop,Enterprise,261,797.48,208141.74,120722.21,8190.32,2701.09,4237.14,135850.76,72290.97,34.73
ORD-002396,2025-04-21,2025,Q2,4,North America,Mexico,Laptop,Online,250,774.07,193518.62,112240.8,4515.79,7737.11,5256.15,129749.85,63768.78,32.95
ORD-000243,2025-04-21,2025,Q2,4,Latin America,Argentina,Printer,Distributor,139,285.31,39658.31,22605.24,4372.35,3096.78,3436.62,33510.99,6147.32,15.5
ORD-003113,2025-04-21,2025,Q2,4,Latin America,Argentina,Printer,Enterprise,411,304.05,124964.18,71229.58,4119.52,10276.04,1933.68,87558.83,37405.35,29.93
ORD-004537,2025-04-22,2025,Q2,4,Europe,France,Laptop,Distributor,319,919.98,293472.28,170213.92,6802.29,11731.38,1511.71,190259.29,103212.98,35.17
ORD-001453,2025-04-22,2025,Q2,4,Latin America,Argentina,Tablet,Retail,302,447.2,135054.11,70228.14,6862.92,14230.95,6809.69,98131.69,36922.41,27.34
ORD-000800,2025-04-22,2025,Q2,4,Latin America,Chile,Desktop,Retail,287,698.91,200586.23,120351.74,5258.42,9896.71,4902.12,140408.99,60177.25,30.0
ORD-004289,2025-04-22,2025,Q2,4,North America,USA,Printer,Online,225,272.44,61299.41,34940.66,7403.53,11343.72,1319.59,55007.5,6291.91,10.26
ORD-002958,2025-04-22,2025,Q2,4,Europe,Italy,Server,Distributor,481,2336.23,1123726.49,764134.01,5834.93,28499.63,9101.59,807570.16,316156.33,28.13
ORD-004792,2025-04-23,2025,Q2,4,North America,Mexico,Monitor,Online,300,342.24,102670.95,56469.02,5767.35,10102.54,3881.28,76220.19,26450.76,25.76
ORD-003874,2025-04-23,2025,Q2,4,North America,Mexico,Desktop,Online,238,806.52,191950.75,115170.45,3950.88,3697.68,4830.93,127649.94,64300.81,33.5
ORD-002410,2025-04-24,2025,Q2,4,Asia Pacific,Singapore,Printer,Online,360,319.78,115121.05,65619.0,5740.83,19442.47,2377.53,93179.83,21941.22,19.06
ORD-002669,2025-04-24,2025,Q2,4,Asia Pacific,Australia,Server,Online,239,2525.03,603481.44,410367.38,3383.73,9326.73,5386.21,428464.05,175017.39,29.0
ORD-003603,2025-04-24,2025,Q2,4,North America,Mexico,Monitor,Online,233,313.7,73092.11,40200.66,3680.24,9143.91,5337.46,58362.28,14729.84,20.15
ORD-004383,2025-04-24,2025,Q2,4,Asia Pacific,Australia,Desktop,Online,292,736.12,214946.56,128967.94,5308.99,3347.28,3873.14,141497.35,73449.22,34.17
ORD-004609,2025-04-24,2025,Q2,4,Middle East,Saudi Arabia,Monitor,Online,144,312.27,44966.59,24731.62,1310.27,5132.89,3185.79,34360.58,10606.01,23.59
ORD-003223,2025-04-25,2025,Q2,4,Europe,Spain,Tablet,Distributor,214,425.02,90954.02,47296.09,5527.23,11939.73,2400.95,67164.01,23790.01,26.16
ORD-004659,2025-04-25,2025,Q2,4,Asia Pacific,Australia,Printer,Distributor,223,281.39,62749.81,35767.39,7205.62,10793.29,5574.86,59341.17,3408.64,5.43
ORD-002085,2025-04-25,2025,Q2,4,Asia Pacific,Singapore,Laptop,Enterprise,92,899.44,82748.79,47994.3,1921.39,5499.68,906.54,56321.91,26426.89,31.94
ORD-004773,2025-04-25,2025,Q2,4,North America,USA,Server,Retail,81,2105.57,170550.8,115974.55,963.18,2083.53,769.36,119790.62,50760.18,29.76
ORD-001748,2025-04-25,2025,Q2,4,Europe,UK,Desktop,Retail,425,713.76,303347.41,182008.45,14162.85,24808.4,5853.4,226833.09,76514.32,25.22
ORD-003847,2025-04-25,2025,Q2,4,Asia Pacific,Singapore,Monitor,Online,63,294.5,18553.22,10204.27,1219.19,757.09,1225.7,13406.26,5146.96,27.74
ORD-002408,2025-04-26,2025,Q2,4,Middle East,UAE,Monitor,Enterprise,68,295.7,20107.84,11059.31,951.26,727.55,1212.28,13950.4,6157.44,30.62
ORD-001040,2025-04-26,2025,Q2,4,Latin America,Argentina,Desktop,Distributor,462,707.53,326878.19,196126.92,4359.28,6536.74,2617.15,209640.09,117238.11,35.87
ORD-001795,2025-04-26,2025,Q2,4,Asia Pacific,Japan,Monitor,Online,227,285.27,64756.32,35615.98,2713.89,8462.28,2293.43,49085.57,15670.74,24.2
ORD-002320,2025-04-27,2025,Q2,4,Asia Pacific,Singapore,Laptop,Retail,15,828.57,12428.53,7208.55,310.58,432.79,93.26,8045.17,4383.36,35.27
ORD-001663,2025-04-27,2025,Q2,4,North America,Canada,Monitor,Retail,316,295.2,93282.95,51305.62,9225.19,15930.26,7859.32,84320.39,8962.56,9.61
ORD-001841,2025-04-27,2025,Q2,4,Middle East,Qatar,Tablet,Online,130,562.18,73083.69,38003.52,3171.86,7464.09,2577.94,51217.4,21866.28,29.92
ORD-002605,2025-04-27,2025,Q2,4,Latin America,Argentina,Monitor,Distributor,247,329.99,81508.67,44829.77,5625.49,9698.96,2394.79,62549.01,18959.66,23.26
ORD-001792,2025-04-27,2025,Q2,4,North America,Canada,Laptop,Enterprise,442,1004.18,443848.89,257432.36,10733.02,17941.18,5724.41,291830.96,152017.93,34.25
ORD-004200,2025-04-27,2025,Q2,4,Europe,UK,Printer,Enterprise,90,281.62,25345.99,14447.21,824.4,2203.72,505.87,17981.21,7364.78,29.06
ORD-001257,2025-04-28,2025,Q2,4,North America,Canada,Printer,Enterprise,453,277.49,125703.0,71650.71,8616.67,6120.05,8117.21,94504.63,31198.37,24.82
ORD-002860,2025-04-28,2025,Q2,4,Latin America,Chile,Laptop,Distributor,162,927.64,150277.53,87160.97,1765.12,3472.93,2224.97,94623.99,55653.55,37.03
ORD-000118,2025-04-29,2025,Q2,4,North America,Canada,Desktop,Online,449,699.05,313875.07,188325.04,11606.34,12183.03,3372.3,215486.71,98388.36,31.35
ORD-003737,2025-04-29,2025,Q2,4,Europe,UK,Laptop,Online,352,818.86,288238.17,167178.14,10880.13,6191.0,2526.71,186775.99,101462.18,35.2
ORD-002242,2025-04-29,2025,Q2,4,Latin America,Argentina,Server,Enterprise,156,2134.3,332950.72,226406.49,1550.85,7283.88,1853.95,237095.17,95855.55,28.79
ORD-004816,2025-04-29,2025,Q2,4,North America,USA,Server,Enterprise,44,2202.19,96896.45,65889.59,668.48,1482.66,133.4,68174.12,28722.33,29.64
ORD-003521,2025-04-29,2025,Q2,4,Asia Pacific,Japan,Server,Distributor,381,2120.62,807956.2,549410.22,12895.89,9426.39,5558.16,577290.66,230665.54,28.55
ORD-002570,2025-04-29,2025,Q2,4,North America,Canada,Tablet,Enterprise,465,548.03,254835.43,132514.42,14592.39,9010.1,8122.01,164238.92,90596.51,35.55
ORD-001506,2025-04-29,2025,Q2,4,Middle East,Saudi Arabia,Server,Distributor,445,2131.93,948707.57,645121.15,10537.87,6845.43,1565.06,664069.51,284638.06,30.0
ORD-000678,2025-04-29,2025,Q2,4,Asia Pacific,India,Tablet,Online,154,446.45,68753.24,35751.69,3654.77,3029.32,2445.01,44880.79,23872.45,34.72
ORD-002497,2025-04-29,2025,Q2,4,Middle East,Qatar,Laptop,Distributor,430,803.23,345387.59,200324.81,8934.91,25653.17,2033.63,236946.51,108441.09,31.4
ORD-003393,2025-04-29,2025,Q2,4,Europe,Italy,Laptop,Enterprise,421,919.6,387151.41,224547.82,14459.97,13999.61,7528.4,260535.79,126615.61,32.7
ORD-002258,2025-04-30,2025,Q2,4,North America,Mexico,Monitor,Retail,384,290.97,111732.8,61453.04,13436.86,20597.65,8309.16,103796.71,7936.09,7.1
ORD-003811,2025-04-30,2025,Q2,4,Latin America,Chile,Server,Online,146,1919.2,280203.92,190538.67,2177.4,1649.07,2326.13,196691.27,83512.66,29.8
ORD-003763,2025-04-30,2025,Q2,4,North America,USA,Printer,Enterprise,174,292.51,50896.3,29010.89,3572.49,2471.58,3878.87,38933.83,11962.47,23.5
ORD-000333,2025-05-02,2025,Q2,5,Asia Pacific,Japan,Monitor,Online,253,270.55,68448.09,37646.45,6726.23,8652.84,5559.02,58584.53,9863.56,14.41
ORD-003129,2025-05-02,2025,Q2,5,North America,Mexico,Laptop,Enterprise,377,1023.48,385850.44,223793.25,13118.6,10428.82,1778.85,249119.52,136730.91,35.44
ORD-001964,2025-05-02,2025,Q2,5,Europe,Germany,Monitor,Enterprise,494,289.79,143155.67,78735.62,16871.95,17918.82,1673.4,115199.78,27955.88,19.53
ORD-003802,2025-05-02,2025,Q2,5,North America,Canada,Printer,Online,303,292.5,88627.16,50517.48,7931.66,9472.67,4158.3,72080.12,16547.04,18.67
ORD-002817,2025-05-02,2025,Q2,5,Europe,France,Tablet,Online,97,541.86,52560.78,27331.6,2067.96,5607.79,1886.18,36893.53,15667.25,29.81
ORD-000564,2025-05-02,2025,Q2,5,North America,USA,Server,Online,82,1909.38,156568.92,106466.87,1513.71,1116.71,579.77,109677.05,46891.87,29.95
ORD-002906,2025-05-03,2025,Q2,5,North America,Mexico,Monitor,Online,167,281.62,47030.15,25866.58,4441.85,7904.26,3330.0,41542.69,5487.46,11.67
ORD-000174,2025-05-03,2025,Q2,5,North America,USA,Tablet,Online,212,531.13,112600.23,58552.12,4013.45,11366.43,2696.77,76628.77,35971.46,31.95
ORD-001072,2025-05-03,2025,Q2,5,Europe,Spain,Desktop,Distributor,407,758.4,308667.28,185200.37,5460.52,16403.08,7704.33,214768.29,93898.99,30.42
ORD-001555,2025-05-03,2025,Q2,5,North America,Mexico,Monitor,Distributor,342,273.95,93691.77,51530.47,9444.05,4539.07,1100.27,66613.86,27077.91,28.9
ORD-002876,2025-05-03,2025,Q2,5,Latin America,Brazil,Laptop,Online,226,935.06,211323.09,122567.39,7588.41,3258.89,3843.24,137257.93,74065.16,35.05
ORD-003102,2025-05-03,2025,Q2,5,North America,Mexico,Desktop,Retail,173,824.44,142628.19,85576.91,3011.94,4527.63,824.76,93941.24,48686.95,34.14
ORD-001764,2025-05-04,2025,Q2,5,Middle East,Qatar,Printer,Retail,84,259.36,21786.3,12418.19,2396.83,3075.84,1529.02,19419.88,2366.43,10.86
ORD-002171,2025-05-04,2025,Q2,5,Asia Pacific,Australia,Tablet,Distributor,24,550.82,13219.74,6874.27,585.47,1172.59,404.04,9036.37,4183.37,31.64
ORD-004323,2025-05-04,2025,Q2,5,Middle East,UAE,Monitor,Retail,499,256.92,128204.33,70512.38,7080.55,6737.89,3075.02,87405.84,40798.49,31.82
ORD-003302,2025-05-04,2025,Q2,5,Middle East,UAE,Tablet,Online,193,544.0,104992.77,54596.24,2877.52,9251.99,2223.2,68948.95,36043.82,34.33
ORD-000268,2025-05-04,2025,Q2,5,Asia Pacific,Singapore,Monitor,Retail,148,292.26,43254.49,23789.97,3622.24,3402.52,608.63,31423.37,11831.12,27.35
ORD-003534,2025-05-04,2025,Q2,5,North America,Canada,Server,Online,305,2025.24,617697.92,420034.58,9232.93,13714.68,7182.3,450164.49,167533.43,27.12
ORD-004288,2025-05-04,2025,Q2,5,Europe,Spain,Tablet,Retail,219,558.61,122334.63,63614.01,5491.59,7428.3,1036.27,77570.16,44764.47,36.59
ORD-001512,2025-05-04,2025,Q2,5,Middle East,Saudi Arabia,Monitor,Enterprise,358,311.67,111576.54,61367.1,4485.51,8248.01,2723.88,76824.49,34752.05,31.15
ORD-004765,2025-05-05,2025,Q2,5,Middle East,Qatar,Monitor,Online,181,310.77,56249.09,30937.0,3844.44,4686.1,3445.69,42913.23,13335.86,23.71
ORD-000944,2025-05-05,2025,Q2,5,North America,USA,Monitor,Online,23,311.5,7164.57,3940.51,234.63,764.66,328.52,5268.33,1896.25,26.47
ORD-002900,2025-05-05,2025,Q2,5,Europe,Germany,Monitor,Distributor,398,265.0,105468.78,58007.83,7408.18,11776.35,3423.42,80615.78,24852.99,23.56
ORD-004723,2025-05-05,2025,Q2,5,Middle East,Qatar,Monitor,Retail,360,288.1,103717.25,57044.49,3877.0,20177.5,3669.41,84768.41,18948.84,18.27
ORD-004206,2025-05-05,2025,Q2,5,Asia Pacific,Australia,Printer,Online,34,263.41,8956.01,5104.92,281.24,1541.36,354.8,7282.33,1673.68,18.69
ORD-002155,2025-05-06,2025,Q2,5,Middle East,Saudi Arabia,Laptop,Online,23,816.17,18771.81,10887.65,609.1,1361.02,175.9,13033.67,5738.14,30.57
ORD-001309,2025-05-06,2025,Q2,5,North America,USA,Server,Online,295,1901.17,560845.42,381374.88,7485.04,5824.78,6143.78,400828.48,160016.94,28.53
ORD-000449,2025-05-06,2025,Q2,5,Latin America,Brazil,Monitor,Enterprise,179,307.52,55046.48,30275.56,2160.5,7961.95,3607.69,44005.71,11040.77,20.06
ORD-004833,2025-05-07,2025,Q2,5,Middle East,Saudi Arabia,Laptop,Online,107,919.79,98417.5,57082.15,2815.22,3089.06,1374.99,64361.42,34056.08,34.6
ORD-001111,2025-05-07,2025,Q2,5,North America,Mexico,Monitor,Distributor,135,280.51,37868.87,20827.88,4079.4,5589.97,3280.25,33777.5,4091.36,10.8
ORD-000072,2025-05-07,2025,Q2,5,Asia Pacific,Australia,Printer,Online,398,298.25,118704.16,67661.37,8177.02,13987.9,9321.11,99147.41,19556.75,16.48
ORD-001860,2025-05-07,2025,Q2,5,Europe,Spain,Printer,Retail,74,267.2,19772.46,11270.3,1095.36,4420.62,1334.55,18120.83,1651.63,8.35
ORD-002927,2025-05-07,2025,Q2,5,Europe,Italy,Printer,Online,189,257.21,48612.45,27709.09,2951.36,2299.34,2191.06,35150.85,13461.6,27.69
ORD-004320,2025-05-07,2025,Q2,5,North America,Canada,Server,Online,162,2328.56,377226.85,256514.26,5318.24,8720.68,2988.29,273541.46,103685.39,27.49
ORD-003906,2025-05-07,2025,Q2,5,Europe,Spain,Tablet,Retail,473,486.39,230062.16,119632.32,6943.87,8099.2,3490.24,138165.63,91896.53,39.94
ORD-000987,2025-05-08,2025,Q2,5,North America,Canada,Laptop,Online,282,900.73,254007.2,147324.18,6731.94,12835.85,2109.47,169001.43,85005.77,33.47
ORD-002403,2025-05-08,2025,Q2,5,Middle East,Qatar,Desktop,Online,137,698.88,95746.14,57447.69,1176.23,8085.2,2201.53,68910.65,26835.49,28.03
ORD-001557,2025-05-08,2025,Q2,5,Middle East,Qatar,Printer,Online,411,239.78,98548.72,56172.77,9215.31,6773.67,8295.43,80457.18,18091.53,18.36
ORD-003301,2025-05-08,2025,Q2,5,Asia Pacific,India,Laptop,Retail,216,849.26,183440.1,106395.26,4617.46,4084.06,1417.01,116513.78,66926.31,36.48
ORD-003725,2025-05-08,2025,Q2,5,Asia Pacific,Japan,Desktop,Retail,40,835.55,33422.16,20053.3,1306.95,1252.07,508.35,23120.66,10301.5,30.82
ORD-004133,2025-05-08,2025,Q2,5,Asia Pacific,Australia,Desktop,Retail,383,706.79,270699.34,162419.6,4994.4,17773.28,8887.51,194074.79,76624.55,28.31
ORD-001617,2025-05-08,2025,Q2,5,Middle East,UAE,Laptop,Online,305,911.49,278005.73,161243.32,6975.04,6942.78,1661.43,176822.57,101183.16,36.4
ORD-004175,2025-05-09,2025,Q2,5,Europe,Spain,Server,Online,361,2524.76,911439.0,619778.52,6115.81,16888.7,8082.78,650865.81,260573.19,28.59
ORD-004394,2025-05-09,2025,Q2,5,North America,Mexico,Monitor,Online,241,265.04,63874.63,35131.05,6224.74,2474.31,5841.67,49671.76,14202.87,22.24
ORD-004676,2025-05-09,2025,Q2,5,North America,USA,Server,Online,10,2119.2,21192.04,14410.58,220.53,169.32,93.3,14893.72,6298.31,29.72
ORD-003389,2025-05-09,2025,Q2,5,Asia Pacific,Japan,Server,Retail,78,2238.75,174622.81,118743.51,1889.43,4511.72,1044.73,126189.39,48433.42,27.74
ORD-002959,2025-05-09,2025,Q2,5,North America,Mexico,Server,Retail,471,2336.42,1100454.63,748309.15,9772.71,18517.62,3326.12,779925.61,320529.02,29.13
ORD-001519,2025-05-09,2025,Q2,5,Latin America,Chile,Tablet,Online,484,527.04,255087.79,132645.65,6479.36,21092.09,1924.17,162141.27,92946.52,36.44
ORD-003075,2025-05-10,2025,Q2,5,North America,USA,Monitor,Online,138,332.81,45927.8,25260.29,4534.99,3850.82,3044.69,36690.79,9237.01,20.11
ORD-004050,2025-05-10,2025,Q2,5,North America,Canada,Monitor,Enterprise,20,301.89,6037.79,3320.79,490.14,1051.48,116.84,4979.25,1058.54,17.53
ORD-001975,2025-05-11,2025,Q2,5,Europe,Spain,Printer,Distributor,131,273.19,35787.24,20398.73,3913.51,7810.34,3190.07,35312.65,474.59,1.33
ORD-001106,2025-05-11,2025,Q2,5,Europe,Italy,Printer,Distributor,427,311.39,132964.33,75789.67,4278.17,10149.93,7857.23,98074.98,34889.34,26.24
ORD-000249,2025-05-11,2025,Q2,5,North America,Mexico,Monitor,Retail,81,343.9,27855.55,15320.55,2399.09,2875.18,1242.08,21836.9,6018.65,21.61
ORD-000369,2025-05-11,2025,Q2,5,Latin America,Chile,Printer,Retail,423,291.98,123508.67,70399.94,7214.39,9597.98,3524.55,90736.87,32771.8,26.53
ORD-001867,2025-05-11,2025,Q2,5,Middle East,Qatar,Laptop,Enterprise,63,888.48,55974.47,32465.19,666.39,3707.13,733.05,37571.76,18402.71,32.88
ORD-003864,2025-05-12,2025,Q2,5,Latin America,Chile,Monitor,Enterprise,457,312.27,142706.55,78488.6,5021.26,10994.5,7737.04,102241.4,40465.15,28.36
ORD-001595,2025-05-12,2025,Q2,5,Latin America,Argentina,Monitor,Online,32,298.06,9538.03,5245.92,449.78,755.41,399.85,6850.95,2687.08,28.17
ORD-002646,2025-05-13,2025,Q2,5,Asia Pacific,India,Printer,Retail,280,293.2,82096.79,46795.17,8130.5,10772.32,3176.92,68874.91,13221.88,16.11
ORD-003908,2025-05-13,2025,Q2,5,North America,USA,Laptop,Online,301,823.34,247825.15,143738.59,6133.21,16382.0,2993.13,169246.92,78578.23,31.71
ORD-003615,2025-05-13,2025,Q2,5,Middle East,UAE,Server,Distributor,316,2502.97,790937.43,537837.45,7437.17,17093.48,5026.98,567395.08,223542.35,28.26
ORD-000381,2025-05-13,2025,Q2,5,Europe,Germany,Tablet,Online,295,446.98,131859.24,68566.81,5632.0,3470.35,5478.58,83147.74,48711.51,36.94
ORD-003405,2025-05-13,2025,Q2,5,North America,USA,Printer,Online,166,264.96,43983.77,25070.75,2892.82,3192.54,844.86,32000.96,11982.8,27.24
ORD-003461,2025-05-13,2025,Q2,5,Asia Pacific,Japan,Server,Retail,216,2366.47,511156.76,347586.59,5865.78,6552.58,1114.63,361119.58,150037.18,29.35
ORD-001925,2025-05-13,2025,Q2,5,North America,Mexico,Monitor,Online,462,343.44,158667.25,87266.99,11899.18,20610.73,8603.74,128380.64,30286.6,19.09
ORD-003160,2025-05-14,2025,Q2,5,Asia Pacific,Japan,Tablet,Retail,305,467.66,142636.04,74170.74,6692.6,12315.92,6840.95,100020.21,42615.83,29.88
ORD-004507,2025-05-14,2025,Q2,5,Europe,Italy,Server,Retail,16,1946.49,31143.9,21177.85,376.13,653.07,138.0,22345.06,8798.84,28.25
ORD-002027,2025-05-14,2025,Q2,5,Europe,Spain,Monitor,Enterprise,76,289.73,22019.75,12110.86,1012.65,1354.99,1339.17,15817.67,6202.08,28.17
ORD-000457,2025-05-14,2025,Q2,5,Europe,France,Monitor,Distributor,165,336.38,55503.35,30526.85,3523.37,7308.35,979.4,42337.96,13165.39,23.72
ORD-002064,2025-05-14,2025,Q2,5,Europe,Spain,Tablet,Enterprise,305,428.19,130599.47,67911.72,7177.71,13862.79,1430.48,90382.71,40216.76,30.79
ORD-003843,2025-05-14,2025,Q2,5,Asia Pacific,Singapore,Desktop,Enterprise,493,674.75,332651.89,199591.14,15672.78,13960.19,4922.81,234146.91,98504.98,29.61
ORD-002104,2025-05-14,2025,Q2,5,Asia Pacific,Australia,Desktop,Distributor,279,718.17,200368.73,120221.24,7995.22,4913.62,3561.14,136691.21,63677.52,31.78
ORD-003618,2025-05-15,2025,Q2,5,Europe,Italy,Desktop,Enterprise,114,802.61,91497.53,54898.52,2670.23,6129.54,2685.15,66383.43,25114.1,27.45
ORD-002352,2025-05-15,2025,Q2,5,North America,USA,Laptop,Online,389,987.78,384246.97,222863.24,5876.48,7368.23,1515.69,237623.64,146623.33,38.16
ORD-001334,2025-05-15,2025,Q2,5,Middle East,Saudi Arabia,Tablet,Online,472,558.41,263568.68,137055.71,12172.29,9306.86,4562.52,163097.39,100471.29,38.12
ORD-004534,2025-05-16,2025,Q2,5,Asia Pacific,Australia,Monitor,Distributor,106,304.56,32282.85,17755.57,1415.69,1385.14,1300.31,21856.7,10426.15,32.3
ORD-000919,2025-05-16,2025,Q2,5,North America,Mexico,Monitor,Distributor,31,320.25,9927.7,5460.24,1010.7,1810.64,620.69,8902.27,1025.43,10.33
ORD-000514,2025-05-16,2025,Q2,5,North America,Mexico,Monitor,Retail,424,331.95,140746.27,77410.45,7391.53,8128.39,5993.06,98923.43,41822.83,29.72
ORD-004935,2025-05-16,2025,Q2,5,North America,USA,Tablet,Enterprise,500,494.6,247299.79,128595.89,13616.36,25754.16,6482.7,174449.12,72850.67,29.46
ORD-004596,2025-05-17,2025,Q2,5,Asia Pacific,Singapore,Server,Distributor,329,2462.26,810083.1,550856.51,4631.72,13575.57,991.44,570055.24,240027.87,29.63
ORD-004189,2025-05-17,2025,Q2,5,North America,Mexico,Server,Online,169,2045.32,345659.34,235048.35,5068.84,10048.49,1490.85,251656.54,94002.8,27.2
ORD-000791,2025-05-17,2025,Q2,5,Middle East,UAE,Monitor,Enterprise,171,286.93,49064.68,26985.58,5753.39,9445.1,1529.29,43713.36,5351.32,10.91
ORD-000094,2025-05-17,2025,Q2,5,Latin America,Argentina,Server,Enterprise,180,2034.33,366179.21,249001.86,4472.37,9154.77,3430.35,266059.35,100119.86,27.34
ORD-004955,2025-05-17,2025,Q2,5,North America,USA,Desktop,Enterprise,146,779.9,113865.3,68319.18,1660.03,7305.34,1119.62,78404.17,35461.13,31.14
ORD-000104,2025-05-17,2025,Q2,5,Europe,France,Tablet,Enterprise,101,520.79,52599.33,27351.65,862.2,4476.92,935.99,33626.77,18972.57,36.07
ORD-004003,2025-05-17,2025,Q2,5,Middle East,Qatar,Printer,Distributor,221,275.33,60848.61,34683.71,6923.54,5182.38,1261.97,48051.59,12797.02,21.03
ORD-001466,2025-05-18,2025,Q2,5,North America,Canada,Monitor,Retail,253,317.36,80290.87,44159.98,7689.1,12053.24,6115.2,70017.52,10273.35,12.8
ORD-003077,2025-05-18,2025,Q2,5,Europe,Italy,Monitor,Distributor,287,265.85,76299.74,41964.86,7231.36,11394.86,6820.43,67411.51,8888.23,11.65
ORD-000725,2025-05-18,2025,Q2,5,Asia Pacific,Australia,Desktop,Online,494,666.36,329179.79,197507.87,13099.41,13152.32,6086.86,229846.46,99333.33,30.18
ORD-003294,2025-05-18,2025,Q2,5,Asia Pacific,Singapore,Desktop,Retail,230,642.99,147888.12,88732.87,7145.13,9568.64,1242.8,106689.44,41198.68,27.86
ORD-002236,2025-05-18,2025,Q2,5,Europe,Italy,Desktop,Online,426,784.93,334381.79,200629.08,8248.42,23690.79,7753.1,240321.39,94060.4,28.13
ORD-004350,2025-05-19,2025,Q2,5,North America,Mexico,Tablet,Enterprise,50,496.65,24832.38,12912.84,1374.94,1239.55,743.91,16271.25,8561.13,34.48
ORD-000479,2025-05-19,2025,Q2,5,North America,Canada,Server,Online,221,2017.03,445762.63,303118.59,3479.47,6919.12,1678.75,315195.93,130566.7,29.29
ORD-002426,2025-05-19,2025,Q2,5,Europe,France,Printer,Retail,310,297.56,92243.04,52578.53,8134.26,5869.1,3474.28,70056.18,22186.86,24.05
ORD-003560,2025-05-19,2025,Q2,5,Europe,France,Printer,Enterprise,246,264.76,65130.69,37124.49,5248.33,4191.71,6136.64,52701.17,12429.51,19.08
ORD-003094,2025-05-19,2025,Q2,5,Middle East,UAE,Laptop,Distributor,222,1028.75,228381.44,132461.24,5584.11,2981.95,4164.97,145192.27,83189.17,36.43
ORD-003458,2025-05-19,2025,Q2,5,Europe,UK,Desktop,Retail,393,797.94,313589.33,188153.6,8126.04,15114.77,3556.01,214950.43,98638.9,31.45
ORD-001164,2025-05-20,2025,Q2,5,Latin America,Brazil,Printer,Distributor,436,277.09,120809.41,68861.36,12869.02,9133.37,6939.62,97803.38,23006.03,19.04
ORD-004517,2025-05-20,2025,Q2,5,North America,Mexico,Laptop,Online,219,780.58,170946.4,99148.91,3418.86,12579.36,2107.25,117254.38,53692.02,31.41
ORD-003899,2025-05-20,2025,Q2,5,North America,USA,Monitor,Retail,251,306.24,76865.29,42275.91,2436.5,7507.13,4504.93,56724.47,20140.82,26.2
ORD-002893,2025-05-21,2025,Q2,5,Asia Pacific,Singapore,Monitor,Distributor,324,329.49,106756.06,58715.83,10391.59,12065.76,7526.97,88700.15,18055.91,16.91
ORD-004514,2025-05-21,2025,Q2,5,North America,USA,Server,Distributor,433,2077.37,899499.68,611659.79,8023.01,11231.08,6620.07,637533.95,261965.74,29.12
ORD-004416,2025-05-22,2025,Q2,5,North America,Mexico,Laptop,Retail,15,1005.14,15077.13,8744.74,349.63,468.43,181.25,9744.05,5333.08,35.37
ORD-004545,2025-05-22,2025,Q2,5,Middle East,UAE,Laptop,Online,276,817.14,225531.84,130808.47,6961.89,16432.36,3144.89,157347.61,68184.24,30.23
ORD-003617,2025-05-22,2025,Q2,5,Europe,Italy,Monitor,Enterprise,28,302.44,8468.26,4657.54,240.89,504.95,283.77,5687.15,2781.12,32.84
ORD-003228,2025-05-22,2025,Q2,5,Europe,Italy,Monitor,Retail,275,309.44,85095.74,46802.66,7163.03,6938.69,3518.6,64422.98,20672.77,24.29
ORD-004764,2025-05-22,2025,Q2,5,North America,Canada,Desktop,Retail,127,828.22,105183.6,63110.16,1271.12,7131.5,3055.54,74568.34,30615.27,29.11
ORD-002715,2025-05-22,2025,Q2,5,Asia Pacific,India,Printer,Enterprise,123,283.6,34882.39,19882.96,2222.11,4262.79,688.93,27056.8,7825.59,22.43
ORD-002239,2025-05-22,2025,Q2,5,Europe,UK,Monitor,Enterprise,115,342.9,39433.33,21688.33,3594.18,2425.2,2422.84,30130.55,9302.78,23.59
ORD-001674,2025-05-23,2025,Q2,5,Latin America,Brazil,Tablet,Enterprise,74,499.75,36981.7,19230.48,1367.78,2303.62,254.29,23156.18,13825.52,37.38
ORD-003304,2025-05-23,2025,Q2,5,North America,Mexico,Laptop,Enterprise,246,803.37,197630.08,114625.45,3759.81,12186.61,3133.02,133704.89,63925.19,32.35
ORD-001747,2025-05-23,2025,Q2,5,Middle East,Saudi Arabia,Tablet,Online,210,548.98,115286.09,59948.77,5996.08,3416.86,2237.03,71598.75,43687.35,37.89
ORD-002611,2025-05-23,2025,Q2,5,Middle East,Saudi Arabia,Desktop,Distributor,392,643.21,252136.91,151282.15,7399.18,19243.92,5537.54,183462.79,68674.12,27.24
ORD-003109,2025-05-23,2025,Q2,5,Europe,France,Server,Retail,89,2243.16,199641.57,135756.27,1236.25,4658.72,347.57,141998.81,57642.76,28.87
ORD-000045,2025-05-23,2025,Q2,5,Middle East,UAE,Monitor,Retail,161,313.6,50489.13,27769.02,3194.39,6294.89,814.64,38072.94,12416.2,24.59
ORD-003952,2025-05-24,2025,Q2,5,North America,Mexico,Laptop,Retail,457,1022.15,467121.04,270930.2,13706.94,26505.22,7949.99,319092.35,148028.69,31.69
ORD-001874,2025-05-24,2025,Q2,5,Middle East,Saudi Arabia,Server,Retail,343,2058.31,706000.6,480080.41,9802.18,14151.93,8251.71,512286.22,193714.38,27.44
ORD-000204,2025-05-24,2025,Q2,5,North America,Mexico,Desktop,Distributor,308,849.17,261544.14,156926.49,6413.83,15086.47,2519.62,180946.41,80597.74,30.82
ORD-001848,2025-05-24,2025,Q2,5,Asia Pacific,Singapore,Printer,Retail,368,250.8,92293.79,52607.46,5134.63,7808.16,8733.39,74283.64,18010.16,19.51
ORD-000458,2025-05-25,2025,Q2,5,Latin America,Chile,Printer,Distributor,40,275.03,11001.33,6270.76,1204.13,837.1,522.06,8834.06,2167.28,19.7
ORD-000022,2025-05-25,2025,Q2,5,North America,Mexico,Printer,Retail,300,318.45,95536.22,54455.65,6709.08,3696.92,5971.43,70833.09,24703.14,25.86
ORD-000544,2025-05-25,2025,Q2,5,North America,Canada,Desktop,Distributor,455,834.09,379513.04,227707.83,6905.69,19257.31,3687.86,257558.69,121954.36,32.13
ORD-001498,2025-05-25,2025,Q2,5,North America,Mexico,Printer,Distributor,488,253.58,123745.2,70534.76,8475.96,24827.19,9587.06,113424.96,10320.23,8.34
ORD-002655,2025-05-25,2025,Q2,5,Latin America,Chile,Printer,Online,65,318.32,20690.77,11793.74,1392.59,1405.4,1250.35,15842.08,4848.69,23.43
ORD-000283,2025-05-26,2025,Q2,5,North America,Canada,Monitor,Distributor,265,342.54,90773.15,49925.23,4828.65,13885.7,3415.43,72055.01,18718.14,20.62
ORD-003322,2025-05-26,2025,Q2,5,Middle East,UAE,Laptop,Distributor,163,980.02,159742.59,92650.7,2237.15,3842.25,2328.87,101058.97,58683.63,36.74
ORD-000330,2025-05-27,2025,Q2,5,Middle East,Saudi Arabia,Tablet,Retail,413,451.9,186632.78,97049.04,10678.63,18647.11,4608.1,130982.88,55649.89,29.82
ORD-004978,2025-05-27,2025,Q2,5,Europe,Spain,Laptop,Online,487,945.15,460286.06,266965.91,14097.79,9805.92,6773.75,297643.37,162642.69,35.34
ORD-001486,2025-05-27,2025,Q2,5,Middle East,UAE,Monitor,Online,130,279.68,36358.01,19996.91,4400.53,3052.59,1671.84,29121.87,7236.14,19.9
ORD-004528,2025-05-27,2025,Q2,5,North America,Canada,Monitor,Distributor,34,270.06,9181.89,5050.04,787.92,1757.64,126.16,7721.75,1460.14,15.9
ORD-000765,2025-05-27,2025,Q2,5,Middle East,Saudi Arabia,Monitor,Enterprise,22,314.92,6928.33,3810.58,249.84,596.02,296.28,4952.71,1975.61,28.52
ORD-002393,2025-05-28,2025,Q2,5,Asia Pacific,Singapore,Tablet,Distributor,213,511.75,109003.28,56681.7,6545.16,7217.65,1068.24,71512.75,37490.53,34.39
ORD-000961,2025-05-28,2025,Q2,5,Latin America,Chile,Printer,Enterprise,211,280.21,59123.28,33700.27,3075.02,5943.58,5126.63,47845.5,11277.78,19.08
ORD-003551,2025-05-28,2025,Q2,5,Europe,UK,Monitor,Enterprise,378,292.81,110681.91,60875.05,3758.96,16981.03,3715.21,85330.25,25351.65,22.9
ORD-003627,2025-05-29,2025,Q2,5,North America,USA,Tablet,Distributor,401,442.56,177468.21,92283.47,8854.23,10280.2,6773.91,118191.8,59276.4,33.4
ORD-001730,2025-05-29,2025,Q2,5,Asia Pacific,Japan,Monitor,Online,337,326.9,110166.04,60591.32,3690.93,11824.77,2397.78,78504.8,31661.23,28.74
ORD-001394,2025-05-29,2025,Q2,5,Asia Pacific,India,Tablet,Enterprise,139,487.11,67708.3,35208.32,1891.17,4309.32,1447.31,42856.11,24852.19,36.7
ORD-002015,2025-05-29,2025,Q2,5,Europe,Italy,Server,Online,455,2217.85,1009119.91,686201.54,8586.45,4592.53,2149.04,701529.55,307590.36,30.48
ORD-002005,2025-05-29,2025,Q2,5,Asia Pacific,Japan,Tablet,Online,94,429.04,40330.06,20971.63,2354.43,2363.26,1776.55,27465.88,12864.18,31.9
ORD-002333,2025-05-30,2025,Q2,5,Europe,France,Monitor,Enterprise,267,308.42,82349.29,45292.11,7196.89,5538.98,6552.51,64580.48,17768.8,21.58
ORD-002881,2025-05-30,2025,Q2,5,Latin America,Brazil,Monitor,Retail,310,286.52,88822.17,48852.19,4349.22,12296.58,1448.73,66946.72,21875.45,24.63
ORD-001288,2025-05-30,2025,Q2,5,Asia Pacific,Australia,Desktop,Distributor,47,673.29,31644.6,18986.76,848.89,2087.66,1072.49,22995.8,8648.8,27.33
ORD-000706,2025-05-30,2025,Q2,5,Latin America,Brazil,Server,Online,166,2137.1,354758.13,241235.53,1547.27,5305.79,1117.84,249206.43,105551.71,29.75
ORD-002059,2025-05-30,2025,Q2,5,Europe,France,Laptop,Enterprise,150,964.68,144702.03,83927.18,3394.01,3340.94,997.78,91659.9,53042.13,36.66
ORD-004794,2025-05-30,2025,Q2,5,Europe,Germany,Desktop,Enterprise,49,669.73,32816.58,19689.95,1357.26,1849.14,628.05,23524.39,9292.19,28.32
ORD-000364,2025-05-30,2025,Q2,5,North America,USA,Monitor,Retail,110,332.23,36545.81,20100.2,2990.88,2214.43,2275.09,27580.6,8965.21,24.53
ORD-001430,2025-05-30,2025,Q2,5,Europe,Italy,Laptop,Distributor,132,956.22,126220.63,73207.97,2501.81,3040.6,604.79,79355.17,46865.46,37.13
ORD-001532,2025-05-31,2025,Q2,5,Europe,Germany,Monitor,Online,369,304.76,112455.71,61850.64,12346.0,9207.71,3174.42,86578.78,25876.93,23.01
ORD-003167,2025-05-31,2025,Q2,5,North America,USA,Server,Enterprise,308,1918.67,590951.71,401847.16,8038.3,6779.97,1671.31,418336.75,172614.96,29.21
ORD-002619,2025-05-31,2025,Q2,5,Asia Pacific,Australia,Printer,Online,20,293.35,5866.95,3344.16,597.14,1087.1,133.43,5161.82,705.13,12.02
ORD-000811,2025-05-31,2025,Q2,5,North America,Mexico,Server,Retail,294,2525.08,742372.09,504813.02,7912.24,16045.68,7308.54,536079.48,206292.61,27.79
ORD-001700,2025-05-31,2025,Q2,5,North America,Canada,Monitor,Online,249,292.46,72821.87,40052.03,4636.56,5908.97,2122.49,52720.05,20101.82,27.6
ORD-004868,2025-06-01,2025,Q2,6,North America,USA,Desktop,Online,32,640.6,20499.27,12299.56,813.62,1175.02,767.14,15055.34,5443.93,26.56
ORD-000245,2025-06-01,2025,Q2,6,North America,Canada,Tablet,Retail,131,489.48,64121.59,33343.23,1892.52,4517.41,2772.58,42525.74,21595.86,33.68
ORD-003480,2025-06-01,2025,Q2,6,Middle East,Qatar,Server,Online,278,2099.61,583691.58,396910.27,2636.93,7915.74,847.59,408310.53,175381.05,30.05
ORD-003198,2025-06-01,2025,Q2,6,Latin America,Chile,Printer,Enterprise,135,308.28,41617.47,23721.96,4324.86,5965.43,580.32,34592.57,7024.9,16.88
ORD-000548,2025-06-01,2025,Q2,6,Middle East,UAE,Tablet,Online,465,455.39,211757.45,110113.87,5163.23,12458.55,10556.5,138292.14,73465.3,34.69
ORD-003155,2025-06-02,2025,Q2,6,Middle East,Qatar,Laptop,Online,167,819.93,136928.7,79418.64,1761.47,5855.12,1394.19,88429.43,48499.27,35.42
ORD-003702,2025-06-02,2025,Q2,6,Latin America,Brazil,Desktop,Enterprise,27,663.62,17917.85,10750.71,658.08,922.35,142.36,12473.49,5444.36,30.39
ORD-002854,2025-06-02,2025,Q2,6,Europe,Italy,Laptop,Retail,440,818.46,360122.49,208871.04,13272.36,24390.19,6774.64,253308.23,106814.26,29.66
ORD-001842,2025-06-02,2025,Q2,6,Middle East,UAE,Server,Retail,451,2431.83,1096753.66,745792.49,10149.87,21671.0,7579.44,785192.8,311560.86,28.41
ORD-001314,2025-06-03,2025,Q2,6,North America,Canada,Laptop,Online,478,966.44,461959.25,267936.36,8038.56,8006.19,11585.26,295566.37,166392.88,36.02
ORD-002486,2025-06-03,2025,Q2,6,Asia Pacific,Australia,Tablet,Retail,149,500.34,74550.67,38766.35,1378.79,1984.77,2385.64,44515.54,30035.12,40.29
ORD-002955,2025-06-03,2025,Q2,6,Middle East,Saudi Arabia,Server,Retail,399,2260.43,901912.69,613300.63,4288.9,14615.82,2794.8,635000.15,266912.54,29.59
ORD-004230,2025-06-03,2025,Q2,6,Asia Pacific,India,Laptop,Online,85,935.09,79482.28,46099.72,2178.79,4968.42,771.96,54018.89,25463.39,32.04
ORD-001931,2025-06-03,2025,Q2,6,North America,USA,Laptop,Retail,172,779.73,134113.45,77785.8,2800.64,3142.59,2203.31,85932.35,48181.1,35.93
ORD-004622,2025-06-03,2025,Q2,6,Europe,Spain,Desktop,Enterprise,141,655.67,92449.81,55469.88,4223.77,6563.4,1500.06,67757.11,24692.69,26.71
ORD-002618,2025-06-03,2025,Q2,6,Asia Pacific,Singapore,Laptop,Online,480,1022.05,490584.37,284538.94,16671.73,12284.72,3058.12,316553.51,174030.86,35.47
ORD-002926,2025-06-03,2025,Q2,6,Europe,France,Printer,Online,128,304.99,39039.12,22252.3,3063.07,1953.63,3106.55,30375.55,8663.57,22.19
ORD-004813,2025-06-04,2025,Q2,6,North America,Mexico,Desktop,Retail,42,809.93,34016.99,20410.19,553.19,1125.16,766.67,22855.21,11161.78,32.81
ORD-000984,2025-06-04,2025,Q2,6,Asia Pacific,Japan,Printer,Distributor,210,243.1,51051.7,29099.47,4284.19,2508.49,1068.06,36960.2,14091.5,27.6
ORD-001642,2025-06-04,2025,Q2,6,Latin America,Argentina,Monitor,Retail,344,269.99,92875.58,51081.57,3903.09,8780.22,4217.82,67982.7,24892.88,26.8
ORD-003090,2025-06-04,2025,Q2,6,Europe,Spain,Desktop,Enterprise,147,783.78,115214.99,69128.99,5104.84,3685.76,2259.53,80179.13,35035.86,30.41
ORD-000076,2025-06-04,2025,Q2,6,North America,Canada,Tablet,Online,212,492.73,104458.6,54318.47,7030.5,7442.82,2743.3,71535.1,32923.49,31.52
ORD-001188,2025-06-04,2025,Q2,6,North America,Canada,Monitor,Distributor,255,255.99,65278.51,35903.18,2311.11,4081.82,1165.7,43461.8,21816.71,33.42
ORD-001329,2025-06-04,2025,Q2,6,Latin America,Brazil,Desktop,Enterprise,402,790.02,317588.3,190552.98,7073.97,9189.5,10011.75,216828.21,100760.09,31.73
ORD-000358,2025-06-05,2025,Q2,6,Latin America,Brazil,Desktop,Online,157,798.86,125421.58,75252.95,2497.78,6100.7,2723.99,86575.42,38846.16,30.97
ORD-001959,2025-06-05,2025,Q2,6,Europe,Italy,Laptop,Retail,103,904.74,93188.69,54049.44,1829.87,1257.45,2148.49,59285.25,33903.44,36.38
ORD-004349,2025-06-05,2025,Q2,6,Middle East,UAE,Tablet,Online,123,501.18,61644.74,32055.26,1242.09,6941.86,2917.57,43156.77,18487.96,29.99
ORD-002786,2025-06-06,2025,Q2,6,North America,Mexico,Printer,Retail,460,274.01,126043.16,71844.6,8213.48,9038.11,6476.18,95572.36,30470.8,24.17
ORD-004490,2025-06-06,2025,Q2,6,Asia Pacific,India,Monitor,Enterprise,131,270.26,35404.26,19472.34,3507.24,7821.06,948.09,31748.73,3655.53,10.33
ORD-001958,2025-06-06,2025,Q2,6,Europe,Italy,Tablet,Distributor,167,574.7,95974.46,49906.72,4619.77,5398.49,1964.1,61889.08,34085.38,35.52
ORD-004359,2025-06-07,2025,Q2,6,Asia Pacific,Singapore,Tablet,Distributor,185,571.81,105785.39,55008.4,5912.59,7439.12,3573.16,71933.27,33852.12,32.0
ORD-001261,2025-06-07,2025,Q2,6,Asia Pacific,India,Tablet,Retail,340,463.59,157621.92,81963.4,5073.62,18942.62,7768.98,113748.61,43873.31,27.83
ORD-001057,2025-06-07,2025,Q2,6,North America,Mexico,Laptop,Retail,197,983.21,193691.47,112341.05,4061.2,8015.2,4496.32,128913.78,64777.69,33.44
ORD-000637,2025-06-07,2025,Q2,6,Middle East,UAE,Tablet,Enterprise,5,509.54,2547.7,1324.81,107.98,188.87,69.02,1690.67,857.03,33.64
ORD-000123,2025-06-08,2025,Q2,6,Asia Pacific,Japan,Printer,Online,28,287.86,8060.18,4594.3,885.33,513.32,421.53,6414.48,1645.71,20.42
ORD-003839,2025-06-08,2025,Q2,6,Europe,Italy,Monitor,Distributor,263,326.51,85871.62,47229.39,9195.13,4356.28,3817.37,64598.17,21273.46,24.77
ORD-004805,2025-06-08,2025,Q2,6,Asia Pacific,Japan,Printer,Enterprise,243,257.67,62613.62,35689.76,6362.99,12298.77,3647.17,57998.69,4614.93,7.37
ORD-003145,2025-06-08,2025,Q2,6,North America,USA,Tablet,Online,476,470.82,224111.9,116538.19,9159.69,23886.87,11763.07,161347.81,62764.09,28.01
ORD-000276,2025-06-08,2025,Q2,6,Middle East,Saudi Arabia,Tablet,Retail,108,500.84,54090.63,28127.13,3757.98,4739.86,1011.06,37636.03,16454.6,30.42
ORD-004076,2025-06-09,2025,Q2,6,North America,USA,Server,Enterprise,122,1950.5,237961.38,161813.74,1881.2,4875.11,1509.06,170079.12,67882.26,28.53
ORD-001455,2025-06-09,2025,Q2,6,North America,USA,Tablet,Retail,438,553.63,242491.61,126095.64,7331.34,6756.53,9126.01,149309.51,93182.09,38.43
ORD-000661,2025-06-09,2025,Q2,6,Europe,France,Laptop,Online,411,973.86,400255.2,232148.01,12646.22,11815.71,4234.92,260844.86,139410.33,34.83
ORD-000667,2025-06-09,2025,Q2,6,North America,USA,Server,Online,167,1998.77,333794.56,226980.3,3937.27,8172.67,3423.67,242513.91,91280.66,27.35
ORD-000983,2025-06-09,2025,Q2,6,Asia Pacific,Australia,Desktop,Enterprise,152,658.28,100059.08,60035.45,3834.95,6151.38,1455.56,71477.34,28581.74,28.56
ORD-002060,2025-06-09,2025,Q2,6,Europe,France,Monitor,Retail,11,257.74,2835.1,1559.3,377.01,292.01,46.2,2274.53,560.57,19.77
ORD-001325,2025-06-10,2025,Q2,6,Asia Pacific,Australia,Monitor,Distributor,133,289.21,38464.71,21155.59,3070.45,1507.95,3112.47,28846.47,9618.25,25.01
ORD-004358,2025-06-10,2025,Q2,6,Latin America,Argentina,Printer,Enterprise,238,263.94,62817.05,35805.72,8123.33,9487.54,1298.39,54714.97,8102.07,12.9
ORD-002418,2025-06-10,2025,Q2,6,North America,Canada,Monitor,Online,253,309.71,78355.73,43095.65,3493.4,12010.43,4991.66,63591.13,14764.6,18.84
ORD-004706,2025-06-11,2025,Q2,6,Asia Pacific,Japan,Monitor,Retail,399,327.62,130721.5,71896.83,11175.95,10061.67,6819.07,99953.53,30767.97,23.54
ORD-004770,2025-06-11,2025,Q2,6,Latin America,Chile,Desktop,Online,33,837.64,27641.98,16585.19,342.84,1972.52,610.93,19511.47,8130.51,29.41
ORD-004424,2025-06-11,2025,Q2,6,Europe,France,Laptop,Distributor,207,992.19,205383.53,119122.45,4571.67,4508.81,794.78,128997.7,76385.83,37.19
ORD-004546,2025-06-11,2025,Q2,6,Latin America,Chile,Monitor,Online,329,313.7,103206.6,56763.63,7658.51,15114.5,8128.97,87665.62,15540.98,15.06
ORD-003539,2025-06-11,2025,Q2,6,Asia Pacific,Singapore,Server,Online,45,2351.57,105820.55,71957.98,1103.59,1114.04,1100.46,75276.06,30544.49,28.86
ORD-004045,2025-06-12,2025,Q2,6,Asia Pacific,Singapore,Tablet,Online,355,506.85,179931.09,93564.17,9195.72,11848.43,1776.53,116384.84,63546.25,35.32
ORD-002184,2025-06-12,2025,Q2,6,North America,Canada,Printer,Retail,314,281.11,88267.99,50312.76,4968.29,14926.63,4223.92,74431.6,13836.4,15.68
ORD-003449,2025-06-12,2025,Q2,6,North America,Canada,Desktop,Enterprise,18,662.65,11927.73,7156.64,474.25,218.36,399.91,8249.15,3678.57,30.84
ORD-003994,2025-06-13,2025,Q2,6,Europe,Italy,Desktop,Retail,24,788.14,18915.38,11349.23,785.59,689.63,375.9,13200.34,5715.04,30.21
ORD-001446,2025-06-13,2025,Q2,6,Europe,Italy,Printer,Online,237,273.51,64822.26,36948.69,5109.56,11418.24,4980.63,58457.12,6365.15,9.82
ORD-004973,2025-06-13,2025,Q2,6,Latin America,Brazil,Tablet,Enterprise,305,513.17,156515.43,81388.02,5194.47,6482.27,3991.47,97056.22,59459.2,37.99
ORD-003776,2025-06-13,2025,Q2,6,Asia Pacific,Australia,Tablet,Online,94,439.74,41335.28,21494.34,3095.1,5008.5,454.03,30051.98,11283.3,27.3
ORD-004317,2025-06-14,2025,Q2,6,Europe,Italy,Desktop,Retail,181,666.1,120564.42,72338.65,6059.77,8184.44,2366.52,88949.37,31615.05,26.22
ORD-001654,2025-06-14,2025,Q2,6,North America,USA,Monitor,Enterprise,325,257.81,83786.81,46082.75,7651.16,12634.64,4120.34,70488.89,13297.93,15.87
ORD-003495,2025-06-15,2025,Q2,6,Asia Pacific,India,Server,Enterprise,285,2093.61,596680.24,405742.56,7379.47,16557.6,3920.83,433600.46,163079.78,27.33
ORD-000737,2025-06-15,2025,Q2,6,Latin America,Brazil,Monitor,Distributor,404,320.06,129305.16,71117.84,11682.89,14392.65,2491.38,99684.75,29620.41,22.91
ORD-002207,2025-06-15,2025,Q2,6,Latin America,Chile,Laptop,Retail,455,845.17,384551.29,223039.75,12048.48,15499.04,5354.51,255941.78,128609.52,33.44
ORD-003680,2025-06-15,2025,Q2,6,Europe,France,Monitor,Retail,213,312.43,66548.13,36601.47,5000.12,12281.6,1746.78,55629.97,10918.16,16.41
ORD-001432,2025-06-15,2025,Q2,6,Europe,Germany,Desktop,Retail,155,860.96,133449.52,80069.71,3745.44,6902.23,1940.65,92658.03,40791.49,30.57
ORD-002336,2025-06-16,2025,Q2,6,North America,USA,Printer,Enterprise,361,291.06,105073.6,59891.95,9660.39,16964.51,7369.88,93886.72,11186.88,10.65
ORD-002789,2025-06-16,2025,Q2,6,Europe,Germany,Server,Retail,304,1984.11,603169.48,410155.25,6260.48,4389.75,6849.89,427655.36,175514.12,29.1
ORD-004739,2025-06-16,2025,Q2,6,Europe,Germany,Tablet,Enterprise,320,461.64,147724.23,76816.6,11114.08,14251.11,7989.25,110171.04,37553.19,25.42
ORD-002425,2025-06-16,2025,Q2,6,Middle East,Saudi Arabia,Printer,Online,242,265.8,64323.52,36664.41,6577.32,7516.1,2193.31,52951.13,11372.39,17.68
ORD-003479,2025-06-17,2025,Q2,6,North America,USA,Tablet,Online,22,486.77,10708.87,5568.61,341.4,524.92,278.79,6713.72,3995.14,37.31
ORD-000633,2025-06-17,2025,Q2,6,Asia Pacific,Singapore,Desktop,Enterprise,80,694.88,55590.64,33354.39,1480.03,1512.87,1883.79,38231.08,17359.56,31.23
ORD-003582,2025-06-17,2025,Q2,6,Middle East,UAE,Laptop,Enterprise,380,874.49,332306.03,192737.5,8024.88,16783.31,5600.26,223145.95,109160.08,32.85
ORD-001991,2025-06-17,2025,Q2,6,Middle East,Qatar,Desktop,Distributor,406,637.52,258835.07,155301.04,13149.63,13045.31,8026.32,189522.31,69312.76,26.78
ORD-004267,2025-06-17,2025,Q2,6,Asia Pacific,Singapore,Laptop,Enterprise,425,789.72,335630.85,194665.89,3748.77,22007.48,6724.56,227146.7,108484.15,32.32
ORD-001229,2025-06-18,2025,Q2,6,Europe,Germany,Monitor,Distributor,262,288.91,75693.99,41631.69,8426.13,4662.13,2677.48,57397.44,18296.55,24.17
ORD-003045,2025-06-19,2025,Q2,6,Europe,France,Laptop,Online,298,864.7,257681.37,149455.19,7741.81,11631.63,3572.1,172400.73,85280.64,33.1
ORD-002044,2025-06-19,2025,Q2,6,Latin America,Brazil,Tablet,Distributor,368,522.96,192450.42,100074.22,12498.25,15503.37,8392.98,136468.82,55981.59,29.09
ORD-002067,2025-06-19,2025,Q2,6,Asia Pacific,Singapore,Monitor,Enterprise,41,320.03,13121.08,7216.6,528.34,410.37,186.19,8341.49,4779.59,36.43
ORD-000685,2025-06-20,2025,Q2,6,Middle East,Saudi Arabia,Desktop,Distributor,34,828.98,28185.47,16911.28,640.91,1587.78,786.13,19926.11,8259.37,29.3
ORD-001799,2025-06-20,2025,Q2,6,Asia Pacific,Singapore,Desktop,Retail,363,797.18,289375.8,173625.48,9966.87,8463.98,1834.84,193891.18,95484.63,33.0
ORD-003631,2025-06-20,2025,Q2,6,Middle East,Qatar,Monitor,Distributor,48,298.08,14307.9,7869.34,1245.26,1732.65,779.7,11626.95,2680.95,18.74
ORD-000872,2025-06-20,2025,Q2,6,Europe,Spain,Desktop,Enterprise,259,770.73,199619.78,119771.87,4454.25,4711.97,1433.85,130371.94,69247.85,34.69
ORD-003949,2025-06-20,2025,Q2,6,Middle East,Qatar,Laptop,Online,242,922.96,223356.65,129546.86,5717.1,8377.16,3733.8,147374.91,75981.74,34.02
ORD-003073,2025-06-20,2025,Q2,6,Middle East,UAE,Printer,Online,367,307.2,112743.83,64263.98,10037.86,5514.77,7973.9,87790.52,24953.31,22.13
ORD-000273,2025-06-21,2025,Q2,6,Asia Pacific,Australia,Desktop,Distributor,253,816.94,206686.53,124011.92,2464.87,12973.6,4374.64,143825.03,62861.5,30.41
ORD-004680,2025-06-21,2025,Q2,6,Asia Pacific,Australia,Laptop,Online,450,1033.12,464902.47,269643.43,7674.04,19262.6,5006.14,301586.22,163316.25,35.13
ORD-004496,2025-06-21,2025,Q2,6,Europe,Spain,Server,Enterprise,12,2114.87,25378.39,17257.3,293.44,655.59,279.68,18486.02,6892.37,27.16
ORD-001926,2025-06-23,2025,Q2,6,Asia Pacific,Singapore,Monitor,Online,269,331.44,89156.21,49035.92,8118.58,5901.52,2217.81,65273.82,23882.39,26.79
ORD-002430,2025-06-23,2025,Q2,6,Middle East,Saudi Arabia,Desktop,Retail,318,681.06,216576.97,129946.18,10189.25,10955.44,6801.92,157892.79,58684.18,27.1
ORD-003645,2025-06-23,2025,Q2,6,North America,Mexico,Laptop,Retail,273,866.23,236481.02,137158.99,3875.49,11337.98,5958.54,158330.99,78150.03,33.05
ORD-000509,2025-06-23,2025,Q2,6,Middle East,Saudi Arabia,Server,Enterprise,46,2009.5,92437.09,62857.22,1585.53,1917.84,1070.7,67431.3,25005.79,27.05
ORD-002816,2025-06-23,2025,Q2,6,Middle East,UAE,Laptop,Enterprise,47,935.38,43963.01,25498.54,1207.65,2312.98,943.58,29962.76,14000.25,31.85
ORD-002794,2025-06-23,2025,Q2,6,Middle East,Qatar,Printer,Online,283,255.15,72206.49,41157.7,8020.35,5656.03,3806.1,58640.18,13566.31,18.79
ORD-002887,2025-06-23,2025,Q2,6,Europe,Spain,Laptop,Enterprise,430,854.49,367429.96,213109.38,7447.44,25211.86,7136.37,252905.04,114524.92,31.17
ORD-004707,2025-06-23,2025,Q2,6,North America,USA,Printer,Distributor,448,277.8,124453.56,70938.53,4351.33,20911.85,3874.05,100075.76,24377.8,19.59
ORD-003452,2025-06-24,2025,Q2,6,Asia Pacific,Australia,Laptop,Online,444,863.86,383554.02,222461.33,6976.67,10993.8,2601.81,243033.61,140520.41,36.64
ORD-002838,2025-06-24,2025,Q2,6,Europe,France,Monitor,Retail,314,287.13,90157.45,49586.6,3286.63,11228.44,3067.4,67169.06,22988.39,25.5
ORD-001994,2025-06-24,2025,Q2,6,Asia Pacific,Singapore,Server,Retail,467,2425.03,1132487.15,770091.26,4852.58,19912.77,7026.62,801883.24,330603.92,29.19
ORD-000121,2025-06-24,2025,Q2,6,Europe,Italy,Tablet,Enterprise,358,541.28,193778.85,100765.0,6613.56,5373.97,1802.76,114555.3,79223.55,40.88
ORD-004786,2025-06-25,2025,Q2,6,Europe,Spain,Desktop,Retail,487,805.2,392134.26,235280.55,12005.69,26935.14,3012.56,277233.95,114900.31,29.3
ORD-002076,2025-06-25,2025,Q2,6,Asia Pacific,Japan,Desktop,Enterprise,94,852.73,80156.77,48094.06,914.56,1284.45,1176.99,51470.07,28686.7,35.79
ORD-002569,2025-06-25,2025,Q2,6,Asia Pacific,India,Printer,Online,192,296.34,56896.51,32431.01,4583.39,11069.09,3188.45,51271.95,5624.57,9.89
ORD-000600,2025-06-25,2025,Q2,6,North America,Mexico,Tablet,Distributor,135,430.04,58055.26,30188.74,3080.55,4269.97,2878.76,40418.01,17637.25,30.38
ORD-002683,2025-06-25,2025,Q2,6,Latin America,Argentina,Printer,Distributor,182,259.24,47181.61,26893.52,2279.98,3983.17,1569.75,34726.42,12455.19,26.4
ORD-004554,2025-06-25,2025,Q2,6,North America,Canada,Printer,Retail,97,299.65,29065.72,16567.46,803.22,1238.9,1361.71,19971.29,9094.42,31.29
ORD-003472,2025-06-25,2025,Q2,6,North America,Canada,Printer,Online,467,289.34,135120.37,77018.61,6746.34,27844.88,3713.5,115323.32,19797.04,14.65
ORD-004030,2025-06-26,2025,Q2,6,North America,USA,Printer,Online,328,253.88,83273.85,47466.09,5304.91,17497.86,7832.5,78101.37,5172.48,6.21
ORD-000713,2025-06-26,2025,Q2,6,Asia Pacific,Australia,Server,Retail,414,2220.66,919353.72,625160.53,14427.69,20544.69,6637.0,666769.91,252583.81,27.47
ORD-001803,2025-06-26,2025,Q2,6,Asia Pacific,Japan,Laptop,Distributor,46,837.53,38526.16,22345.17,635.2,1543.7,139.88,24663.95,13862.21,35.98
ORD-002271,2025-06-27,2025,Q2,6,Middle East,Saudi Arabia,Monitor,Online,40,276.6,11064.12,6085.27,774.65,1104.12,850.05,8814.09,2250.03,20.34
ORD-003359,2025-06-27,2025,Q2,6,North America,Mexico,Server,Online,167,1919.41,320542.02,217968.57,2418.74,4135.23,4097.65,228620.2,91921.82,28.68
ORD-002732,2025-06-27,2025,Q2,6,North America,Mexico,Printer,Distributor,83,245.74,20396.28,11625.88,2836.92,4934.44,943.22,20340.46,55.82,0.27
ORD-002984,2025-06-29,2025,Q2,6,Latin America,Brazil,Desktop,Distributor,384,643.42,247071.44,148242.87,3154.54,9055.04,8724.9,169177.34,77894.1,31.53
ORD-000640,2025-06-29,2025,Q2,6,Middle East,Qatar,Desktop,Retail,163,732.41,119383.36,71630.02,4618.12,8485.28,1164.9,85898.31,33485.05,28.05
ORD-004866,2025-06-29,2025,Q2,6,Middle East,Saudi Arabia,Server,Online,13,2424.96,31524.45,21436.63,125.7,156.18,223.33,21941.84,9582.61,30.4
ORD-000611,2025-06-29,2025,Q2,6,Asia Pacific,Australia,Tablet,Online,106,565.61,59954.65,31176.42,1651.29,3272.88,591.47,36692.05,23262.6,38.8
ORD-002302,2025-06-29,2025,Q2,6,North America,USA,Tablet,Enterprise,460,551.73,253794.53,131973.15,4519.92,15794.18,6440.26,158727.51,95067.02,37.46
ORD-001115,2025-06-29,2025,Q2,6,Europe,Spain,Server,Online,115,2240.2,257622.88,175183.56,3836.56,4545.33,2642.32,186207.77,71415.12,27.72
ORD-004931,2025-06-29,2025,Q2,6,Middle East,Qatar,Printer,Online,268,246.19,65977.93,37607.42,3493.18,6487.51,6254.66,53842.77,12135.16,18.39
ORD-001875,2025-06-29,2025,Q2,6,Asia Pacific,India,Tablet,Distributor,169,504.72,85296.93,44354.4,3230.24,9981.2,1512.24,59078.09,26218.84,30.74
ORD-003372,2025-06-30,2025,Q2,6,North America,USA,Tablet,Distributor,51,461.05,23513.46,12227.0,497.47,1063.08,245.81,14033.36,9480.1,40.32
ORD-002695,2025-06-30,2025,Q2,6,North America,USA,Server,Retail,485,2211.69,1072671.1,729416.35,4128.49,14913.09,3262.75,751720.69,320950.41,29.92
ORD-002112,2025-06-30,2025,Q2,6,Asia Pacific,Japan,Monitor,Distributor,9,326.61,2939.53,1616.74,292.97,170.09,189.73,2269.52,670.01,22.79
ORD-000239,2025-06-30,2025,Q2,6,Asia Pacific,Singapore,Tablet,Online,415,523.18,217118.53,112901.63,3630.85,12395.17,3385.91,132313.56,84804.96,39.06
ORD-002131,2025-07-01,2025,Q3,7,North America,Mexico,Server,Enterprise,327,2082.8,681075.15,463131.1,5743.06,18881.97,5427.55,493183.68,187891.47,27.59
ORD-004867,2025-07-01,2025,Q3,7,Europe,UK,Desktop,Enterprise,73,814.36,59447.97,35668.78,1705.43,809.74,512.38,38696.33,20751.63,34.91
ORD-000716,2025-07-01,2025,Q3,7,Middle East,Qatar,Server,Online,155,1952.8,302684.36,205825.37,1801.95,8839.35,3026.43,219493.1,83191.26,27.48
ORD-004009,2025-07-02,2025,Q3,7,Asia Pacific,India,Laptop,Distributor,32,830.73,26583.24,15418.28,914.64,1318.64,457.83,18109.38,8473.86,31.88
ORD-003309,2025-07-02,2025,Q3,7,North America,Mexico,Laptop,Online,440,900.02,396008.46,229684.91,10711.38,19989.32,3765.87,264151.48,131856.98,33.3
ORD-001413,2025-07-02,2025,Q3,7,North America,Canada,Printer,Enterprise,228,271.79,61969.06,35322.37,2487.26,13596.59,1319.67,52725.88,9243.18,14.92
ORD-004819,2025-07-02,2025,Q3,7,Europe,Spain,Desktop,Distributor,438,703.11,307964.34,184778.6,3942.01,14967.23,10135.59,213823.43,94140.9,30.57
ORD-000830,2025-07-03,2025,Q3,7,Middle East,Saudi Arabia,Printer,Online,476,240.29,114380.34,65196.8,4544.59,24404.82,5410.64,99556.84,14823.5,12.96
ORD-004938,2025-07-03,2025,Q3,7,Latin America,Brazil,Desktop,Online,390,649.61,253346.05,152007.63,7991.59,17217.64,8964.88,186181.74,67164.3,26.51
ORD-004752,2025-07-03,2025,Q3,7,North America,Mexico,Printer,Enterprise,391,241.89,94580.92,53911.12,6189.43,21770.74,3412.66,85283.95,9296.97,9.83
ORD-002349,2025-07-03,2025,Q3,7,Europe,Spain,Server,Online,393,2430.87,955330.26,649624.58,13574.5,12215.55,4801.5,680216.12,275114.14,28.8
ORD-000804,2025-07-03,2025,Q3,7,Europe,France,Printer,Retail,396,246.63,97667.06,55670.22,10426.22,8856.28,1671.92,76624.64,21042.42,21.55
ORD-000355,2025-07-04,2025,Q3,7,Europe,Germany,Laptop,Retail,73,777.11,56728.81,32902.71,1823.31,1674.09,955.14,37355.24,19373.56,34.15
ORD-004782,2025-07-04,2025,Q3,7,North America,Canada,Laptop,Online,355,891.29,316407.54,183516.37,6302.71,14171.43,4647.37,208637.88,107769.66,34.06
ORD-000176,2025-07-04,2025,Q3,7,Middle East,Qatar,Desktop,Online,190,658.06,125030.71,75018.43,5631.34,4561.96,1967.98,87179.7,37851.01,30.27
ORD-002340,2025-07-04,2025,Q3,7,Asia Pacific,Japan,Monitor,Enterprise,179,258.01,46182.92,25400.61,2882.35,8839.42,1690.02,38812.4,7370.52,15.96
ORD-000985,2025-07-05,2025,Q3,7,North America,Mexico,Printer,Online,118,288.75,34072.75,19421.47,4016.89,4792.34,682.03,28912.72,5160.03,15.14
ORD-003023,2025-07-05,2025,Q3,7,Europe,UK,Laptop,Distributor,420,842.94,354032.74,205338.99,4119.37,21613.75,6327.85,237399.97,116632.77,32.94
ORD-004034,2025-07-05,2025,Q3,7,North America,Mexico,Laptop,Enterprise,186,893.18,166131.32,96356.17,2308.5,8051.83,2870.24,109586.73,56544.59,34.04
ORD-001382,2025-07-06,2025,Q3,7,Europe,UK,Laptop,Distributor,89,1006.51,89579.08,51955.87,2927.27,4968.87,1486.37,61338.38,28240.71,31.53
ORD-001462,2025-07-06,2025,Q3,7,Middle East,UAE,Desktop,Distributor,83,637.83,52939.58,31763.75,2194.49,1304.38,1445.2,36707.82,16231.77,30.66
ORD-003033,2025-07-06,2025,Q3,7,North America,Mexico,Monitor,Online,186,309.2,57510.83,31630.96,4906.16,2348.34,4123.06,43008.51,14502.32,25.22
ORD-002468,2025-07-06,2025,Q3,7,Latin America,Argentina,Tablet,Enterprise,68,466.33,31710.67,16489.55,805.09,887.72,1552.35,19734.71,11975.96,37.77
ORD-003214,2025-07-06,2025,Q3,7,North America,Canada,Desktop,Distributor,482,734.86,354204.16,212522.5,8657.07,17080.06,6716.89,244976.52,109227.64,30.84
ORD-001684,2025-07-07,2025,Q3,7,Asia Pacific,Singapore,Printer,Enterprise,180,241.64,43495.65,24792.52,6072.23,3802.68,2729.36,37396.79,6098.86,14.02
ORD-002247,2025-07-07,2025,Q3,7,Asia Pacific,Singapore,Monitor,Online,95,304.41,28919.36,15905.65,2176.23,4727.99,1003.35,23813.21,5106.14,17.66
ORD-000798,2025-07-07,2025,Q3,7,North America,Mexico,Monitor,Distributor,393,331.84,130414.7,71728.08,10379.41,11568.88,8748.19,102424.57,27990.13,21.46
ORD-004337,2025-07-07,2025,Q3,7,Asia Pacific,Australia,Desktop,Online,70,825.01,57750.65,34650.39,2118.01,2681.4,1451.52,40901.32,16849.34,29.18
ORD-001879,2025-07-07,2025,Q3,7,Europe,France,Monitor,Online,454,289.79,131564.44,72360.44,13328.21,7922.21,11191.72,104802.57,26761.87,20.34
ORD-001881,2025-07-07,2025,Q3,7,Asia Pacific,Australia,Laptop,Online,451,775.52,349757.66,202859.44,5122.48,9731.85,10419.33,228133.11,121624.55,34.77
ORD-002456,2025-07-08,2025,Q3,7,North America,USA,Server,Distributor,418,2462.9,1029490.85,700053.78,12624.29,17220.01,5785.05,735683.12,293807.73,28.54
ORD-002858,2025-07-08,2025,Q3,7,North America,USA,Laptop,Enterprise,145,926.18,134295.64,77891.47,4727.53,2405.93,3415.63,88440.55,45855.09,34.14
ORD-004080,2025-07-09,2025,Q3,7,Middle East,Qatar,Monitor,Distributor,76,274.99,20899.0,11494.45,1741.59,4474.3,1244.48,18954.82,1944.18,9.3
ORD-004395,2025-07-09,2025,Q3,7,North America,Canada,Server,Distributor,74,2512.68,185938.61,126438.25,1033.77,2504.26,1585.3,131561.58,54377.02,29.24
ORD-002562,2025-07-10,2025,Q3,7,Europe,Spain,Monitor,Distributor,105,296.07,31087.76,17098.27,3121.54,6046.93,1231.9,27498.63,3589.13,11.55
ORD-004628,2025-07-10,2025,Q3,7,Europe,Italy,Monitor,Online,33,293.47,9684.58,5326.52,752.18,1582.58,431.09,8092.37,1592.21,16.44
ORD-004684,2025-07-10,2025,Q3,7,Middle East,Qatar,Laptop,Online,356,771.05,274493.82,159206.41,3155.57,18777.54,6043.37,187182.89,87310.93,31.81
ORD-000126,2025-07-10,2025,Q3,7,North America,Canada,Laptop,Distributor,392,825.82,323722.13,187758.84,8152.28,16148.43,5489.7,217549.24,106172.89,32.8
ORD-001218,2025-07-10,2025,Q3,7,Middle East,Saudi Arabia,Printer,Retail,449,280.06,125748.08,71676.41,4219.58,14308.52,6834.26,97038.77,28709.32,22.83
ORD-003493,2025-07-10,2025,Q3,7,Asia Pacific,India,Monitor,Online,23,288.99,6646.74,3655.71,436.19,964.36,228.6,5284.85,1361.88,20.49
ORD-001225,2025-07-10,2025,Q3,7,Europe,Spain,Desktop,Enterprise,400,675.3,270121.6,162072.96,12575.22,20126.1,1978.26,196752.54,73369.06,27.16
ORD-002630,2025-07-11,2025,Q3,7,Latin America,Argentina,Desktop,Retail,176,822.97,144842.55,86905.53,4737.83,2300.67,1207.36,95151.39,49691.16,34.31
ORD-002829,2025-07-11,2025,Q3,7,North America,Canada,Server,Online,273,2423.01,661482.83,449808.33,4243.86,7074.14,4238.07,465364.4,196118.43,29.65
ORD-002348,2025-07-11,2025,Q3,7,Europe,Italy,Server,Online,385,2415.74,930059.91,632440.74,13093.28,21111.04,3238.77,669883.83,260176.08,27.97
ORD-000740,2025-07-12,2025,Q3,7,Asia Pacific,India,Monitor,Retail,477,269.26,128438.95,70641.42,6746.63,25617.27,8391.23,111396.56,17042.39,13.27
ORD-003179,2025-07-12,2025,Q3,7,Middle East,UAE,Monitor,Online,205,324.68,66558.38,36607.11,6180.8,5748.61,3530.87,52067.38,14491.0,21.77
ORD-002546,2025-07-12,2025,Q3,7,North America,USA,Laptop,Distributor,97,1000.63,97061.48,56295.66,2875.78,3539.77,1640.16,64351.37,32710.11,33.7
ORD-004924,2025-07-12,2025,Q3,7,Latin America,Brazil,Tablet,Online,199,468.45,93220.68,48474.75,6184.67,7250.5,2887.15,64797.07,28423.61,30.49
ORD-002245,2025-07-12,2025,Q3,7,Latin America,Brazil,Server,Distributor,110,2094.95,230444.79,156702.45,2936.98,3354.06,1178.55,164172.05,66272.74,28.76
ORD-002904,2025-07-12,2025,Q3,7,Asia Pacific,Singapore,Laptop,Enterprise,185,816.42,151036.95,87601.43,3484.84,9004.82,1642.44,101733.54,49303.42,32.64
ORD-002417,2025-07-12,2025,Q3,7,Europe,France,Laptop,Distributor,348,1001.78,348618.62,202198.8,7444.55,13122.72,1456.18,224222.26,124396.37,35.68
ORD-004314,2025-07-12,2025,Q3,7,North America,Mexico,Monitor,Online,243,334.23,81218.1,44669.95,6456.54,13342.29,4797.04,69265.82,11952.28,14.72
ORD-004547,2025-07-12,2025,Q3,7,Europe,Germany,Tablet,Distributor,304,506.99,154123.86,80144.41,7104.24,10850.7,1988.95,100088.29,54035.57,35.06
ORD-001636,2025-07-12,2025,Q3,7,North America,Mexico,Laptop,Online,165,1003.27,165540.07,96013.24,2628.06,7574.59,920.62,107136.51,58403.56,35.28
ORD-003435,2025-07-13,2025,Q3,7,Latin America,Brazil,Monitor,Online,193,329.33,63560.51,34958.28,4582.18,9672.96,779.65,49993.07,13567.44,21.35
ORD-003237,2025-07-13,2025,Q3,7,Middle East,Saudi Arabia,Desktop,Online,354,673.52,238425.07,143055.04,2937.1,18424.68,3194.22,167611.05,70814.02,29.7
ORD-003477,2025-07-13,2025,Q3,7,Asia Pacific,Japan,Monitor,Retail,37,266.52,9861.11,5423.61,355.88,474.4,199.81,6453.71,3407.4,34.55
ORD-000332,2025-07-13,2025,Q3,7,Europe,UK,Printer,Distributor,41,286.43,11743.59,6693.84,1044.9,888.96,859.92,9487.63,2255.96,19.21
ORD-003224,2025-07-13,2025,Q3,7,Latin America,Brazil,Monitor,Retail,351,335.94,117914.98,64853.24,7311.36,5710.26,1930.7,79805.55,38109.42,32.32
ORD-002935,2025-07-13,2025,Q3,7,North America,USA,Laptop,Retail,418,916.8,383223.88,222269.85,8311.88,17124.46,3140.2,250846.39,132377.49,34.54
ORD-002538,2025-07-13,2025,Q3,7,Middle East,UAE,Printer,Retail,425,269.25,114430.84,65225.58,9490.25,24853.77,6438.72,106008.32,8422.52,7.36
ORD-003118,2025-07-14,2025,Q3,7,Middle East,UAE,Printer,Enterprise,197,315.81,62214.74,35462.4,2068.73,10517.47,1530.1,49578.71,12636.04,20.31
ORD-000901,2025-07-14,2025,Q3,7,North America,Canada,Desktop,Distributor,366,804.07,294291.05,176574.63,8571.97,12624.28,4012.52,201783.4,92507.65,31.43
ORD-001697,2025-07-14,2025,Q3,7,Asia Pacific,India,Tablet,Online,67,480.98,32225.91,16757.47,1489.94,1103.78,561.88,19913.08,12312.83,38.21
ORD-003511,2025-07-14,2025,Q3,7,Europe,Spain,Server,Retail,135,2156.29,291099.21,197947.46,1143.77,1781.42,974.85,201847.51,89251.7,30.66
ORD-001766,2025-07-14,2025,Q3,7,Latin America,Argentina,Monitor,Enterprise,81,340.3,27564.37,15160.4,738.23,959.52,1214.49,18072.63,9491.74,34.43
ORD-002202,2025-07-14,2025,Q3,7,Middle East,Qatar,Server,Online,320,2333.65,746767.91,507802.18,5487.03,12828.87,7903.87,534021.95,212745.96,28.49
ORD-004919,2025-07-15,2025,Q3,7,Asia Pacific,Singapore,Server,Online,396,2189.9,867201.91,589697.3,7300.58,13697.88,3164.52,613860.29,253341.62,29.21
ORD-000227,2025-07-16,2025,Q3,7,Europe,France,Desktop,Retail,115,724.49,83316.61,49989.96,1163.83,6891.35,827.52,58872.66,24443.95,29.34
ORD-004687,2025-07-16,2025,Q3,7,Asia Pacific,India,Tablet,Retail,182,455.84,82963.65,43141.1,1881.04,6482.39,756.19,52260.72,30702.93,37.01
ORD-003101,2025-07-16,2025,Q3,7,North America,Mexico,Laptop,Retail,186,1009.12,187695.93,108863.64,3790.04,2766.34,4641.49,120061.52,67634.42,36.03
ORD-000029,2025-07-16,2025,Q3,7,Europe,UK,Tablet,Enterprise,210,454.24,95391.22,49603.44,3615.24,7889.19,2625.04,63732.91,31658.32,33.19
ORD-002110,2025-07-16,2025,Q3,7,Latin America,Chile,Laptop,Online,408,780.58,318476.28,184716.24,3686.1,5868.29,7369.84,201640.47,116835.82,36.69
ORD-001927,2025-07-16,2025,Q3,7,Asia Pacific,Singapore,Server,Distributor,386,2354.68,908908.3,618057.65,11347.19,14908.66,2925.92,647239.42,261668.88,28.79
ORD-002509,2025-07-16,2025,Q3,7,Europe,France,Monitor,Online,71,337.06,23931.58,13162.37,2273.06,1181.84,486.83,17104.11,6827.47,28.53
ORD-003735,2025-07-17,2025,Q3,7,Asia Pacific,Australia,Desktop,Retail,229,820.55,187905.6,112743.36,7377.67,7018.94,5165.83,132305.81,55599.79,29.59
ORD-002902,2025-07-17,2025,Q3,7,Middle East,UAE,Laptop,Online,410,970.36,397846.78,230751.13,13879.13,23967.38,2540.61,271138.26,126708.52,31.85
ORD-001156,2025-07-17,2025,Q3,7,Europe,Italy,Monitor,Online,74,291.52,21572.16,11864.69,1300.43,1948.47,1010.51,16124.1,5448.06,25.26
ORD-000141,2025-07-17,2025,Q3,7,Europe,Germany,Laptop,Enterprise,46,1017.5,46805.07,27146.94,476.97,694.82,979.24,29297.97,17507.1,37.4
ORD-000115,2025-07-17,2025,Q3,7,Europe,Spain,Desktop,Distributor,252,659.15,166104.87,99662.92,8510.48,3742.65,3416.41,115332.46,50772.41,30.57
ORD-002826,2025-07-18,2025,Q3,7,Latin America,Argentina,Desktop,Retail,334,647.4,216231.53,129738.92,4283.6,6625.65,3013.31,143661.48,72570.05,33.56
ORD-003875,2025-07-18,2025,Q3,7,Middle East,Qatar,Tablet,Retail,91,433.93,39487.57,20533.54,3011.61,5228.32,1713.64,30487.11,9000.47,22.79
ORD-000041,2025-07-18,2025,Q3,7,North America,Mexico,Laptop,Retail,457,952.13,435125.1,252372.56,7487.71,22778.53,2601.4,285240.19,149884.9,34.45
ORD-000051,2025-07-19,2025,Q3,7,Europe,Spain,Laptop,Distributor,345,1019.54,351741.72,204010.2,7999.97,3948.7,2989.45,218948.31,132793.41,37.75
ORD-003060,2025-07-19,2025,Q3,7,Europe,Spain,Laptop,Enterprise,141,772.8,108964.32,63199.31,4544.39,6884.74,1264.93,75893.36,33070.96,30.35
ORD-004422,2025-07-19,2025,Q3,7,North America,Mexico,Printer,Enterprise,443,288.42,127768.87,72828.26,8615.45,4994.3,9707.04,96145.05,31623.82,24.75
ORD-000261,2025-07-19,2025,Q3,7,Asia Pacific,Singapore,Tablet,Online,296,462.79,136985.49,71232.45,7532.62,12546.76,6884.02,98195.85,38789.64,28.32
ORD-004881,2025-07-19,2025,Q3,7,Asia Pacific,Singapore,Printer,Online,179,255.16,45673.06,26033.64,4836.7,7028.54,3998.08,41896.96,3776.1,8.27
ORD-002033,2025-07-19,2025,Q3,7,Latin America,Brazil,Monitor,Distributor,288,257.12,74051.57,40728.37,3773.4,15720.41,6138.34,66360.51,7691.06,10.39
ORD-000861,2025-07-20,2025,Q3,7,Europe,France,Printer,Retail,303,285.24,86427.51,49263.68,5333.13,7212.13,6618.51,68427.45,18000.07,20.83
ORD-003360,2025-07-20,2025,Q3,7,Latin America,Chile,Desktop,Online,50,724.75,36237.51,21742.51,1097.3,1565.84,334.41,24740.06,11497.45,31.73
ORD-002243,2025-07-20,2025,Q3,7,Asia Pacific,Australia,Monitor,Online,380,324.15,123176.38,67747.01,4443.5,8804.21,6718.52,87713.23,35463.15,28.79
ORD-003746,2025-07-21,2025,Q3,7,Europe,Spain,Desktop,Online,39,687.5,26812.31,16087.39,1044.6,707.3,666.24,18505.52,8306.79,30.98
ORD-003311,2025-07-21,2025,Q3,7,Europe,Italy,Monitor,Retail,88,269.11,23681.68,13024.92,2714.71,1361.34,1633.57,18734.54,4947.14,20.89
ORD-003168,2025-07-22,2025,Q3,7,Asia Pacific,Australia,Monitor,Retail,484,303.6,146943.01,80818.66,8988.76,12488.84,10608.21,112904.47,34038.54,23.16
ORD-004357,2025-07-22,2025,Q3,7,Asia Pacific,India,Printer,Online,176,267.66,47108.72,26851.97,2634.94,2206.62,2268.14,33961.67,13147.05,27.91
ORD-000435,2025-07-22,2025,Q3,7,North America,Canada,Desktop,Enterprise,246,673.48,165675.32,99405.19,3813.84,9322.46,3552.83,116094.33,49580.99,29.93
ORD-003193,2025-07-22,2025,Q3,7,Europe,Italy,Tablet,Retail,399,435.62,173810.8,90381.62,6007.86,23102.02,6013.9,125505.39,48305.41,27.79
ORD-001286,2025-07-23,2025,Q3,7,Europe,France,Tablet,Retail,67,457.96,30683.09,15955.21,1105.34,3781.51,1215.58,22057.63,8625.46,28.11
ORD-000295,2025-07-23,2025,Q3,7,Asia Pacific,Australia,Laptop,Online,182,883.01,160708.4,93210.87,4230.57,2067.6,1281.1,100790.14,59918.26,37.28
ORD-004065,2025-07-23,2025,Q3,7,North America,Mexico,Monitor,Online,42,280.59,11784.82,6481.65,434.66,2256.63,316.64,9489.58,2295.24,19.48
ORD-000262,2025-07-23,2025,Q3,7,Europe,Spain,Monitor,Retail,275,288.08,79221.6,43571.88,6778.82,10766.37,6200.22,67317.28,11904.32,15.03
ORD-001304,2025-07-23,2025,Q3,7,North America,USA,Printer,Online,476,256.77,122220.61,69665.75,15848.34,13660.91,1511.59,100686.58,21534.03,17.62
ORD-003728,2025-07-23,2025,Q3,7,Europe,Germany,Desktop,Retail,293,684.14,200451.82,120271.09,7818.52,16287.67,2416.83,146794.1,53657.72,26.77
ORD-002199,2025-07-24,2025,Q3,7,North America,USA,Tablet,Distributor,35,478.6,16750.87,8710.45,667.28,1924.49,106.73,11408.95,5341.92,31.89
ORD-003523,2025-07-24,2025,Q3,7,Middle East,Saudi Arabia,Desktop,Online,212,799.1,169410.25,101646.15,5602.08,10346.2,2487.99,120082.43,49327.82,29.12
ORD-003658,2025-07-24,2025,Q3,7,North America,Canada,Desktop,Enterprise,107,650.64,69618.3,41770.98,3245.76,1256.46,1743.12,48016.32,21601.98,31.03
ORD-004072,2025-07-24,2025,Q3,7,Latin America,Brazil,Server,Retail,115,2318.01,266571.48,181268.6,3052.2,6337.43,653.43,191311.66,75259.82,28.23
ORD-001214,2025-07-24,2025,Q3,7,Latin America,Argentina,Desktop,Online,159,696.23,110701.22,66420.73,3590.26,2855.38,766.78,73633.15,37068.07,33.48
ORD-004127,2025-07-25,2025,Q3,7,Europe,Italy,Monitor,Online,499,325.56,162455.3,89350.41,12040.4,23151.46,4757.06,129299.33,33155.96,20.41
ORD-004823,2025-07-25,2025,Q3,7,North America,Canada,Server,Distributor,414,2056.09,851220.29,578829.8,6220.78,11316.7,9726.83,606094.11,245126.18,28.8
ORD-001251,2025-07-25,2025,Q3,7,Asia Pacific,Japan,Desktop,Online,477,669.08,319151.93,191491.16,15042.3,19591.66,4574.01,230699.13,88452.8,27.71
ORD-001890,2025-07-25,2025,Q3,7,North America,Mexico,Desktop,Distributor,22,812.68,17878.94,10727.36,609.79,892.65,256.37,12486.17,5392.76,30.16
ORD-004005,2025-07-26,2025,Q3,7,North America,Canada,Monitor,Online,83,287.26,23842.87,13113.58,2087.34,2433.38,930.77,18565.06,5277.81,22.14
ORD-002178,2025-07-26,2025,Q3,7,North America,Mexico,Monitor,Enterprise,296,331.91,98244.74,54034.61,8650.4,3360.61,3672.06,69717.68,28527.06,29.04
ORD-003604,2025-07-26,2025,Q3,7,North America,Mexico,Laptop,Retail,76,939.94,71435.3,41432.47,2288.3,3360.96,1629.33,48711.06,22724.24,31.81
ORD-002439,2025-07-26,2025,Q3,7,North America,USA,Laptop,Distributor,20,788.69,15773.77,9148.78,255.89,414.32,218.44,10037.43,5736.34,36.37
ORD-003637,2025-07-26,2025,Q3,7,Europe,Italy,Desktop,Online,69,650.57,44889.45,26933.67,606.87,1853.07,271.5,29665.12,15224.33,33.92
ORD-002522,2025-07-27,2025,Q3,7,North America,Mexico,Monitor,Distributor,44,283.78,12486.23,6867.43,974.39,580.72,987.69,9410.22,3076.01,24.64
ORD-000774,2025-07-27,2025,Q3,7,Asia Pacific,Australia,Monitor,Distributor,88,274.33,24140.69,13277.38,1423.25,3213.8,919.52,18833.95,5306.74,21.98
ORD-000727,2025-07-27,2025,Q3,7,North America,Mexico,Monitor,Retail,169,317.17,53601.41,29480.77,5246.93,6495.63,3464.95,44688.28,8913.13,16.63
ORD-003504,2025-07-27,2025,Q3,7,North America,USA,Desktop,Online,352,837.39,294760.84,176856.5,3952.51,9216.14,7357.55,197382.7,97378.14,33.04
ORD-002275,2025-07-28,2025,Q3,7,Latin America,Argentina,Tablet,Enterprise,279,527.23,147098.04,76490.98,9517.07,4484.62,2803.48,93296.16,53801.88,36.58
ORD-001550,2025-07-28,2025,Q3,7,North America,Canada,Monitor,Retail,469,294.99,138352.43,76093.84,4153.52,26766.76,2245.33,109259.45,29092.98,21.03
ORD-004219,2025-07-28,2025,Q3,7,Asia Pacific,Australia,Desktop,Distributor,84,856.85,71975.55,43185.33,1463.51,1029.07,1882.0,47559.91,24415.64,33.92
ORD-000785,2025-07-28,2025,Q3,7,Latin America,Argentina,Tablet,Retail,255,549.74,140183.18,72895.26,2117.46,7329.49,6293.58,88635.78,51547.4,36.77
ORD-004901,2025-07-28,2025,Q3,7,Europe,UK,Printer,Distributor,424,243.2,103115.62,58775.91,12898.59,11459.38,2349.75,85483.63,17632.0,17.1
ORD-004083,2025-07-28,2025,Q3,7,Europe,France,Desktop,Retail,403,669.13,269657.77,161794.66,4881.88,16992.67,6162.37,189831.59,79826.18,29.6
ORD-000292,2025-07-28,2025,Q3,7,Asia Pacific,Japan,Monitor,Enterprise,366,292.1,106910.26,58800.64,5142.23,11414.71,4096.44,79454.02,27456.23,25.68
ORD-003581,2025-07-28,2025,Q3,7,North America,Canada,Tablet,Distributor,371,569.13,211147.66,109796.78,4180.11,13254.05,5611.08,132842.02,78305.64,37.09
ORD-000870,2025-07-28,2025,Q3,7,Middle East,Saudi Arabia,Desktop,Retail,235,639.4,150260.06,90156.03,4894.99,9415.8,1305.0,105771.83,44488.23,29.61
ORD-004515,2025-07-29,2025,Q3,7,North America,Mexico,Laptop,Online,194,1029.25,199675.2,115811.62,5695.51,2696.2,1567.96,125771.29,73903.91,37.01
ORD-001488,2025-07-29,2025,Q3,7,Latin America,Chile,Server,Online,279,2073.98,578639.42,393474.8,3355.73,12547.89,6469.8,415848.23,162791.19,28.13
ORD-002553,2025-07-29,2025,Q3,7,Latin America,Brazil,Tablet,Enterprise,171,429.67,73473.96,38206.46,5316.52,5699.0,2807.29,52029.27,21444.69,29.19
ORD-002763,2025-07-30,2025,Q3,7,Middle East,Qatar,Monitor,Enterprise,435,308.88,134362.5,73899.38,12127.82,7284.2,2073.25,95384.64,38977.86,29.01
ORD-001135,2025-07-30,2025,Q3,7,Latin America,Brazil,Desktop,Online,423,827.41,349994.67,209996.8,12965.44,19370.24,3343.55,245676.04,104318.63,29.81
ORD-000584,2025-07-31,2025,Q3,7,North America,Canada,Server,Online,204,2194.81,447740.92,304463.83,2757.83,5507.72,2314.22,315043.6,132697.32,29.64
ORD-001439,2025-07-31,2025,Q3,7,Asia Pacific,Singapore,Tablet,Online,19,550.4,10457.66,5437.98,330.75,782.28,376.55,6927.57,3530.09,33.76
ORD-001776,2025-07-31,2025,Q3,7,North America,Mexico,Laptop,Online,178,943.86,168006.76,97443.92,1801.73,8652.48,1994.62,109892.75,58114.01,34.59
ORD-000124,2025-07-31,2025,Q3,7,Asia Pacific,India,Monitor,Retail,126,337.11,42476.08,23361.85,3254.92,2505.34,2063.08,31185.19,11290.9,26.58
ORD-004354,2025-07-31,2025,Q3,7,Europe,Italy,Laptop,Online,17,839.13,14265.25,8273.85,507.92,557.73,70.23,9409.73,4855.52,34.04
ORD-000796,2025-08-01,2025,Q3,8,North America,Canada,Monitor,Online,8,289.8,2318.42,1275.13,225.87,477.68,92.51,2071.19,247.23,10.66
ORD-000939,2025-08-01,2025,Q3,8,Europe,UK,Server,Online,283,2310.57,653890.87,444645.79,2431.06,4484.59,6144.17,457705.61,196185.26,30.0
ORD-002685,2025-08-01,2025,Q3,8,Europe,Germany,Server,Distributor,334,2304.75,769785.05,523453.83,4496.55,16529.44,6364.74,550844.56,218940.49,28.44
ORD-002433,2025-08-01,2025,Q3,8,Latin America,Argentina,Tablet,Distributor,171,490.09,83805.25,43578.73,1797.63,7192.51,1500.72,54069.59,29735.66,35.48
ORD-004287,2025-08-02,2025,Q3,8,Europe,Germany,Desktop,Retail,342,824.84,282096.85,169258.11,7667.04,11941.88,8477.7,197344.73,84752.11,30.04
ORD-002934,2025-08-02,2025,Q3,8,Middle East,Qatar,Laptop,Online,5,953.19,4765.94,2764.24,56.65,293.99,79.35,3194.23,1571.71,32.98
ORD-004587,2025-08-02,2025,Q3,8,North America,Mexico,Printer,Retail,376,309.81,116489.51,66399.02,4596.13,8202.63,2034.02,81231.8,35257.71,30.27
ORD-001181,2025-08-02,2025,Q3,8,Latin America,Chile,Laptop,Online,399,982.82,392145.61,227444.45,12847.05,15684.13,5162.26,261137.9,131007.71,33.41
ORD-001907,2025-08-03,2025,Q3,8,North America,Canada,Server,Online,332,2288.5,759781.81,516651.63,9397.58,11616.2,3912.07,541577.48,218204.33,28.72
ORD-001661,2025-08-03,2025,Q3,8,North America,USA,Monitor,Online,144,318.29,45833.91,25208.65,2807.06,1527.56,1729.17,31272.45,14561.46,31.77
ORD-003053,2025-08-03,2025,Q3,8,Europe,Spain,Laptop,Enterprise,353,981.97,346633.65,201047.51,4070.1,8187.53,1511.72,214816.87,131816.78,38.03
ORD-002114,2025-08-03,2025,Q3,8,North America,Canada,Monitor,Retail,216,289.84,62605.44,34432.99,7330.47,11235.88,2423.78,55423.12,7182.32,11.47
ORD-000336,2025-08-03,2025,Q3,8,Asia Pacific,India,Printer,Online,403,251.23,101244.04,57709.1,9995.28,4083.62,8730.18,80518.19,20725.85,20.47
ORD-004567,2025-08-04,2025,Q3,8,Middle East,UAE,Server,Online,71,2249.4,159707.63,108601.19,1556.72,2117.68,732.16,113007.74,46699.89,29.24
ORD-004272,2025-08-04,2025,Q3,8,Asia Pacific,Singapore,Desktop,Online,53,710.07,37633.97,22580.38,795.95,3149.63,200.35,26726.31,10907.66,28.98
ORD-002638,2025-08-04,2025,Q3,8,Asia Pacific,Australia,Laptop,Retail,25,810.63,20265.7,11754.11,502.61,913.86,316.42,13486.99,6778.71,33.45
ORD-003115,2025-08-04,2025,Q3,8,North America,Mexico,Laptop,Online,255,990.07,252467.0,146430.86,3552.27,10605.72,2449.96,163038.81,89428.2,35.42
ORD-002143,2025-08-04,2025,Q3,8,Latin America,Brazil,Tablet,Distributor,291,506.64,147432.47,76664.88,4159.92,17288.19,5470.76,103583.75,43848.72,29.74
ORD-003524,2025-08-05,2025,Q3,8,Asia Pacific,India,Desktop,Online,492,799.42,393315.64,235989.38,5251.27,13469.8,7988.22,262698.68,130616.96,33.21
ORD-004116,2025-08-05,2025,Q3,8,Asia Pacific,Japan,Desktop,Online,206,861.83,177537.02,106522.21,3850.79,8486.81,1403.87,120263.68,57273.34,32.26
ORD-002058,2025-08-05,2025,Q3,8,Middle East,Saudi Arabia,Tablet,Distributor,176,481.94,84820.6,44106.71,2307.82,5128.17,1976.94,53519.63,31300.96,36.9
ORD-001647,2025-08-06,2025,Q3,8,Middle East,Saudi Arabia,Tablet,Online,81,571.38,46282.02,24066.65,2136.72,1128.86,928.8,28261.02,18021.0,38.94
ORD-003738,2025-08-06,2025,Q3,8,Middle East,UAE,Printer,Online,313,238.94,74786.83,42628.49,3364.99,6008.24,7650.25,59651.98,15134.85,20.24
ORD-002479,2025-08-06,2025,Q3,8,North America,Mexico,Monitor,Online,403,289.33,116601.82,64131.0,8487.05,12336.1,3277.97,88232.13,28369.7,24.33
ORD-001337,2025-08-06,2025,Q3,8,Europe,France,Monitor,Online,135,303.92,41029.26,22566.09,2836.26,7089.76,2422.41,34914.52,6114.74,14.9
ORD-001144,2025-08-07,2025,Q3,8,Latin America,Argentina,Desktop,Distributor,109,790.55,86170.44,51702.26,2435.77,5135.31,2518.29,61791.63,24378.8,28.29
ORD-001553,2025-08-07,2025,Q3,8,North America,Mexico,Desktop,Distributor,468,773.29,361898.63,217139.18,13358.51,23068.49,2297.25,255863.43,106035.2,29.3
ORD-004013,2025-08-07,2025,Q3,8,Middle East,UAE,Laptop,Online,309,1034.71,319726.04,185441.1,3605.04,13938.87,3554.34,206539.36,113186.68,35.4
ORD-001249,2025-08-08,2025,Q3,8,Europe,Italy,Tablet,Online,258,510.11,131608.44,68436.39,3691.65,15456.16,5553.28,93137.47,38470.97,29.23
ORD-003206,2025-08-08,2025,Q3,8,Europe,Spain,Desktop,Enterprise,6,668.55,4011.32,2406.79,85.52,323.12,119.33,2934.76,1076.56,26.84
ORD-002038,2025-08-09,2025,Q3,8,Middle East,Qatar,Printer,Distributor,199,256.44,51031.68,29088.06,6925.04,9249.79,3548.95,48811.83,2219.85,4.35
ORD-000201,2025-08-09,2025,Q3,8,Asia Pacific,Australia,Laptop,Enterprise,241,996.6,240180.33,139304.59,2807.51,12075.36,3706.87,157894.33,82286.0,34.26
ORD-001539,2025-08-10,2025,Q3,8,North America,USA,Printer,Online,443,275.52,122054.56,69571.1,12364.68,15428.05,2449.1,99812.93,22241.63,18.22
ORD-000764,2025-08-10,2025,Q3,8,Middle East,Saudi Arabia,Server,Distributor,198,2263.82,448237.28,304801.35,6754.52,10898.93,2107.58,324562.39,123674.89,27.59
ORD-002197,2025-08-10,2025,Q3,8,Europe,Germany,Desktop,Distributor,215,816.85,175622.46,105373.47,2078.12,6298.31,2486.02,116235.93,59386.53,33.81
ORD-003016,2025-08-10,2025,Q3,8,Europe,Spain,Tablet,Retail,166,525.45,87224.31,45356.64,3191.77,4613.82,3172.39,56334.63,30889.68,35.41
ORD-000446,2025-08-10,2025,Q3,8,North America,Mexico,Desktop,Online,103,756.66,77936.09,46761.66,1293.95,2436.22,1718.38,52210.21,25725.89,33.01
ORD-001353,2025-08-10,2025,Q3,8,Europe,UK,Monitor,Enterprise,159,307.16,48837.99,26860.9,4883.08,6759.07,2231.41,40734.46,8103.53,16.59
ORD-002296,2025-08-10,2025,Q3,8,Europe,Germany,Printer,Enterprise,138,262.51,36226.98,20649.38,1997.3,7760.13,1511.67,31918.48,4308.5,11.89
ORD-004347,2025-08-10,2025,Q3,8,North America,Canada,Desktop,Retail,332,638.83,212092.04,127255.22,8712.48,7840.98,6812.91,150621.6,61470.44,28.98
ORD-004675,2025-08-10,2025,Q3,8,Middle East,UAE,Desktop,Retail,57,665.81,37951.11,22770.67,1786.36,3157.51,379.4,28093.94,9857.17,25.97
ORD-001003,2025-08-10,2025,Q3,8,North America,USA,Desktop,Retail,86,654.57,56292.77,33775.66,2897.12,3309.12,469.07,40450.97,15841.8,28.14
ORD-001235,2025-08-11,2025,Q3,8,Latin America,Argentina,Tablet,Retail,135,473.54,63928.16,33242.64,3549.64,1801.73,1184.64,39778.65,24149.51,37.78
ORD-001554,2025-08-11,2025,Q3,8,North America,Mexico,Laptop,Distributor,369,941.48,347406.1,201495.54,10084.89,4206.56,5943.8,221730.79,125675.31,36.18
ORD-004619,2025-08-11,2025,Q3,8,Europe,France,Monitor,Online,24,322.48,7739.47,4256.71,520.7,808.8,589.53,6175.74,1563.72,20.2
ORD-001623,2025-08-11,2025,Q3,8,Europe,France,Monitor,Online,306,262.63,80364.39,44200.42,10599.4,13847.73,1570.5,70218.04,10146.35,12.63
ORD-004283,2025-08-11,2025,Q3,8,Asia Pacific,Singapore,Monitor,Distributor,180,316.59,56986.54,31342.6,2217.86,9410.4,2332.18,45303.03,11683.51,20.5
ORD-003293,2025-08-11,2025,Q3,8,Europe,UK,Monitor,Online,215,317.55,68272.84,37550.06,3807.07,11920.23,2978.7,56256.06,12016.79,17.6
ORD-001365,2025-08-11,2025,Q3,8,Latin America,Argentina,Desktop,Distributor,171,726.67,124261.32,74556.79,5479.77,3699.33,1936.54,85672.44,38588.88,31.05
ORD-004051,2025-08-12,2025,Q3,8,Latin America,Chile,Server,Enterprise,302,2258.7,682127.88,463846.96,4711.96,7390.27,5921.62,481870.8,200257.07,29.36
ORD-000916,2025-08-12,2025,Q3,8,Europe,Germany,Tablet,Enterprise,35,482.51,16887.99,8781.75,904.2,1586.61,170.15,11442.71,5445.28,32.24
ORD-001673,2025-08-12,2025,Q3,8,Europe,Spain,Server,Enterprise,259,2434.72,630591.33,428802.1,4418.55,8204.13,1506.3,442931.08,187660.24,29.76
ORD-001315,2025-08-13,2025,Q3,8,North America,Canada,Desktop,Retail,442,687.68,303952.37,182371.42,6543.27,6900.64,10905.38,206720.7,97231.67,31.99
ORD-004216,2025-08-13,2025,Q3,8,Asia Pacific,Japan,Server,Online,467,2087.99,975093.14,663063.33,15245.16,27657.19,10596.19,716561.88,258531.26,26.51
ORD-001481,2025-08-14,2025,Q3,8,Europe,Italy,Server,Online,28,2398.22,67150.29,45662.2,509.15,437.48,548.17,47156.99,19993.3,29.77
ORD-004701,2025-08-14,2025,Q3,8,Europe,France,Tablet,Online,215,431.54,92781.11,48246.18,2464.65,6856.87,1683.54,59251.24,33529.87,36.14
ORD-001356,2025-08-14,2025,Q3,8,Europe,Spain,Monitor,Online,484,308.14,149141.8,82027.99,10744.94,14194.25,3616.67,110583.86,38557.95,25.85
ORD-000976,2025-08-15,2025,Q3,8,Europe,Spain,Printer,Retail,376,253.92,95472.52,54419.34,4259.78,10203.1,4870.09,73752.32,21720.21,22.75
ORD-002177,2025-08-15,2025,Q3,8,Asia Pacific,Japan,Tablet,Online,362,447.32,161928.13,84202.63,9053.03,18958.99,3921.56,116136.21,45791.93,28.28
ORD-004959,2025-08-15,2025,Q3,8,Middle East,Qatar,Printer,Retail,285,243.85,69498.52,39614.15,3170.2,8427.14,5653.93,56865.42,12633.09,18.18
ORD-001201,2025-08-15,2025,Q3,8,Asia Pacific,Australia,Tablet,Retail,485,473.23,229517.74,119349.23,7314.4,23515.15,6765.95,156944.72,72573.02,31.62
ORD-000079,2025-08-15,2025,Q3,8,Middle East,Saudi Arabia,Monitor,Retail,384,301.42,115745.09,63659.8,12913.83,21877.3,9179.36,107630.29,8114.8,7.01
ORD-002962,2025-08-15,2025,Q3,8,Europe,UK,Desktop,Distributor,319,835.18,266423.33,159854.0,9916.92,18139.83,3849.37,191760.12,74663.2,28.02
ORD-003550,2025-08-15,2025,Q3,8,Asia Pacific,India,Desktop,Distributor,220,777.52,171054.6,102632.76,3264.27,8769.13,5361.55,120027.7,51026.9,29.83
ORD-001088,2025-08-16,2025,Q3,8,North America,Canada,Server,Enterprise,215,2497.92,537053.23,365196.2,3089.07,7285.21,3431.69,379002.16,158051.07,29.43
ORD-002496,2025-08-16,2025,Q3,8,Europe,Italy,Tablet,Enterprise,187,525.42,98254.04,51092.1,4724.85,4076.26,3112.06,63005.26,35248.77,35.88
ORD-002069,2025-08-16,2025,Q3,8,Asia Pacific,India,Printer,Distributor,269,242.59,65255.52,37195.65,9176.59,5532.84,4306.88,56211.95,9043.57,13.86
ORD-004839,2025-08-16,2025,Q3,8,Europe,Germany,Server,Online,203,2299.9,466879.0,317477.72,5474.51,8821.2,2521.08,334294.51,132584.49,28.4
ORD-001769,2025-08-16,2025,Q3,8,Europe,France,Laptop,Retail,437,810.67,354261.54,205471.7,5523.19,23580.47,5271.79,239847.14,114414.4,32.3
ORD-001877,2025-08-16,2025,Q3,8,Asia Pacific,Japan,Tablet,Distributor,88,427.02,37578.16,19540.65,2321.14,3133.23,1513.69,26508.71,11069.46,29.46
ORD-000697,2025-08-17,2025,Q3,8,Europe,Italy,Server,Online,409,2123.73,868603.87,590650.63,13632.1,4362.19,6896.41,615541.32,253062.55,29.13
ORD-004862,2025-08-17,2025,Q3,8,Latin America,Argentina,Server,Online,460,2215.75,1019243.79,693085.78,11051.52,25999.44,10032.52,740169.26,279074.53,27.38
ORD-003232,2025-08-17,2025,Q3,8,North America,Mexico,Desktop,Distributor,372,813.1,302471.46,181482.88,6147.86,17972.12,6762.0,212364.86,90106.6,29.79
ORD-003159,2025-08-17,2025,Q3,8,North America,Canada,Server,Online,142,2496.95,354566.97,241105.54,4477.25,6268.09,581.75,252432.63,102134.34,28.81
ORD-002145,2025-08-18,2025,Q3,8,Europe,Italy,Printer,Retail,401,295.98,118688.56,67652.48,12781.31,21805.91,4636.5,106876.2,11812.36,9.95
ORD-002355,2025-08-18,2025,Q3,8,Europe,France,Printer,Retail,223,275.66,61472.49,35039.32,2897.2,13256.46,2821.71,54014.7,7457.8,12.13
ORD-003218,2025-08-18,2025,Q3,8,Latin America,Argentina,Tablet,Distributor,248,484.05,120045.57,62423.7,3326.53,7206.72,4505.86,77462.8,42582.77,35.47
ORD-000414,2025-08-18,2025,Q3,8,Europe,Germany,Monitor,Enterprise,18,295.28,5315.03,2923.26,618.56,1010.14,59.33,4611.3,703.72,13.24
ORD-004945,2025-08-19,2025,Q3,8,Middle East,Qatar,Server,Distributor,356,2332.11,830230.09,564556.46,10716.86,8739.98,5610.13,589623.43,240606.66,28.98
ORD-003391,2025-08-19,2025,Q3,8,North America,Mexico,Monitor,Enterprise,228,257.81,58779.83,32328.91,5278.55,6219.81,2099.88,45927.14,12852.7,21.87
ORD-004626,2025-08-19,2025,Q3,8,Latin America,Chile,Laptop,Retail,171,865.65,148026.38,85855.3,4611.97,6301.23,1584.19,98352.7,49673.68,33.56
ORD-004957,2025-08-19,2025,Q3,8,Asia Pacific,Singapore,Desktop,Distributor,393,643.95,253074.02,151844.41,12172.47,18629.09,7406.18,190052.15,63021.87,24.9
ORD-002919,2025-08-20,2025,Q3,8,Asia Pacific,Australia,Monitor,Online,14,321.2,4496.87,2473.28,432.01,536.55,294.67,3736.51,760.35,16.91
ORD-000810,2025-08-20,2025,Q3,8,North America,Canada,Server,Online,56,1904.56,106655.24,72525.56,867.9,2338.03,203.12,75934.61,30720.62,28.8
ORD-001847,2025-08-20,2025,Q3,8,Asia Pacific,Australia,Desktop,Enterprise,52,692.52,36010.8,21606.48,435.34,2162.41,443.82,24648.05,11362.75,31.55
ORD-003620,2025-08-20,2025,Q3,8,North America,Canada,Server,Online,431,2029.07,874531.3,594681.28,11473.5,13675.28,7078.93,626908.99,247622.31,28.31
ORD-004569,2025-08-20,2025,Q3,8,Latin America,Chile,Server,Distributor,236,2297.11,542118.94,368640.88,3770.08,4601.83,1226.35,378239.14,163879.8,30.23
ORD-002174,2025-08-20,2025,Q3,8,North America,USA,Monitor,Online,468,326.47,152786.74,84032.7,3863.83,14789.9,3119.06,105805.5,46981.24,30.75
ORD-001988,2025-08-20,2025,Q3,8,Europe,Spain,Printer,Online,490,303.64,148784.37,84807.09,4919.54,18042.91,11229.15,118998.7,29785.68,20.02
ORD-002029,2025-08-20,2025,Q3,8,North America,USA,Laptop,Online,319,909.8,290226.84,168331.57,4048.2,8099.89,1127.74,181607.4,108619.45,37.43
ORD-004161,2025-08-21,2025,Q3,8,Europe,France,Printer,Online,204,253.77,51768.1,29507.81,6018.32,12093.0,2703.81,50322.94,1445.16,2.79
ORD-004565,2025-08-21,2025,Q3,8,North America,Mexico,Laptop,Online,191,1005.05,191964.39,111339.34,5333.88,9347.52,2028.77,128049.52,63914.87,33.3
ORD-004480,2025-08-22,2025,Q3,8,Latin America,Argentina,Server,Retail,496,2259.25,1120587.45,761999.47,5316.58,22760.63,6415.5,796492.18,324095.27,28.92
ORD-004790,2025-08-22,2025,Q3,8,North America,USA,Server,Online,159,2458.92,390968.7,265858.72,3089.82,8608.76,809.87,278367.17,112601.53,28.8
ORD-002231,2025-08-23,2025,Q3,8,Middle East,UAE,Tablet,Enterprise,418,425.91,178028.88,92575.02,4604.78,12075.9,10393.75,119649.45,58379.42,32.79
ORD-004482,2025-08-23,2025,Q3,8,Middle East,Qatar,Tablet,Retail,290,440.41,127717.52,66413.11,2495.2,13822.64,1778.73,84509.68,43207.84,33.83
ORD-002986,2025-08-23,2025,Q3,8,Asia Pacific,Singapore,Server,Distributor,313,2071.79,648470.84,440960.17,9259.06,14794.66,2748.36,467762.26,180708.58,27.87
ORD-000776,2025-08-23,2025,Q3,8,North America,Canada,Server,Online,365,2180.42,795854.81,541181.27,7591.36,4333.58,2706.63,555812.84,240041.97,30.16
ORD-000036,2025-08-23,2025,Q3,8,North America,Mexico,Monitor,Enterprise,86,260.25,22381.5,12309.82,2721.76,5129.28,1636.2,21797.07,584.43,2.61
ORD-002102,2025-08-24,2025,Q3,8,Europe,Germany,Tablet,Online,91,468.04,42591.53,22147.59,1402.73,5217.66,1973.22,30741.2,11850.32,27.82
ORD-004046,2025-08-24,2025,Q3,8,Europe,Germany,Server,Online,141,2019.33,284725.97,193613.66,2755.72,1964.2,722.7,199056.27,85669.7,30.09
ORD-002460,2025-08-24,2025,Q3,8,North America,Canada,Monitor,Distributor,52,338.02,17576.82,9667.25,762.34,2045.04,617.56,13092.2,4484.62,25.51
ORD-002031,2025-08-24,2025,Q3,8,North America,USA,Laptop,Enterprise,478,832.11,397747.81,230693.73,10632.6,15658.5,11787.3,268772.13,128975.67,32.43
ORD-002483,2025-08-24,2025,Q3,8,North America,Canada,Monitor,Distributor,416,289.94,120616.94,66339.32,5839.38,21076.71,6988.65,100244.06,20372.88,16.89
ORD-003299,2025-08-25,2025,Q3,8,Europe,France,Monitor,Online,481,337.78,162470.82,89358.95,5587.28,22785.25,3270.25,121001.72,41469.1,25.52
ORD-002649,2025-08-26,2025,Q3,8,Asia Pacific,India,Desktop,Online,413,837.95,346075.32,207645.19,9005.86,6113.16,2428.36,225192.57,120882.75,34.93
ORD-000851,2025-08-26,2025,Q3,8,Asia Pacific,Japan,Tablet,Distributor,171,457.62,78253.7,40691.92,2549.54,3619.98,1212.76,48074.2,30179.5,38.57
ORD-000631,2025-08-26,2025,Q3,8,Europe,France,Printer,Online,116,290.46,33693.69,19205.4,2463.66,6246.3,1868.43,29783.79,3909.9,11.6
ORD-002217,2025-08-26,2025,Q3,8,North America,Mexico,Monitor,Online,216,341.14,73686.03,40527.32,3745.11,7982.05,2830.4,55084.87,18601.16,25.24
ORD-004591,2025-08-27,2025,Q3,8,Middle East,UAE,Server,Distributor,84,2248.75,188895.31,128448.81,1198.09,2835.04,1280.5,133762.44,55132.87,29.19
ORD-002422,2025-08-27,2025,Q3,8,Europe,UK,Desktop,Retail,284,795.19,225834.6,135500.76,5295.41,3958.44,3636.28,148390.89,77443.72,34.29
ORD-002987,2025-08-27,2025,Q3,8,Europe,UK,Laptop,Enterprise,256,902.22,230968.35,133961.64,8301.62,12184.75,6295.46,160743.47,70224.88,30.4
ORD-000388,2025-08-27,2025,Q3,8,Asia Pacific,Australia,Laptop,Distributor,30,1020.27,30608.15,17752.73,657.23,900.68,103.42,19414.05,11194.1,36.57
ORD-001570,2025-08-27,2025,Q3,8,Asia Pacific,Japan,Tablet,Retail,273,472.32,128942.45,67050.07,7116.61,9001.32,2252.18,85420.18,43522.27,33.75
ORD-003867,2025-08-28,2025,Q3,8,Europe,Italy,Tablet,Enterprise,226,465.97,105310.25,54761.33,5878.12,3292.37,1305.83,65237.66,40072.59,38.05
ORD-004666,2025-08-28,2025,Q3,8,Asia Pacific,Japan,Printer,Retail,348,292.04,101628.95,57928.5,10038.81,10653.28,6452.56,85073.15,16555.8,16.29
ORD-004025,2025-08-28,2025,Q3,8,Europe,Spain,Tablet,Distributor,29,486.48,14107.8,7336.06,779.94,893.61,155.8,9165.4,4942.4,35.03
ORD-004179,2025-08-28,2025,Q3,8,Europe,Italy,Laptop,Distributor,258,910.78,234980.36,136288.61,3256.03,6933.2,3165.98,149643.82,85336.54,36.32
ORD-000252,2025-08-29,2025,Q3,8,Middle East,UAE,Desktop,Online,282,680.25,191831.09,115098.65,8254.65,5263.42,1296.49,129913.22,61917.87,32.28
ORD-003716,2025-08-29,2025,Q3,8,North America,Mexico,Laptop,Enterprise,385,809.0,311466.78,180650.73,10955.55,12862.91,1877.07,206346.27,105120.51,33.75
ORD-004311,2025-08-29,2025,Q3,8,North America,USA,Tablet,Online,40,476.31,19052.2,9907.15,906.44,1112.58,903.95,12830.13,6222.08,32.66
ORD-004571,2025-08-29,2025,Q3,8,North America,Mexico,Desktop,Online,54,782.47,42253.3,25351.98,1190.6,1057.23,845.58,28445.4,13807.91,32.68
ORD-001344,2025-08-29,2025,Q3,8,Europe,France,Monitor,Retail,290,314.98,91345.56,50240.06,3721.38,16274.52,1536.84,71772.8,19572.76,21.43
ORD-004421,2025-08-30,2025,Q3,8,Europe,UK,Desktop,Distributor,455,731.79,332965.66,199779.4,11999.96,22559.83,5307.06,239646.25,93319.42,28.03
ORD-004139,2025-08-30,2025,Q3,8,Middle East,Qatar,Monitor,Retail,495,264.38,130867.29,71977.01,8282.35,17069.15,5133.62,102462.13,28405.16,21.71
ORD-003863,2025-08-30,2025,Q3,8,Latin America,Brazil,Monitor,Enterprise,222,275.36,61129.59,33621.28,2745.38,6819.97,5011.88,48198.51,12931.08,21.15
ORD-003819,2025-08-30,2025,Q3,8,North America,Mexico,Desktop,Retail,451,642.93,289959.3,173975.58,7850.62,11689.03,6456.91,199972.14,89987.16,31.03
ORD-002884,2025-08-30,2025,Q3,8,North America,Canada,Laptop,Online,123,810.89,99739.37,57848.84,1613.1,6218.31,1222.33,66902.58,32836.8,32.92
ORD-001436,2025-08-30,2025,Q3,8,Europe,Germany,Tablet,Online,184,508.28,93523.61,48632.27,6347.73,7473.62,710.93,63164.56,30359.05,32.46
ORD-003586,2025-08-30,2025,Q3,8,North America,USA,Monitor,Retail,7,317.99,2225.95,1224.27,88.49,416.36,67.92,1797.04,428.91,19.27
ORD-003934,2025-08-31,2025,Q3,8,North America,Mexico,Printer,Online,451,281.89,127133.72,72466.22,13570.97,5443.26,4224.63,95705.09,31428.63,24.72
ORD-000165,2025-08-31,2025,Q3,8,North America,Canada,Desktop,Online,222,737.82,163796.57,98277.94,4978.68,10583.83,4757.42,118597.87,45198.7,27.59
ORD-001831,2025-08-31,2025,Q3,8,Europe,Spain,Tablet,Online,329,570.85,187809.91,97661.16,5025.91,7568.54,6453.83,116709.44,71100.48,37.86
ORD-003241,2025-09-01,2025,Q3,9,North America,Mexico,Printer,Online,320,287.36,91955.38,52414.57,5563.49,10694.28,6370.85,75043.19,16912.19,18.39
ORD-004396,2025-09-01,2025,Q3,9,North America,Canada,Server,Enterprise,458,2327.61,1066047.3,724912.17,4275.91,19492.2,9368.18,758048.46,307998.84,28.89
ORD-001009,2025-09-01,2025,Q3,9,Latin America,Argentina,Desktop,Retail,53,737.67,39096.51,23457.9,730.24,661.5,463.45,25313.09,13783.41,35.25
ORD-002187,2025-09-01,2025,Q3,9,North America,Mexico,Desktop,Distributor,96,780.13,74892.05,44935.23,2256.95,2053.8,2167.61,51413.59,23478.46,31.35
ORD-002878,2025-09-01,2025,Q3,9,North America,Canada,Printer,Online,298,244.54,72871.49,41536.75,6933.8,12440.51,2833.99,63745.06,9126.43,12.52
ORD-000992,2025-09-01,2025,Q3,9,Europe,Italy,Printer,Online,293,241.66,70807.17,40360.08,4742.63,9677.14,2870.04,57649.88,13157.28,18.58
ORD-004467,2025-09-01,2025,Q3,9,Europe,UK,Tablet,Distributor,52,540.15,28087.55,14605.53,862.71,2701.94,1134.02,19304.21,8783.34,31.27
ORD-002528,2025-09-02,2025,Q3,9,Asia Pacific,India,Server,Enterprise,177,2178.48,385590.79,262201.74,4055.82,7834.75,3937.08,278029.38,107561.4,27.9
ORD-002200,2025-09-02,2025,Q3,9,North America,Mexico,Desktop,Retail,361,713.1,257429.6,154457.76,6004.51,7126.33,3149.97,170738.58,86691.02,33.68
ORD-004425,2025-09-02,2025,Q3,9,Middle East,Qatar,Desktop,Online,98,788.29,77252.79,46351.67,1079.4,2305.55,1664.86,51401.49,25851.3,33.46
ORD-004042,2025-09-02,2025,Q3,9,North America,Canada,Tablet,Retail,8,531.6,4252.8,2211.46,168.49,180.83,57.79,2618.57,1634.24,38.43
ORD-004908,2025-09-02,2025,Q3,9,Asia Pacific,Japan,Laptop,Online,54,973.29,52557.8,30483.52,1433.78,2689.97,834.89,35442.16,17115.63,32.57
ORD-004967,2025-09-03,2025,Q3,9,Asia Pacific,Singapore,Laptop,Enterprise,390,974.71,380138.04,220480.06,8410.94,11144.51,7120.23,247155.75,132982.29,34.98
ORD-002766,2025-09-03,2025,Q3,9,Middle East,UAE,Server,Online,57,1896.66,108109.43,73514.42,728.34,1030.94,362.36,75636.06,32473.38,30.04
ORD-002126,2025-09-03,2025,Q3,9,Middle East,UAE,Server,Enterprise,240,2446.0,587040.51,399187.55,3075.28,2793.77,3696.99,408753.58,178286.92,30.37
ORD-002351,2025-09-03,2025,Q3,9,Asia Pacific,India,Printer,Enterprise,322,264.43,85147.24,48533.93,3563.93,4937.58,2900.07,59935.52,25211.73,29.61
ORD-002621,2025-09-04,2025,Q3,9,Asia Pacific,Japan,Laptop,Online,181,861.93,156009.23,90485.35,4899.04,9551.31,3342.32,108278.02,47731.21,30.6
ORD-000699,2025-09-04,2025,Q3,9,Europe,Italy,Laptop,Online,407,868.35,353419.86,204983.52,4078.77,13589.97,10092.97,232745.23,120674.63,34.14
ORD-002266,2025-09-04,2025,Q3,9,North America,Mexico,Server,Distributor,17,2148.24,36520.09,24833.66,422.78,213.36,116.46,25586.26,10933.82,29.94
ORD-002263,2025-09-04,2025,Q3,9,Middle East,UAE,Monitor,Enterprise,168,339.2,56985.08,31341.8,2898.58,5564.83,4027.16,43832.37,13152.72,23.08
ORD-004360,2025-09-04,2025,Q3,9,Asia Pacific,India,Desktop,Retail,55,847.36,46605.05,27963.03,912.73,731.57,323.71,29931.04,16674.01,35.78
ORD-000101,2025-09-04,2025,Q3,9,North America,Canada,Monitor,Retail,48,340.48,16343.08,8988.69,545.01,974.4,968.91,11477.01,4866.07,29.77
ORD-000302,2025-09-04,2025,Q3,9,North America,Canada,Tablet,Online,324,524.0,169776.63,88283.85,7032.91,10776.35,3695.07,109788.18,59988.45,35.33
ORD-002978,2025-09-04,2025,Q3,9,Asia Pacific,Singapore,Monitor,Enterprise,317,284.58,90210.82,49615.95,7312.75,5466.64,7056.9,69452.24,20758.58,23.01
ORD-002361,2025-09-05,2025,Q3,9,Europe,UK,Desktop,Distributor,196,857.83,168134.27,100880.56,2691.61,3660.75,4854.53,112087.45,56046.82,33.33
ORD-002835,2025-09-05,2025,Q3,9,Middle East,UAE,Tablet,Retail,343,487.57,167236.65,86963.06,4750.23,10152.23,1956.46,103821.98,63414.67,37.92
ORD-001712,2025-09-05,2025,Q3,9,Middle East,UAE,Monitor,Enterprise,327,326.75,106846.07,58765.34,7460.24,16785.35,4715.4,87726.33,19119.74,17.89
ORD-003905,2025-09-05,2025,Q3,9,Europe,Spain,Laptop,Online,436,994.61,433652.1,251518.22,8811.58,21606.53,7352.96,289289.29,144362.8,33.29
ORD-003895,2025-09-06,2025,Q3,9,Europe,Spain,Desktop,Online,207,767.07,158782.53,95269.52,4232.34,8122.5,4405.32,112029.67,46752.86,29.44
ORD-003035,2025-09-06,2025,Q3,9,Latin America,Chile,Tablet,Retail,308,484.5,149225.04,77597.02,7846.09,17011.81,6061.75,108516.68,40708.36,27.28
ORD-001094,2025-09-06,2025,Q3,9,Europe,France,Tablet,Distributor,189,496.24,93788.48,48770.01,2477.11,3169.97,1033.99,55451.07,38337.41,40.88
ORD-004725,2025-09-06,2025,Q3,9,Latin America,Argentina,Monitor,Retail,48,310.87,14921.67,8206.92,597.09,615.61,260.52,9680.14,5241.53,35.13
ORD-004027,2025-09-06,2025,Q3,9,North America,USA,Server,Online,227,2315.64,525651.41,357442.96,6987.13,4911.72,5214.38,374556.18,151095.23,28.74
ORD-003667,2025-09-07,2025,Q3,9,Europe,Germany,Monitor,Distributor,133,290.28,38606.87,21233.78,3788.1,1455.69,2709.14,29186.71,9420.16,24.4
ORD-004400,2025-09-07,2025,Q3,9,Europe,Germany,Tablet,Distributor,489,447.5,218829.13,113791.15,17025.92,8755.73,10570.67,150143.47,68685.66,31.39
ORD-000781,2025-09-07,2025,Q3,9,Middle East,UAE,Printer,Online,496,294.27,145956.32,83195.1,12915.87,27559.78,10828.86,134499.61,11456.7,7.85
ORD-004893,2025-09-07,2025,Q3,9,Asia Pacific,Singapore,Laptop,Online,271,870.88,236008.19,136884.75,9095.07,12101.63,2701.73,160783.18,75225.01,31.87
ORD-003540,2025-09-07,2025,Q3,9,Europe,UK,Desktop,Online,110,756.1,83171.17,49902.7,2135.51,1488.13,1451.2,54977.55,28193.63,33.9
ORD-002874,2025-09-07,2025,Q3,9,Latin America,Chile,Monitor,Distributor,408,336.87,137441.41,75592.78,9625.87,4199.13,7116.66,96534.44,40906.98,29.76
ORD-004808,2025-09-08,2025,Q3,9,Middle East,UAE,Laptop,Retail,202,944.03,190693.9,110602.46,2661.6,8217.04,4984.58,126465.69,64228.21,33.68
ORD-000393,2025-09-08,2025,Q3,9,Latin America,Argentina,Monitor,Distributor,60,323.26,19395.42,10667.48,484.75,2479.77,209.92,13841.92,5553.5,28.63
ORD-001721,2025-09-09,2025,Q3,9,Latin America,Brazil,Tablet,Distributor,187,517.58,96788.07,50329.8,2825.28,2815.68,1438.87,57409.63,39378.44,40.69
ORD-004285,2025-09-09,2025,Q3,9,Middle East,UAE,Desktop,Distributor,189,712.33,134630.56,80778.34,2969.26,3541.7,4133.32,91422.62,43207.94,32.09
ORD-002464,2025-09-09,2025,Q3,9,Asia Pacific,India,Laptop,Online,251,951.41,238804.37,138506.53,8439.76,6534.19,4956.16,158436.64,80367.73,33.65
ORD-004245,2025-09-09,2025,Q3,9,Latin America,Argentina,Tablet,Distributor,141,558.46,78742.37,40946.03,1887.28,7636.58,3499.67,53969.56,24772.81,31.46
ORD-004513,2025-09-09,2025,Q3,9,Europe,Spain,Server,Online,380,2369.06,900242.17,612164.68,13208.48,19375.38,7716.2,652464.73,247777.44,27.52
ORD-002135,2025-09-09,2025,Q3,9,North America,Canada,Printer,Online,34,256.48,8720.43,4970.65,714.92,1059.39,425.44,7170.4,1550.03,17.77
ORD-004315,2025-09-09,2025,Q3,9,Asia Pacific,India,Laptop,Retail,496,900.35,446575.66,259013.88,14544.9,29716.22,4740.57,308015.58,138560.08,31.03
ORD-003252,2025-09-09,2025,Q3,9,Asia Pacific,Singapore,Tablet,Online,388,428.88,166405.07,86530.64,8125.63,14123.87,1927.21,110707.35,55697.73,33.47
ORD-003507,2025-09-10,2025,Q3,9,Middle East,UAE,Desktop,Distributor,47,667.74,31383.84,18830.31,688.55,872.39,415.1,20806.35,10577.49,33.7
ORD-002950,2025-09-10,2025,Q3,9,Asia Pacific,Japan,Laptop,Enterprise,110,1002.85,110313.32,63981.73,3493.93,4270.07,1696.64,73442.37,36870.96,33.42
ORD-001602,2025-09-10,2025,Q3,9,Latin America,Argentina,Desktop,Retail,67,801.97,53731.8,32239.08,882.96,675.94,292.34,34090.32,19641.48,36.55
ORD-002312,2025-09-11,2025,Q3,9,Europe,France,Desktop,Enterprise,110,689.23,75814.86,45488.92,1226.1,6502.08,1776.29,54993.39,20821.47,27.46
ORD-004134,2025-09-11,2025,Q3,9,Middle East,Saudi Arabia,Laptop,Retail,448,886.49,397148.97,230346.4,5260.54,4668.19,2338.7,242613.83,154535.14,38.91
ORD-003395,2025-09-11,2025,Q3,9,Latin America,Chile,Laptop,Online,455,929.64,422988.02,245333.05,8760.27,26656.92,2634.08,283384.32,139603.69,33.0
ORD-002635,2025-09-11,2025,Q3,9,Latin America,Argentina,Tablet,Retail,460,455.22,209400.39,108888.2,10165.25,21817.25,4499.24,145369.94,64030.46,30.58
ORD-001494,2025-09-11,2025,Q3,9,Europe,Germany,Desktop,Online,98,714.27,69998.02,41998.81,1963.26,4211.34,1273.29,49446.7,20551.32,29.36
ORD-002946,2025-09-11,2025,Q3,9,North America,USA,Desktop,Enterprise,260,728.87,189506.27,113703.76,5351.73,10777.75,5166.47,134999.71,54506.55,28.76
ORD-001096,2025-09-11,2025,Q3,9,North America,Mexico,Server,Retail,70,2284.17,159892.19,108726.69,715.44,3214.01,1242.83,113898.96,45993.22,28.77
ORD-002928,2025-09-11,2025,Q3,9,Latin America,Argentina,Server,Distributor,500,1972.64,986318.71,670696.72,5512.96,13001.11,7622.86,696833.65,289485.06,29.35
ORD-001686,2025-09-12,2025,Q3,9,Europe,Germany,Laptop,Retail,115,908.83,104515.44,60618.95,1539.91,2506.32,2688.92,67354.11,37161.33,35.56
ORD-003345,2025-09-12,2025,Q3,9,Europe,Spain,Monitor,Online,441,259.0,114217.1,62819.4,4474.8,23008.76,9310.81,99613.77,14603.33,12.79
ORD-004796,2025-09-12,2025,Q3,9,North America,USA,Printer,Retail,463,307.32,142288.39,81104.38,14668.14,16339.17,10155.04,122266.73,20021.66,14.07
ORD-002808,2025-09-12,2025,Q3,9,Middle East,Saudi Arabia,Monitor,Distributor,23,260.87,6000.11,3300.06,495.23,989.06,488.48,5272.84,727.28,12.12
ORD-004510,2025-09-13,2025,Q3,9,Asia Pacific,India,Tablet,Enterprise,187,437.74,81857.39,42565.84,5525.41,10372.54,2835.72,61299.51,20557.88,25.11
ORD-003361,2025-09-13,2025,Q3,9,Asia Pacific,India,Laptop,Online,460,992.62,456604.97,264830.88,9996.92,11080.61,8890.17,294798.59,161806.38,35.44
ORD-004365,2025-09-13,2025,Q3,9,Latin America,Chile,Desktop,Online,320,737.67,236053.5,141632.1,3317.91,8366.39,2866.74,156183.14,79870.36,33.84
ORD-004804,2025-09-14,2025,Q3,9,Europe,Spain,Printer,Enterprise,378,314.75,118973.9,67815.12,9605.22,11026.36,4286.47,92733.18,26240.72,22.06
ORD-000695,2025-09-14,2025,Q3,9,Asia Pacific,Singapore,Desktop,Enterprise,138,763.29,105334.05,63200.43,4229.62,7190.27,2272.33,76892.65,28441.4,27.0
ORD-001032,2025-09-14,2025,Q3,9,Europe,Spain,Monitor,Online,447,312.36,139625.76,76794.17,14618.47,13352.86,4293.92,109059.41,30566.34,21.89
ORD-002862,2025-09-14,2025,Q3,9,Europe,Germany,Printer,Retail,326,291.04,94877.58,54080.22,2784.24,18436.48,5006.6,80307.54,14570.04,15.36
ORD-004618,2025-09-14,2025,Q3,9,Middle East,Saudi Arabia,Printer,Enterprise,262,308.31,80776.44,46042.57,6821.65,4747.1,4652.91,62264.23,18512.21,22.92
ORD-000580,2025-09-15,2025,Q3,9,Europe,Spain,Server,Retail,220,2362.34,519714.38,353405.78,2617.59,12733.94,4755.18,373512.49,146201.89,28.13
ORD-000705,2025-09-15,2025,Q3,9,North America,Canada,Laptop,Online,480,893.94,429090.56,248872.53,11149.32,19753.19,4254.23,284029.26,145061.3,33.81
ORD-004142,2025-09-15,2025,Q3,9,Europe,Italy,Laptop,Distributor,126,802.2,101077.73,58625.08,4105.24,6619.89,1274.54,70624.76,30452.98,30.13
ORD-000185,2025-09-15,2025,Q3,9,Asia Pacific,Australia,Desktop,Retail,489,858.37,419743.42,251846.05,6339.59,25555.94,3968.3,287709.88,132033.54,31.46
ORD-001876,2025-09-15,2025,Q3,9,Asia Pacific,Japan,Desktop,Retail,249,804.73,200377.37,120226.42,5193.86,2997.87,2268.98,130687.13,69690.24,34.78
ORD-002772,2025-09-15,2025,Q3,9,North America,Canada,Server,Distributor,383,2073.84,794279.04,540109.75,4686.15,18163.64,1174.96,564134.5,230144.54,28.98
ORD-003990,2025-09-16,2025,Q3,9,North America,USA,Monitor,Enterprise,175,340.26,59545.75,32750.16,4445.7,4373.81,2071.69,43641.37,15904.38,26.71
ORD-001883,2025-09-16,2025,Q3,9,North America,USA,Desktop,Online,485,710.07,344383.53,206630.12,14798.91,17319.32,3233.37,241981.71,102401.82,29.73
ORD-004951,2025-09-16,2025,Q3,9,Middle East,Saudi Arabia,Laptop,Retail,187,849.33,158825.36,92118.71,3511.03,1935.41,3301.09,100866.24,57959.11,36.49
ORD-004991,2025-09-16,2025,Q3,9,Asia Pacific,Japan,Printer,Retail,38,268.65,10208.83,5819.03,1039.59,2133.12,489.04,9480.78,728.04,7.13
ORD-000655,2025-09-16,2025,Q3,9,North America,USA,Server,Enterprise,109,2207.25,240590.75,163601.71,1639.91,4003.61,870.0,170115.24,70475.52,29.29
ORD-000264,2025-09-17,2025,Q3,9,Europe,Germany,Desktop,Online,161,768.98,123805.13,74283.08,2449.04,2164.51,580.05,79476.67,44328.46,35.81
ORD-004451,2025-09-18,2025,Q3,9,North America,Canada,Monitor,Online,120,329.41,39529.04,21740.97,2288.14,6970.1,764.96,31764.18,7764.86,19.64
ORD-001733,2025-09-18,2025,Q3,9,North America,Canada,Desktop,Distributor,17,838.9,14261.38,8556.83,154.07,753.65,106.65,9571.2,4690.18,32.89
ORD-004719,2025-09-18,2025,Q3,9,Asia Pacific,Japan,Server,Online,112,2311.22,258857.0,176022.76,1942.31,2311.81,533.93,180810.81,78046.2,30.15
ORD-000824,2025-09-18,2025,Q3,9,Asia Pacific,Japan,Laptop,Distributor,60,830.38,49822.74,28897.19,1220.51,1529.58,972.11,32619.39,17203.35,34.53
ORD-000133,2025-09-19,2025,Q3,9,Latin America,Argentina,Printer,Online,147,287.16,42212.67,24061.22,4660.26,6356.27,519.81,35597.56,6615.1,15.67
ORD-003698,2025-09-19,2025,Q3,9,Asia Pacific,Japan,Printer,Enterprise,96,249.66,23967.15,13661.27,1832.62,1897.85,1900.71,19292.45,4674.69,19.5
ORD-003050,2025-09-19,2025,Q3,9,Latin America,Brazil,Desktop,Enterprise,154,747.86,115170.64,69102.38,1378.51,3057.18,1813.32,75351.39,39819.25,34.57
ORD-002216,2025-09-19,2025,Q3,9,Asia Pacific,Singapore,Printer,Distributor,38,319.86,12154.8,6928.24,1267.97,594.11,605.26,9395.58,2759.22,22.7
ORD-003871,2025-09-19,2025,Q3,9,Middle East,Qatar,Monitor,Online,322,263.34,84794.27,46636.85,7562.68,6765.27,1468.51,62433.31,22360.95,26.37
ORD-003031,2025-09-19,2025,Q3,9,Europe,Spain,Tablet,Enterprise,382,541.09,206697.8,107482.85,11727.14,17754.96,7333.17,144298.13,62399.67,30.19
ORD-000200,2025-09-19,2025,Q3,9,North America,Canada,Desktop,Distributor,188,675.52,126997.91,76198.75,4934.21,2574.9,1435.42,85143.28,41854.63,32.96
ORD-003976,2025-09-19,2025,Q3,9,North America,Mexico,Laptop,Online,327,869.07,284186.02,164827.89,4416.43,16360.76,5191.71,190796.79,93389.23,32.86
ORD-001082,2025-09-20,2025,Q3,9,Middle East,Qatar,Tablet,Online,442,553.31,244565.2,127173.9,11385.93,7967.12,6068.61,152595.56,91969.64,37.61
ORD-002169,2025-09-20,2025,Q3,9,Europe,Italy,Tablet,Retail,449,510.78,229340.6,119257.11,13721.93,26434.7,1850.9,161264.64,68075.96,29.68
ORD-002514,2025-09-20,2025,Q3,9,Europe,Spain,Desktop,Retail,282,743.09,209550.3,125730.18,6367.36,5311.41,4991.59,142400.54,67149.75,32.04
ORD-001873,2025-09-20,2025,Q3,9,Europe,UK,Laptop,Online,361,1031.44,372351.36,215963.79,9226.44,13414.64,2027.65,240632.52,131718.84,35.37
ORD-004744,2025-09-20,2025,Q3,9,North America,USA,Tablet,Online,193,457.49,88295.95,45913.89,2762.26,3115.22,1081.35,52872.72,35423.23,40.12
ORD-001586,2025-09-20,2025,Q3,9,North America,Canada,Tablet,Enterprise,166,464.03,77028.56,40054.85,2971.18,9550.2,1797.46,54373.69,22654.87,29.41
ORD-002991,2025-09-20,2025,Q3,9,North America,Mexico,Tablet,Enterprise,329,563.62,185432.08,96424.68,11096.94,11805.42,1349.69,120676.73,64755.35,34.92
ORD-003953,2025-09-21,2025,Q3,9,Asia Pacific,Singapore,Server,Online,325,2218.97,721163.9,490391.45,7546.42,6489.32,1921.32,506348.52,214815.38,29.79
ORD-004235,2025-09-21,2025,Q3,9,Latin America,Chile,Printer,Retail,122,276.03,33675.58,19195.08,1820.8,4948.47,1255.78,27220.14,6455.44,19.17
ORD-001479,2025-09-21,2025,Q3,9,Latin America,Brazil,Desktop,Enterprise,448,783.15,350852.56,210511.54,12642.58,13912.74,9570.06,246636.92,104215.64,29.7
ORD-003463,2025-09-21,2025,Q3,9,Asia Pacific,India,Server,Distributor,118,1943.37,229317.65,155936.0,967.19,5060.19,2863.88,164827.26,64490.39,28.12
ORD-003376,2025-09-21,2025,Q3,9,Middle East,UAE,Laptop,Online,377,1019.17,384228.2,222852.35,11053.5,8979.08,5775.58,248660.52,135567.68,35.28
ORD-001734,2025-09-21,2025,Q3,9,Latin America,Chile,Monitor,Retail,298,305.11,90923.63,50008.0,5183.45,9380.64,4198.48,68770.57,22153.06,24.36
ORD-001665,2025-09-22,2025,Q3,9,Latin America,Brazil,Laptop,Enterprise,373,807.3,301123.43,174651.59,12649.85,10101.92,3182.89,200586.25,100537.18,33.39
ORD-003714,2025-09-22,2025,Q3,9,North America,USA,Server,Enterprise,417,2047.12,853649.65,580481.76,10969.35,6825.8,5524.25,603801.16,249848.49,29.27
ORD-002883,2025-09-22,2025,Q3,9,Europe,France,Desktop,Retail,401,805.65,323064.86,193838.92,10777.87,21839.53,8595.41,235051.72,88013.14,27.24
ORD-002140,2025-09-23,2025,Q3,9,Latin America,Brazil,Laptop,Distributor,299,781.48,233661.77,135523.82,2520.97,10702.94,2976.89,151724.63,81937.14,35.07
ORD-000978,2025-09-23,2025,Q3,9,Middle East,Saudi Arabia,Server,Enterprise,370,2086.14,771872.33,524873.18,12473.23,11736.47,7247.84,556330.72,215541.61,27.92
ORD-002778,2025-09-23,2025,Q3,9,Europe,Spain,Printer,Enterprise,402,259.19,104194.7,59390.98,12533.07,21732.99,7832.88,101489.92,2704.78,2.6
ORD-002719,2025-09-23,2025,Q3,9,Europe,Germany,Tablet,Online,334,570.72,190619.09,99121.93,11456.9,4498.52,6411.71,121489.05,69130.03,36.27
ORD-003457,2025-09-23,2025,Q3,9,Europe,Spain,Server,Online,433,1873.53,811237.87,551641.75,13230.19,15821.04,4795.93,585488.92,225748.96,27.83
ORD-002762,2025-09-24,2025,Q3,9,Asia Pacific,Australia,Printer,Online,399,273.53,109137.45,62208.34,8327.17,17694.88,2326.48,90556.87,18580.57,17.02
ORD-000132,2025-09-24,2025,Q3,9,Europe,France,Monitor,Enterprise,177,264.55,46825.39,25753.96,4489.94,4955.88,3923.04,39122.82,7702.57,16.45
ORD-001724,2025-09-24,2025,Q3,9,Asia Pacific,Australia,Laptop,Distributor,191,1007.31,192397.08,111590.31,5733.08,7663.58,1273.42,126260.39,66136.69,34.38
ORD-002371,2025-09-24,2025,Q3,9,Latin America,Brazil,Tablet,Retail,489,569.63,278550.97,144846.51,13276.45,17193.19,9652.7,184968.85,93582.13,33.6
ORD-001017,2025-09-25,2025,Q3,9,Latin America,Chile,Desktop,Online,235,816.51,191880.32,115128.19,8135.51,11825.82,3694.38,138783.89,53096.43,27.67
ORD-004950,2025-09-25,2025,Q3,9,Asia Pacific,Japan,Tablet,Online,97,571.92,55476.46,28847.76,887.45,1684.78,1107.63,32527.62,22948.84,41.37
ORD-000329,2025-09-25,2025,Q3,9,Europe,UK,Server,Retail,107,2496.08,267080.85,181614.98,1109.75,2166.21,654.88,185545.83,81535.02,30.53
ORD-003407,2025-09-25,2025,Q3,9,Middle East,UAE,Laptop,Retail,429,914.11,392155.07,227449.94,10804.18,4680.19,7207.13,250141.43,142013.63,36.21
ORD-000628,2025-09-25,2025,Q3,9,Europe,France,Server,Online,189,2427.07,458715.66,311926.65,3110.1,3931.37,3393.9,322362.01,136353.65,29.73
ORD-000454,2025-09-25,2025,Q3,9,Middle East,UAE,Server,Online,408,2448.02,998791.6,679178.28,11997.6,16623.2,6482.1,714281.19,284510.4,28.49
ORD-000441,2025-09-25,2025,Q3,9,Latin America,Chile,Monitor,Enterprise,226,255.88,57827.82,31805.3,5957.21,11969.22,3126.2,52857.93,4969.89,8.59
ORD-001183,2025-09-26,2025,Q3,9,Middle East,Saudi Arabia,Desktop,Enterprise,261,748.8,195437.89,117262.73,8499.74,13242.94,5307.92,144313.33,51124.56,26.16
ORD-001378,2025-09-26,2025,Q3,9,North America,Canada,Desktop,Distributor,348,723.25,251690.12,151014.07,10593.91,7409.93,7641.33,176659.25,75030.87,29.81
ORD-003497,2025-09-26,2025,Q3,9,Middle East,Saudi Arabia,Monitor,Distributor,336,259.39,87154.44,47934.94,9165.75,10564.71,8366.98,76032.38,11122.07,12.76
ORD-000319,2025-09-27,2025,Q3,9,Middle East,Saudi Arabia,Desktop,Distributor,32,690.77,22104.76,13262.86,420.78,592.33,538.87,14814.83,7289.93,32.98
ORD-002196,2025-09-28,2025,Q3,9,Latin America,Brazil,Desktop,Distributor,256,640.55,163980.15,98388.09,2862.17,13578.17,1647.85,116476.29,47503.87,28.97
ORD-001445,2025-09-28,2025,Q3,9,Middle East,Qatar,Laptop,Online,25,878.89,21972.34,12743.96,300.81,1468.52,326.87,14840.17,7132.18,32.46
ORD-003751,2025-09-28,2025,Q3,9,Latin America,Brazil,Server,Retail,10,1870.82,18708.2,12721.58,321.26,515.19,136.34,13694.37,5013.83,26.8
ORD-001679,2025-09-28,2025,Q3,9,Latin America,Argentina,Desktop,Enterprise,427,793.77,338938.94,203363.36,14238.65,17527.55,2866.24,237995.81,100943.13,29.78
ORD-002120,2025-09-29,2025,Q3,9,Asia Pacific,Japan,Tablet,Enterprise,34,514.95,17508.24,9104.28,1104.63,1794.15,589.97,12593.04,4915.2,28.07
ORD-004280,2025-09-29,2025,Q3,9,North America,Canada,Server,Distributor,292,2122.69,619825.32,421481.22,3529.59,10826.24,2062.8,437899.84,181925.48,29.35
ORD-003401,2025-09-29,2025,Q3,9,Latin America,Argentina,Monitor,Online,237,288.35,68338.39,37586.11,5308.84,8428.6,1994.03,53317.58,15020.81,21.98
ORD-002584,2025-09-29,2025,Q3,9,Europe,Spain,Printer,Online,127,276.59,35127.19,20022.5,1336.02,3958.6,1325.77,26642.9,8484.29,24.15
ORD-003290,2025-09-30,2025,Q3,9,Europe,UK,Laptop,Distributor,241,1010.66,243569.0,141270.02,8316.98,6920.06,3008.76,159515.82,84053.18,34.51
ORD-000658,2025-09-30,2025,Q3,9,Asia Pacific,Australia,Tablet,Retail,421,489.12,205920.36,107078.59,7270.09,14860.73,7118.61,136328.02,69592.34,33.8
ORD-002494,2025-09-30,2025,Q3,9,Asia Pacific,Japan,Desktop,Online,240,771.11,185066.56,111039.93,5385.87,6770.51,797.02,123993.33,61073.22,33.0
ORD-002151,2025-09-30,2025,Q3,9,Asia Pacific,India,Monitor,Enterprise,387,294.28,113884.58,62636.52,8401.56,13464.56,5866.74,90369.37,23515.2,20.65
ORD-004181,2025-09-30,2025,Q3,9,Asia Pacific,India,Laptop,Online,186,920.92,171290.69,99348.6,4475.21,8864.2,4425.79,117113.8,54176.89,31.63
ORD-003840,2025-09-30,2025,Q3,9,North America,Canada,Laptop,Retail,264,952.58,251482.32,145859.74,5203.98,12327.45,3025.6,166416.77,85065.54,33.83
ORD-004373,2025-09-30,2025,Q3,9,Latin America,Argentina,Desktop,Retail,304,692.62,210556.65,126333.99,8356.81,3175.87,6413.99,144280.65,66276.0,31.48
ORD-002331,2025-10-01,2025,Q4,10,North America,Canada,Laptop,Distributor,53,1016.41,53869.58,31244.36,825.34,962.51,1132.37,34164.57,19705.01,36.58
ORD-000878,2025-10-01,2025,Q4,10,Middle East,Saudi Arabia,Printer,Online,475,271.7,129059.33,73563.82,13723.38,4888.24,9061.6,101237.04,27822.29,21.56
ORD-003440,2025-10-01,2025,Q4,10,North America,USA,Tablet,Distributor,335,501.91,168138.91,87432.23,10342.21,9100.9,4159.67,111035.02,57103.89,33.96
ORD-000217,2025-10-01,2025,Q4,10,North America,USA,Server,Distributor,179,2128.32,380968.89,259058.85,4205.77,6709.27,2891.48,272865.37,108103.53,28.38
ORD-003696,2025-10-01,2025,Q4,10,Europe,Germany,Server,Retail,284,2100.33,596494.26,405616.1,4282.72,2960.41,1955.33,414814.56,181679.7,30.46
ORD-000179,2025-10-02,2025,Q4,10,North America,USA,Tablet,Distributor,156,524.81,81870.11,42572.46,4926.98,4887.76,677.74,53064.94,28805.17,35.18
ORD-002124,2025-10-02,2025,Q4,10,Europe,UK,Server,Retail,497,2027.46,1007645.9,685199.21,12452.52,17755.52,10243.27,725650.53,281995.37,27.99
ORD-004419,2025-10-02,2025,Q4,10,Middle East,Saudi Arabia,Desktop,Enterprise,402,660.74,265616.47,159369.88,7284.19,19759.54,9010.26,195423.87,70192.6,26.43
ORD-004213,2025-10-03,2025,Q4,10,Asia Pacific,Singapore,Monitor,Distributor,36,273.87,9859.36,5422.65,376.02,412.25,803.4,7014.32,2845.03,28.86
ORD-001818,2025-10-03,2025,Q4,10,Asia Pacific,Japan,Desktop,Retail,465,652.57,303446.29,182067.77,7931.13,12343.12,9810.58,212152.6,91293.68,30.09
ORD-000146,2025-10-03,2025,Q4,10,Europe,Spain,Printer,Retail,255,239.69,61119.84,34838.31,6097.75,9847.14,1124.93,51908.13,9211.71,15.07
ORD-000102,2025-10-04,2025,Q4,10,Asia Pacific,Singapore,Desktop,Online,226,774.46,175026.89,105016.14,6074.09,12397.08,1480.92,124968.23,50058.66,28.6
ORD-003682,2025-10-04,2025,Q4,10,Latin America,Chile,Server,Enterprise,292,2307.16,673691.39,458110.14,5102.48,17208.99,1310.88,481732.49,191958.9,28.49
ORD-001624,2025-10-05,2025,Q4,10,Middle East,Saudi Arabia,Laptop,Enterprise,133,836.07,111197.63,64494.62,1141.47,6524.42,1453.18,73613.69,37583.94,33.8
ORD-003262,2025-10-05,2025,Q4,10,Asia Pacific,Singapore,Server,Online,136,1923.17,261551.14,177854.77,2426.59,5422.26,1245.44,186949.06,74602.08,28.52
ORD-004532,2025-10-05,2025,Q4,10,Middle East,UAE,Laptop,Online,297,983.37,292061.19,169395.49,8506.92,10235.01,3788.87,191926.3,100134.9,34.29
ORD-002873,2025-10-05,2025,Q4,10,Asia Pacific,Japan,Desktop,Enterprise,141,741.67,104575.35,62745.21,1771.01,8214.46,1306.06,74036.74,30538.61,29.2
ORD-003505,2025-10-05,2025,Q4,10,Latin America,Chile,Laptop,Online,384,823.18,316102.36,183339.37,11153.27,9448.23,4731.2,208672.07,107430.29,33.99
ORD-003338,2025-10-06,2025,Q4,10,Middle East,Qatar,Monitor,Distributor,304,322.54,98051.79,53928.48,7284.18,12117.81,3045.0,76375.47,21676.32,22.11
ORD-002286,2025-10-06,2025,Q4,10,Asia Pacific,Japan,Laptop,Online,339,832.86,282337.85,163755.96,10002.03,15170.42,6198.52,195126.92,87210.94,30.89
ORD-000635,2025-10-06,2025,Q4,10,Latin America,Argentina,Monitor,Distributor,182,270.58,49244.75,27084.62,3557.77,3410.48,2875.73,36928.59,12316.17,25.01
ORD-004735,2025-10-07,2025,Q4,10,Europe,Germany,Monitor,Enterprise,421,344.77,145147.49,79831.12,6586.66,21427.73,3976.69,111822.2,33325.29,22.96
ORD-000128,2025-10-07,2025,Q4,10,Europe,Germany,Printer,Online,390,271.6,105923.82,60376.58,13439.2,3901.9,9099.34,86817.02,19106.8,18.04
ORD-002576,2025-10-07,2025,Q4,10,Europe,Italy,Desktop,Online,73,801.49,58508.85,35105.31,2485.51,1644.42,1484.42,40719.66,17789.19,30.4
ORD-000722,2025-10-07,2025,Q4,10,Europe,Spain,Tablet,Online,152,523.25,79533.56,41357.45,3241.39,5273.07,3285.32,53157.23,26376.33,33.16
ORD-002290,2025-10-07,2025,Q4,10,Asia Pacific,Singapore,Monitor,Online,308,343.96,105940.56,58267.31,6109.96,6528.56,4038.41,74944.23,30996.33,29.26
ORD-001006,2025-10-07,2025,Q4,10,North America,USA,Server,Distributor,274,2162.71,592582.79,402956.3,7208.43,9261.45,4318.3,423744.48,168838.31,28.49
ORD-003394,2025-10-07,2025,Q4,10,North America,USA,Server,Enterprise,85,1898.12,161340.61,109711.61,1928.78,2520.04,1901.37,116061.8,45278.81,28.06
ORD-002344,2025-10-07,2025,Q4,10,Middle East,Qatar,Monitor,Online,226,300.3,67867.33,37327.03,5071.24,6887.43,5419.1,54704.8,13162.53,19.39
ORD-000031,2025-10-08,2025,Q4,10,North America,USA,Laptop,Retail,199,883.49,175814.68,101972.51,4952.5,2020.19,3785.49,112730.7,63083.98,35.88
ORD-001983,2025-10-08,2025,Q4,10,Asia Pacific,Australia,Monitor,Enterprise,283,260.45,73707.72,40539.25,5154.25,15799.78,6601.88,68095.16,5612.56,7.61
ORD-002684,2025-10-08,2025,Q4,10,Europe,France,Tablet,Enterprise,288,443.98,127866.39,66490.52,2992.78,9297.64,6893.46,85674.41,42191.98,33.0
ORD-000077,2025-10-09,2025,Q4,10,Asia Pacific,Singapore,Printer,Retail,277,302.6,83821.35,47778.17,3423.55,14632.22,2964.79,68798.73,15022.62,17.92
ORD-001692,2025-10-09,2025,Q4,10,Asia Pacific,Japan,Laptop,Distributor,193,855.61,165132.4,95776.79,3850.05,4231.08,3904.92,107762.84,57369.55,34.74
ORD-002691,2025-10-09,2025,Q4,10,Asia Pacific,Australia,Server,Distributor,381,2163.88,824437.6,560617.57,7019.51,7833.2,2786.72,578256.99,246180.61,29.86
ORD-003310,2025-10-10,2025,Q4,10,Latin America,Brazil,Server,Enterprise,370,2408.73,891228.91,606035.66,3739.51,14422.53,2743.81,626941.51,264287.4,29.65
ORD-004284,2025-10-10,2025,Q4,10,Europe,France,Tablet,Online,456,549.63,250629.82,130327.5,3751.52,12846.13,6617.67,153542.83,97086.98,38.74
ORD-003881,2025-10-10,2025,Q4,10,North America,USA,Tablet,Retail,245,520.17,127442.85,66270.28,8429.66,3287.59,1100.45,79087.99,48354.86,37.94
ORD-004736,2025-10-10,2025,Q4,10,Europe,Spain,Printer,Online,337,272.1,91696.24,52266.86,11785.63,6217.11,1630.54,71900.13,19796.11,21.59
ORD-000136,2025-10-10,2025,Q4,10,Europe,Spain,Tablet,Online,391,513.92,200941.0,104489.32,8693.46,7064.74,6367.78,126615.3,74325.7,36.99
ORD-002272,2025-10-10,2025,Q4,10,Asia Pacific,Australia,Desktop,Online,29,816.91,23690.37,14214.22,401.42,1467.92,679.77,16763.33,6927.04,29.24
ORD-002805,2025-10-10,2025,Q4,10,Asia Pacific,Singapore,Laptop,Enterprise,298,1012.12,301610.88,174934.31,5213.46,13744.5,1145.97,195038.24,106572.64,35.33
ORD-001671,2025-10-11,2025,Q4,10,North America,Mexico,Printer,Enterprise,170,242.28,41187.95,23477.13,1444.95,6775.27,706.38,32403.73,8784.22,21.33
ORD-003547,2025-10-11,2025,Q4,10,Middle East,Saudi Arabia,Desktop,Enterprise,15,723.25,10848.74,6509.24,513.28,801.59,130.51,7954.62,2894.11,26.68
ORD-001854,2025-10-11,2025,Q4,10,Europe,UK,Printer,Retail,217,278.79,60498.15,34483.95,3740.62,3800.53,3017.49,45042.59,15455.56,25.55
ORD-004522,2025-10-11,2025,Q4,10,Asia Pacific,Australia,Monitor,Enterprise,362,298.51,108060.59,59433.33,6823.66,15831.67,8690.27,90778.92,17281.67,15.99
ORD-003748,2025-10-11,2025,Q4,10,North America,Mexico,Monitor,Online,422,317.6,134026.9,73714.79,5104.85,13050.94,7810.41,99680.99,34345.91,25.63
ORD-003011,2025-10-12,2025,Q4,10,Asia Pacific,Australia,Desktop,Enterprise,270,862.39,232845.16,139707.1,8292.91,16033.68,2280.06,166313.75,66531.41,28.57
ORD-003642,2025-10-12,2025,Q4,10,Middle East,UAE,Monitor,Enterprise,157,307.32,48249.39,26537.16,1595.87,3324.77,950.54,32408.34,15841.05,32.83
ORD-004478,2025-10-13,2025,Q4,10,North America,USA,Server,Retail,193,2359.06,455297.72,309602.45,4100.22,8945.93,724.42,323373.02,131924.7,28.98
ORD-001951,2025-10-13,2025,Q4,10,North America,Canada,Printer,Enterprise,10,269.76,2697.61,1537.64,119.23,544.41,233.88,2435.15,262.46,9.73
ORD-004818,2025-10-14,2025,Q4,10,North America,Mexico,Laptop,Distributor,403,777.1,313172.59,181640.1,3604.63,20922.62,5305.82,211473.17,101699.42,32.47
ORD-004443,2025-10-14,2025,Q4,10,Europe,Germany,Laptop,Enterprise,328,877.84,287932.56,167000.89,4801.58,9790.82,2033.09,183626.37,104306.19,36.23
ORD-004264,2025-10-14,2025,Q4,10,Europe,Spain,Desktop,Distributor,87,686.35,59712.53,35827.52,3030.74,4942.54,1872.8,45673.6,14038.92,23.51
ORD-000468,2025-10-14,2025,Q4,10,North America,Mexico,Desktop,Online,242,848.73,205392.02,123235.21,2328.19,4971.81,5921.22,136456.43,68935.6,33.56
ORD-002451,2025-10-14,2025,Q4,10,Europe,France,Printer,Online,420,262.79,110371.46,62911.73,8835.95,19643.86,5564.96,96956.51,13414.95,12.15
ORD-003387,2025-10-14,2025,Q4,10,North America,Canada,Desktop,Enterprise,458,749.7,343361.92,206017.15,11652.03,5227.54,9352.81,232249.53,111112.38,32.36
ORD-003947,2025-10-15,2025,Q4,10,Asia Pacific,Singapore,Monitor,Distributor,368,297.4,109443.97,60194.18,12817.92,9659.21,4212.61,86883.92,22560.05,20.61
ORD-000285,2025-10-15,2025,Q4,10,Latin America,Brazil,Desktop,Online,428,834.25,357058.57,214235.14,7597.6,5063.87,4336.89,231233.51,125825.06,35.24
ORD-000743,2025-10-15,2025,Q4,10,North America,Canada,Monitor,Online,324,275.98,89416.32,49178.97,10819.26,7433.16,1026.82,68458.21,20958.1,23.44
ORD-003673,2025-10-15,2025,Q4,10,North America,USA,Printer,Distributor,444,298.8,132667.42,75620.43,8609.28,23014.75,3280.98,110525.45,22141.97,16.69
ORD-002501,2025-10-16,2025,Q4,10,Latin America,Brazil,Desktop,Online,42,842.53,35386.17,21231.7,862.28,848.59,642.85,23585.42,11800.75,33.35
ORD-004057,2025-10-16,2025,Q4,10,Europe,UK,Server,Distributor,286,2371.95,678377.9,461296.97,3664.97,7825.14,2593.65,475380.72,202997.18,29.92
ORD-000316,2025-10-17,2025,Q4,10,Latin America,Argentina,Laptop,Online,392,940.12,368528.05,213746.27,6164.88,13041.33,7698.77,240651.25,127876.8,34.7
ORD-004203,2025-10-17,2025,Q4,10,North America,Canada,Server,Online,413,2264.63,935290.18,635997.32,5684.25,11433.99,5519.38,658634.94,276655.24,29.58
ORD-000494,2025-10-17,2025,Q4,10,Middle East,Saudi Arabia,Laptop,Retail,427,941.21,401896.67,233100.07,3583.04,16477.23,2663.85,255824.19,146072.48,36.35
ORD-004328,2025-10-17,2025,Q4,10,North America,Canada,Monitor,Retail,414,290.88,120425.36,66233.95,12424.39,24439.59,5936.0,109033.92,11391.43,9.46
ORD-001728,2025-10-18,2025,Q4,10,Asia Pacific,Singapore,Tablet,Retail,211,508.91,107380.48,55837.85,7071.87,11295.0,5252.82,79457.53,27922.95,26.0
ORD-004047,2025-10-18,2025,Q4,10,North America,Mexico,Tablet,Online,291,548.2,159527.44,82954.27,9763.31,10940.67,5792.26,109450.5,50076.94,31.39
ORD-000320,2025-10-18,2025,Q4,10,North America,USA,Laptop,Retail,134,885.05,118597.23,68786.4,2408.49,7145.23,970.98,79311.09,39286.14,33.13
ORD-003256,2025-10-18,2025,Q4,10,Asia Pacific,Australia,Laptop,Enterprise,409,768.61,314362.14,182330.04,5734.29,21393.7,9443.72,218901.75,95460.38,30.37
ORD-002620,2025-10-18,2025,Q4,10,Europe,France,Tablet,Online,42,425.85,17885.75,9300.59,496.86,1307.89,862.4,11967.74,5918.01,33.09
ORD-003556,2025-10-19,2025,Q4,10,North America,Mexico,Laptop,Online,18,886.67,15960.14,9256.88,326.67,425.89,332.29,10341.73,5618.41,35.2
ORD-000444,2025-10-19,2025,Q4,10,Middle East,UAE,Desktop,Distributor,333,778.99,259403.32,155641.99,3676.86,17724.52,2789.94,179833.31,79570.01,30.67
ORD-004123,2025-10-19,2025,Q4,10,Europe,UK,Tablet,Retail,474,428.43,203076.86,105599.97,13208.45,20326.89,4879.69,144015.0,59061.86,29.08
ORD-004650,2025-10-19,2025,Q4,10,Asia Pacific,Australia,Tablet,Online,298,570.3,169949.02,88373.49,4988.46,15949.41,995.85,110307.21,59641.81,35.09
ORD-003474,2025-10-19,2025,Q4,10,North America,USA,Laptop,Online,368,1002.72,369002.33,214021.35,11799.56,16024.76,3900.98,245746.65,123255.68,33.4
ORD-002419,2025-10-20,2025,Q4,10,Latin America,Brazil,Desktop,Enterprise,171,820.88,140370.34,84222.2,1411.18,6735.51,1387.69,93756.58,46613.75,33.21
ORD-000238,2025-10-20,2025,Q4,10,Latin America,Argentina,Tablet,Distributor,122,520.65,63519.26,33030.01,4154.29,3304.21,456.63,40945.15,22574.1,35.54
ORD-003146,2025-10-20,2025,Q4,10,North America,USA,Desktop,Online,276,697.58,192532.71,115519.62,6118.53,7605.17,1234.88,130478.19,62054.51,32.23
ORD-003466,2025-10-20,2025,Q4,10,North America,Mexico,Laptop,Retail,25,934.02,23350.44,13543.25,833.57,1182.15,324.25,15883.22,7467.21,31.98
ORD-002734,2025-10-21,2025,Q4,10,North America,Canada,Tablet,Distributor,399,506.26,201996.29,105038.07,6462.0,11094.76,3284.46,125879.28,76117.0,37.68
ORD-002095,2025-10-21,2025,Q4,10,North America,Mexico,Monitor,Online,463,292.09,135237.72,74380.75,11103.59,19542.29,5861.79,110888.41,24349.31,18.0
ORD-000168,2025-10-21,2025,Q4,10,Latin America,Chile,Monitor,Online,375,344.47,129174.93,71046.21,4213.58,21164.28,1373.65,97797.73,31377.2,24.29
ORD-003786,2025-10-21,2025,Q4,10,North America,Canada,Server,Distributor,84,2026.16,170197.62,115734.38,1514.08,2297.09,318.69,119864.25,50333.38,29.57
ORD-003690,2025-10-21,2025,Q4,10,Asia Pacific,Australia,Laptop,Enterprise,433,953.66,412934.68,239502.12,12834.62,19483.53,9552.28,281372.56,131562.13,31.86
ORD-003081,2025-10-22,2025,Q4,10,Latin America,Chile,Monitor,Online,131,330.06,43238.34,23781.09,2765.96,6613.06,2504.91,35665.01,7573.32,17.52
ORD-001666,2025-10-22,2025,Q4,10,Middle East,UAE,Server,Online,265,2059.71,545824.23,371160.48,5110.2,10710.56,1745.89,388727.14,157097.1,28.78
ORD-003868,2025-10-22,2025,Q4,10,Latin America,Brazil,Laptop,Retail,172,845.15,145366.11,84312.35,5378.8,2692.17,4003.19,96386.51,48979.61,33.69
ORD-003014,2025-10-22,2025,Q4,10,North America,Canada,Server,Retail,17,1914.0,32537.93,22125.79,581.2,577.86,126.77,23411.63,9126.31,28.05
ORD-001067,2025-10-22,2025,Q4,10,North America,Canada,Server,Retail,469,2241.85,1051425.51,714969.35,10138.39,7605.29,10621.59,743334.62,308090.89,29.3
ORD-001980,2025-10-22,2025,Q4,10,Latin America,Chile,Desktop,Distributor,208,794.79,165316.28,99189.77,4122.79,9637.98,4136.62,117087.15,48229.13,29.17
ORD-000864,2025-10-22,2025,Q4,10,Latin America,Brazil,Monitor,Retail,108,272.75,29456.71,16201.19,3779.22,6406.33,1982.94,28369.69,1087.02,3.69
ORD-001853,2025-10-22,2025,Q4,10,Europe,Italy,Desktop,Online,229,689.58,157913.14,94747.89,5390.14,13425.99,5164.72,118728.74,39184.4,24.81
ORD-004387,2025-10-22,2025,Q4,10,Asia Pacific,India,Server,Distributor,126,2150.15,270919.47,184225.24,2294.86,6818.91,1481.24,194820.24,76099.22,28.09
ORD-002404,2025-10-22,2025,Q4,10,Asia Pacific,Australia,Server,Retail,201,2039.27,409892.35,278726.8,5341.68,8640.23,1837.75,294546.45,115345.9,28.14
ORD-003995,2025-10-22,2025,Q4,10,Europe,Germany,Monitor,Retail,115,317.76,36542.7,20098.49,2325.21,4673.02,1822.86,28919.58,7623.12,20.86
ORD-001667,2025-10-23,2025,Q4,10,Asia Pacific,Australia,Tablet,Retail,116,474.19,55005.8,28603.02,1910.51,5451.04,1209.25,37173.81,17831.99,32.42
ORD-001412,2025-10-23,2025,Q4,10,North America,Canada,Monitor,Retail,449,310.87,139581.69,76769.93,4322.5,8202.35,7984.05,97278.84,42302.86,30.31
ORD-003374,2025-10-23,2025,Q4,10,Europe,Italy,Tablet,Online,255,555.92,141758.56,73714.45,5167.3,12098.84,5743.99,96724.58,45033.98,31.77
ORD-002362,2025-10-23,2025,Q4,10,Asia Pacific,Singapore,Monitor,Online,183,261.66,47883.52,26335.93,4889.38,7805.4,714.78,39745.49,8138.03,17.0
ORD-000890,2025-10-23,2025,Q4,10,North America,Mexico,Desktop,Retail,219,694.65,152127.73,91276.64,3822.25,3967.4,3137.38,102203.66,49924.07,32.82
ORD-003397,2025-10-23,2025,Q4,10,North America,Mexico,Monitor,Online,47,325.51,15298.93,8414.41,1606.59,1434.87,1090.5,12546.37,2752.56,17.99
ORD-003235,2025-10-23,2025,Q4,10,North America,Mexico,Laptop,Online,295,786.7,232076.74,134604.51,7242.49,11692.78,4612.29,158152.06,73924.67,31.85
ORD-000703,2025-10-23,2025,Q4,10,Europe,Germany,Desktop,Retail,161,743.21,119657.59,71794.56,2020.75,5830.32,485.3,80130.93,39526.66,33.03
ORD-004705,2025-10-23,2025,Q4,10,Latin America,Brazil,Laptop,Retail,482,843.51,406572.13,235811.84,11347.26,7692.26,8120.62,262971.97,143600.16,35.32
ORD-001715,2025-10-23,2025,Q4,10,Europe,Italy,Monitor,Enterprise,40,284.81,11392.5,6265.88,1108.21,1559.79,676.02,9609.9,1782.6,15.65
ORD-001989,2025-10-23,2025,Q4,10,Europe,Italy,Desktop,Distributor,137,640.8,87789.99,52673.99,3393.94,6901.43,2049.69,65019.06,22770.93,25.94
ORD-004718,2025-10-24,2025,Q4,10,North America,Canada,Laptop,Online,356,843.69,300353.99,174205.31,8649.53,18290.08,3600.66,204745.58,95608.41,31.83
ORD-004914,2025-10-24,2025,Q4,10,Europe,Spain,Server,Distributor,78,2146.94,167460.96,113873.45,1179.43,4237.55,1322.47,120612.91,46848.05,27.98
ORD-004382,2025-10-24,2025,Q4,10,Middle East,Qatar,Server,Online,439,1935.75,849794.41,577860.2,13702.82,22757.11,5662.49,619982.62,229811.8,27.04
ORD-004130,2025-10-24,2025,Q4,10,Europe,Italy,Server,Retail,219,2257.8,494458.23,336231.6,7255.13,10952.65,2826.35,357265.73,137192.5,27.75
ORD-001812,2025-10-24,2025,Q4,10,Europe,UK,Monitor,Distributor,156,279.92,43667.13,24016.92,3611.99,1583.46,1091.38,30303.76,13363.37,30.6
ORD-000407,2025-10-24,2025,Q4,10,Europe,UK,Laptop,Online,26,928.46,24140.08,14001.25,585.67,711.39,365.79,15664.1,8475.98,35.11
ORD-001984,2025-10-24,2025,Q4,10,Latin America,Brazil,Desktop,Online,147,683.22,100433.59,60260.15,1342.49,8454.07,3001.72,73058.43,27375.16,27.26
ORD-001033,2025-10-25,2025,Q4,10,Latin America,Chile,Monitor,Enterprise,123,303.21,37294.81,20512.15,2195.64,7034.9,2088.48,31831.17,5463.65,14.65
ORD-000883,2025-10-25,2025,Q4,10,Europe,Germany,Monitor,Online,403,326.84,131716.96,72444.33,9517.65,23707.99,9826.2,115496.16,16220.8,12.31
ORD-001917,2025-10-25,2025,Q4,10,Europe,France,Monitor,Enterprise,379,320.49,121465.93,66806.26,6463.08,8135.14,6825.01,88229.49,33236.44,27.36
ORD-002075,2025-10-25,2025,Q4,10,Europe,UK,Laptop,Retail,479,906.86,434386.54,251944.2,11821.08,8256.5,4417.15,276438.92,157947.62,36.36
ORD-001653,2025-10-25,2025,Q4,10,Latin America,Argentina,Laptop,Enterprise,282,909.64,256517.53,148780.16,4622.8,9110.1,4321.98,166835.04,89682.48,34.96
ORD-000139,2025-10-25,2025,Q4,10,Europe,Italy,Tablet,Retail,173,511.73,88529.41,46035.29,2743.67,6872.7,596.38,56248.04,32281.37,36.46
ORD-004834,2025-10-26,2025,Q4,10,Europe,Italy,Server,Retail,25,2091.26,52281.59,35551.48,864.75,586.53,87.49,37090.25,15191.34,29.06
ORD-000788,2025-10-26,2025,Q4,10,Europe,Germany,Laptop,Distributor,481,975.39,469160.58,272113.14,14913.4,28544.26,2779.86,318350.66,150809.92,32.14
ORD-001587,2025-10-26,2025,Q4,10,North America,USA,Desktop,Enterprise,65,801.12,52072.51,31243.51,633.67,1857.54,685.77,34420.49,17652.02,33.9
ORD-002851,2025-10-26,2025,Q4,10,Latin America,Argentina,Tablet,Enterprise,149,512.78,76404.72,39730.45,1546.59,2332.64,1386.34,44996.02,31408.7,41.11
ORD-000989,2025-10-27,2025,Q4,10,Asia Pacific,India,Tablet,Online,141,458.18,64603.77,33593.96,4270.92,7315.76,1215.44,46396.08,18207.69,28.18
ORD-004463,2025-10-27,2025,Q4,10,North America,Mexico,Desktop,Online,200,652.11,130422.86,78253.72,5157.73,3938.14,3016.33,90365.91,40056.95,30.71
ORD-002634,2025-10-27,2025,Q4,10,Europe,Italy,Laptop,Enterprise,259,892.85,231248.53,134124.15,2918.37,14229.99,4759.65,156032.15,75216.38,32.53
ORD-000891,2025-10-27,2025,Q4,10,North America,Mexico,Desktop,Online,109,747.26,81450.87,48870.52,1596.36,3580.89,1958.51,56006.29,25444.58,31.24
ORD-000666,2025-10-27,2025,Q4,10,North America,Canada,Monitor,Retail,362,278.4,100781.56,55429.86,8596.07,6337.21,8154.36,78517.51,22264.06,22.09
ORD-000624,2025-10-28,2025,Q4,10,Asia Pacific,Australia,Monitor,Enterprise,475,269.48,128003.62,70401.99,15455.54,25193.94,1707.56,112759.02,15244.6,11.91
ORD-002513,2025-10-28,2025,Q4,10,Europe,France,Monitor,Retail,127,258.89,32878.81,18083.34,2200.92,4560.92,875.94,25721.12,7157.68,21.77
ORD-002983,2025-10-28,2025,Q4,10,Asia Pacific,Singapore,Printer,Online,195,310.63,60572.74,34526.46,1700.35,4026.77,4646.34,44899.93,15672.82,25.87
ORD-003456,2025-10-29,2025,Q4,10,North America,Mexico,Server,Online,277,2250.87,623489.7,423973.0,4021.44,16448.86,2270.03,446713.33,176776.38,28.35
ORD-002761,2025-10-29,2025,Q4,10,Europe,Germany,Tablet,Distributor,347,477.55,165708.27,86168.3,8991.96,8126.66,7150.13,110437.05,55271.22,33.35
ORD-000503,2025-10-29,2025,Q4,10,North America,Mexico,Printer,Enterprise,401,305.73,122598.39,69881.08,9480.98,6596.7,8422.09,94380.85,28217.53,23.02
ORD-003917,2025-10-29,2025,Q4,10,Middle East,UAE,Tablet,Online,326,470.61,153417.53,79777.12,7805.72,16267.97,2325.6,106176.41,47241.12,30.79
ORD-001531,2025-10-30,2025,Q4,10,Asia Pacific,Australia,Desktop,Online,280,808.36,226341.89,135805.13,2937.17,15787.21,6858.18,161387.7,64954.19,28.7
ORD-003211,2025-10-30,2025,Q4,10,North America,USA,Server,Retail,109,2400.49,261653.21,177924.18,2858.54,3883.39,2715.72,187381.82,74271.39,28.39
ORD-004886,2025-10-30,2025,Q4,10,North America,Canada,Monitor,Enterprise,69,282.28,19477.27,10712.5,1993.45,3682.84,264.89,16653.68,2823.6,14.5
ORD-003972,2025-10-31,2025,Q4,10,Middle East,Qatar,Server,Online,17,2407.63,40929.66,27832.17,264.8,393.49,147.65,28638.11,12291.55,30.03
ORD-001723,2025-10-31,2025,Q4,10,Latin America,Brazil,Printer,Online,463,248.12,114877.5,65480.18,6205.23,17307.75,2302.88,91296.03,23581.47,20.53
ORD-002277,2025-10-31,2025,Q4,10,Europe,France,Printer,Online,366,285.25,104401.85,59509.06,2983.57,12402.82,8225.71,83121.16,21280.69,20.38
ORD-000909,2025-10-31,2025,Q4,10,Europe,Germany,Desktop,Retail,287,707.05,202922.34,121753.4,4425.94,6267.48,5043.46,137490.28,65432.06,32.24
ORD-001621,2025-10-31,2025,Q4,10,Latin America,Chile,Monitor,Online,221,257.67,56944.53,31319.49,2255.42,5931.37,1850.41,41356.68,15587.85,27.37
ORD-003514,2025-11-01,2025,Q4,11,Asia Pacific,Japan,Laptop,Retail,286,928.08,265429.93,153949.36,2981.03,7818.17,7079.97,171828.54,93601.39,35.26
ORD-003388,2025-11-02,2025,Q4,11,Europe,France,Monitor,Online,89,337.64,30049.85,16527.42,3076.31,3525.51,1116.04,24245.27,5804.58,19.32
ORD-002152,2025-11-02,2025,Q4,11,North America,USA,Printer,Online,240,267.43,64182.88,36584.24,6661.41,7153.47,3412.7,53811.83,10371.05,16.16
ORD-002539,2025-11-02,2025,Q4,11,Europe,Spain,Tablet,Distributor,323,555.22,179335.2,93254.3,8275.07,17968.2,5411.52,124909.1,54426.1,30.35
ORD-000626,2025-11-02,2025,Q4,11,Middle East,UAE,Laptop,Retail,142,925.61,131437.16,76233.55,4394.76,7020.06,1538.71,89187.08,42250.08,32.14
ORD-000486,2025-11-02,2025,Q4,11,Europe,Spain,Laptop,Distributor,437,998.39,436296.22,253051.81,12297.72,17042.49,6871.84,289263.86,147032.36,33.7
ORD-001808,2025-11-02,2025,Q4,11,Europe,Spain,Tablet,Online,451,506.24,228313.62,118723.08,8315.98,25482.77,1977.08,154498.91,73814.71,32.33
ORD-001231,2025-11-02,2025,Q4,11,Europe,Germany,Monitor,Retail,463,275.75,127672.72,70220.0,5597.53,16413.5,9608.98,101840.01,25832.72,20.23
ORD-001863,2025-11-02,2025,Q4,11,Middle East,Qatar,Monitor,Retail,487,309.84,150893.41,82991.38,10378.53,11079.94,12037.82,116487.67,34405.75,22.8
ORD-002383,2025-11-03,2025,Q4,11,Middle East,UAE,Tablet,Retail,38,495.95,18846.03,9799.93,810.01,1253.85,828.52,12692.3,6153.72,32.65
ORD-001664,2025-11-03,2025,Q4,11,North America,Canada,Server,Enterprise,22,2041.34,44909.58,30538.51,218.76,820.51,146.17,31723.95,13185.63,29.36
ORD-001358,2025-11-03,2025,Q4,11,Latin America,Chile,Printer,Enterprise,487,320.8,156231.78,89052.12,13344.03,27408.72,8142.55,137947.41,18284.37,11.7
ORD-004527,2025-11-03,2025,Q4,11,Europe,Italy,Tablet,Retail,466,434.51,202483.15,105291.24,10325.44,7188.57,8084.32,130889.57,71593.58,35.36
ORD-000569,2025-11-04,2025,Q4,11,North America,Mexico,Tablet,Online,37,470.35,17403.13,9049.63,596.04,1047.34,535.14,11228.15,6174.98,35.48
ORD-003132,2025-11-04,2025,Q4,11,Europe,Germany,Monitor,Distributor,69,305.07,21049.65,11577.31,2005.18,2705.71,1377.66,17665.85,3383.8,16.08
ORD-002590,2025-11-04,2025,Q4,11,Asia Pacific,Japan,Monitor,Distributor,18,267.84,4821.17,2651.65,325.05,246.12,211.42,3434.24,1386.93,28.77
ORD-004029,2025-11-04,2025,Q4,11,Middle East,Qatar,Desktop,Distributor,428,701.7,300328.1,180196.86,11805.16,23239.45,4688.52,219929.98,80398.11,26.77
ORD-004969,2025-11-04,2025,Q4,11,North America,USA,Laptop,Online,270,1034.44,279299.86,161993.92,5837.01,2745.81,2788.37,173365.11,105934.75,37.93
ORD-003411,2025-11-04,2025,Q4,11,North America,Canada,Desktop,Retail,14,810.63,11348.82,6809.29,429.8,142.0,190.03,7571.12,3777.7,33.29
ORD-004367,2025-11-04,2025,Q4,11,Middle East,UAE,Tablet,Retail,433,516.29,223555.27,116248.74,10230.83,9975.47,4347.06,140802.1,82753.17,37.02
ORD-001245,2025-11-05,2025,Q4,11,Middle East,Qatar,Tablet,Enterprise,296,464.36,137451.89,71474.98,7609.37,11624.35,6134.83,96843.53,40608.36,29.54
ORD-004061,2025-11-05,2025,Q4,11,North America,Mexico,Server,Enterprise,147,1927.74,283377.96,192697.01,1696.68,1850.82,1304.32,197548.83,85829.13,30.29
ORD-002832,2025-11-05,2025,Q4,11,Asia Pacific,Australia,Printer,Online,444,244.21,108429.5,61804.82,11492.35,19235.55,10048.67,102581.39,5848.12,5.39
ORD-001026,2025-11-06,2025,Q4,11,Middle East,Saudi Arabia,Server,Retail,437,1881.68,822292.7,559159.04,7360.18,23562.77,3453.34,593535.32,228757.38,27.82
ORD-000399,2025-11-06,2025,Q4,11,Europe,France,Tablet,Online,105,501.2,52626.43,27365.74,1652.26,3257.42,888.09,33163.51,19462.92,36.98
ORD-000506,2025-11-06,2025,Q4,11,North America,Mexico,Monitor,Distributor,300,338.06,101418.73,55780.3,8328.44,9242.05,5613.6,78964.39,22454.34,22.14
ORD-002377,2025-11-06,2025,Q4,11,Latin America,Brazil,Tablet,Online,345,525.73,181375.91,94315.48,9254.47,16277.85,1542.41,121390.21,59985.7,33.07
ORD-000554,2025-11-07,2025,Q4,11,North America,Mexico,Desktop,Online,385,698.46,268906.08,161343.65,13392.58,4123.92,6683.77,185543.92,83362.17,31.0
ORD-004041,2025-11-08,2025,Q4,11,Asia Pacific,India,Monitor,Distributor,86,263.48,22659.3,12462.61,1393.82,4864.85,780.98,19502.26,3157.03,13.93
ORD-001768,2025-11-08,2025,Q4,11,Europe,Germany,Server,Online,387,2413.91,934181.44,635243.38,5601.16,5215.0,2448.57,648508.11,285673.33,30.58
ORD-003563,2025-11-08,2025,Q4,11,North America,Canada,Printer,Online,490,312.33,153042.1,87234.0,14133.02,25439.62,9149.28,135955.92,17086.18,11.16
ORD-003781,2025-11-09,2025,Q4,11,Middle East,Qatar,Tablet,Online,400,549.98,219992.81,114396.26,11757.3,14046.51,5460.86,145660.93,74331.88,33.79
ORD-002230,2025-11-09,2025,Q4,11,Latin America,Brazil,Monitor,Enterprise,344,317.58,109248.0,60086.4,4345.9,8785.04,4419.05,77636.39,31611.61,28.94
ORD-002540,2025-11-09,2025,Q4,11,Europe,Spain,Monitor,Online,265,321.08,85087.41,46798.08,2498.05,8555.1,5810.1,63661.32,21426.09,25.18
ORD-003318,2025-11-10,2025,Q4,11,North America,Mexico,Server,Retail,181,1965.03,355670.45,241855.9,6130.35,5136.82,729.73,253852.8,101817.64,28.63
ORD-003061,2025-11-10,2025,Q4,11,North America,Canada,Tablet,Distributor,120,490.55,58865.49,30610.05,1192.92,5748.76,2510.04,40061.78,18803.71,31.94
ORD-002220,2025-11-10,2025,Q4,11,Europe,UK,Printer,Retail,129,312.4,40299.74,22970.85,2201.01,2169.66,1626.67,28968.2,11331.54,28.12
ORD-004729,2025-11-10,2025,Q4,11,North America,Mexico,Laptop,Enterprise,27,934.35,25227.37,14631.88,751.4,986.7,231.19,16601.18,8626.2,34.19
ORD-003057,2025-11-11,2025,Q4,11,Europe,Italy,Desktop,Retail,317,687.28,217867.72,130720.63,4995.37,10881.59,1323.05,147920.64,69947.08,32.11
ORD-003199,2025-11-11,2025,Q4,11,Europe,Germany,Tablet,Enterprise,316,523.49,165421.76,86019.32,3299.55,5776.53,4265.74,99361.13,66060.63,39.93
ORD-004393,2025-11-11,2025,Q4,11,North America,Mexico,Monitor,Online,423,330.06,139613.79,76787.58,13426.23,13526.31,1795.0,105535.12,34078.66,24.41
ORD-003112,2025-11-11,2025,Q4,11,North America,Canada,Tablet,Distributor,385,524.22,201826.22,104949.64,4887.01,22407.68,3404.1,135648.43,66177.79,32.79
ORD-004731,2025-11-12,2025,Q4,11,Middle East,Saudi Arabia,Tablet,Online,27,449.44,12134.76,6310.07,438.3,992.61,637.5,8378.48,3756.27,30.95
ORD-000297,2025-11-12,2025,Q4,11,Asia Pacific,Japan,Server,Distributor,264,2122.51,560343.09,381033.3,6689.6,11526.31,1638.28,400887.5,159455.59,28.46
ORD-001646,2025-11-12,2025,Q4,11,North America,USA,Desktop,Enterprise,302,704.3,212697.17,127618.3,9210.69,11227.41,2808.9,150865.3,61831.88,29.07
ORD-000125,2025-11-12,2025,Q4,11,Asia Pacific,Singapore,Printer,Online,229,275.98,63199.76,36023.87,7019.67,7098.54,3802.02,53944.11,9255.66,14.65
ORD-000632,2025-11-12,2025,Q4,11,Asia Pacific,Australia,Desktop,Online,267,662.93,177001.73,106201.04,8956.7,3983.03,2993.6,122134.37,54867.36,31.0
ORD-000844,2025-11-13,2025,Q4,11,North America,Mexico,Server,Online,242,2212.94,535531.65,364161.52,2762.7,13728.29,2056.42,382708.93,152822.72,28.54
ORD-003635,2025-11-13,2025,Q4,11,North America,Mexico,Laptop,Distributor,117,883.84,103409.33,59977.41,2443.47,1332.72,699.54,64453.15,38956.18,37.67
ORD-002671,2025-11-13,2025,Q4,11,North America,Canada,Monitor,Distributor,169,296.88,50172.45,27594.85,2239.27,4088.84,1012.95,34935.91,15236.54,30.37
ORD-000098,2025-11-14,2025,Q4,11,Latin America,Brazil,Desktop,Retail,250,687.71,171927.37,103156.42,2216.75,8539.3,2817.53,116730.01,55197.36,32.11
ORD-000138,2025-11-14,2025,Q4,11,North America,USA,Tablet,Online,440,474.82,208922.22,108639.56,9420.39,15198.37,8267.22,141525.54,67396.69,32.26
ORD-001406,2025-11-15,2025,Q4,11,Europe,UK,Laptop,Online,398,765.89,304822.59,176797.1,9796.69,13885.1,4722.61,205201.5,99621.09,32.68
ORD-004441,2025-11-15,2025,Q4,11,Middle East,UAE,Monitor,Online,196,309.58,60678.27,33373.05,2140.88,8859.6,4665.47,49039.0,11639.27,19.18
ORD-000560,2025-11-15,2025,Q4,11,Latin America,Argentina,Printer,Retail,173,309.4,53525.98,30509.81,4133.81,3810.64,4113.75,42568.01,10957.97,20.47
ORD-003489,2025-11-15,2025,Q4,11,Asia Pacific,India,Desktop,Enterprise,440,752.07,330910.44,198546.26,4573.36,21059.69,4991.08,229170.39,101740.05,30.75
ORD-004187,2025-11-15,2025,Q4,11,North America,USA,Printer,Retail,467,259.8,121325.18,69155.35,3818.04,26125.29,2894.25,101992.93,19332.25,15.93
ORD-004508,2025-11-15,2025,Q4,11,North America,USA,Laptop,Enterprise,307,911.46,279818.69,162294.84,7583.14,8219.9,6216.94,184314.81,95503.88,34.13
ORD-003566,2025-11-15,2025,Q4,11,Middle East,Qatar,Laptop,Distributor,277,1016.97,281701.77,163387.03,8199.57,12277.04,5870.53,189734.16,91967.61,32.65
ORD-000280,2025-11-15,2025,Q4,11,Asia Pacific,Australia,Laptop,Enterprise,311,893.89,277999.05,161239.45,2570.19,13190.24,6153.49,183153.36,94845.69,34.12
ORD-004710,2025-11-15,2025,Q4,11,Middle East,UAE,Server,Online,80,2108.9,168711.96,114724.13,1342.96,968.92,432.87,117468.88,51243.08,30.37
ORD-000485,2025-11-15,2025,Q4,11,Asia Pacific,Australia,Monitor,Retail,500,315.1,157551.66,86653.41,10493.41,19894.36,8152.23,125193.41,32358.24,20.54
ORD-002995,2025-11-15,2025,Q4,11,Middle East,UAE,Server,Online,347,2191.32,760388.06,517063.88,3236.44,7460.71,3549.42,531310.45,229077.61,30.13
ORD-001970,2025-11-16,2025,Q4,11,Middle East,Saudi Arabia,Tablet,Enterprise,8,461.78,3694.22,1920.99,136.17,465.93,110.23,2633.32,1060.9,28.72
ORD-002128,2025-11-16,2025,Q4,11,Middle East,Saudi Arabia,Monitor,Retail,348,263.57,91722.23,50447.23,3022.67,17928.74,3074.74,74473.37,17248.87,18.81
ORD-004873,2025-11-16,2025,Q4,11,North America,Canada,Laptop,Retail,35,883.7,30929.65,17939.2,463.95,1028.84,668.85,20100.83,10828.82,35.01
ORD-000263,2025-11-16,2025,Q4,11,Europe,France,Monitor,Retail,451,261.26,117828.49,64805.67,6858.67,10490.57,2382.45,84537.36,33291.12,28.25
ORD-002907,2025-11-16,2025,Q4,11,Asia Pacific,Australia,Tablet,Retail,75,501.21,37590.91,19547.27,759.59,2876.89,228.04,23411.8,14179.11,37.72
ORD-000027,2025-11-17,2025,Q4,11,Europe,France,Desktop,Retail,24,721.93,17326.3,10395.78,261.85,1402.39,560.05,12620.08,4706.23,27.16
ORD-001271,2025-11-17,2025,Q4,11,Europe,Italy,Laptop,Enterprise,232,840.65,195031.91,113118.51,4942.66,2871.18,3696.61,124628.96,70402.94,36.1
ORD-001490,2025-11-17,2025,Q4,11,Asia Pacific,Australia,Laptop,Online,395,777.9,307271.96,178217.74,6446.89,5215.53,5201.93,195082.09,112189.87,36.51
ORD-001662,2025-11-17,2025,Q4,11,Europe,Spain,Monitor,Distributor,71,343.0,24352.9,13394.1,1273.92,1327.58,348.49,16344.1,8008.81,32.89
ORD-004879,2025-11-18,2025,Q4,11,Asia Pacific,Australia,Monitor,Retail,456,279.82,127596.22,70177.92,13781.35,6310.55,6821.06,97090.89,30505.33,23.91
ORD-003598,2025-11-18,2025,Q4,11,Middle East,Qatar,Server,Distributor,251,2010.61,504663.32,343171.06,7728.52,10697.29,4012.11,365608.99,139054.34,27.55
ORD-001551,2025-11-18,2025,Q4,11,Middle East,Qatar,Printer,Retail,472,268.89,126917.65,72343.06,11314.35,20032.61,7593.49,111283.51,15634.14,12.32
ORD-001085,2025-11-18,2025,Q4,11,North America,Canada,Monitor,Distributor,368,309.16,113771.19,62574.15,4098.6,10758.37,6407.48,83838.61,29932.58,26.31
ORD-002265,2025-11-18,2025,Q4,11,Europe,Spain,Server,Online,213,2182.96,464971.54,316180.65,3019.88,2269.35,773.62,322243.49,142728.05,30.7
ORD-000219,2025-11-18,2025,Q4,11,Latin America,Brazil,Printer,Retail,449,302.2,135686.21,77341.14,9866.16,12979.82,5188.53,105375.64,30310.57,22.34
ORD-003775,2025-11-18,2025,Q4,11,Middle East,UAE,Printer,Distributor,250,254.64,63660.09,36286.25,2808.47,10979.72,5885.08,55959.51,7700.58,12.1
ORD-001169,2025-11-19,2025,Q4,11,Latin America,Brazil,Server,Retail,23,2316.06,53269.47,36223.24,221.14,396.48,363.86,37204.73,16064.75,30.16
ORD-000542,2025-11-19,2025,Q4,11,Middle East,Qatar,Monitor,Online,301,298.17,89749.18,49362.05,3224.47,16047.72,5663.67,74297.9,15451.28,17.22
ORD-000896,2025-11-19,2025,Q4,11,Asia Pacific,Australia,Monitor,Distributor,491,261.47,128381.73,70609.95,11616.95,21553.94,2704.14,106484.98,21896.75,17.06
ORD-003260,2025-11-20,2025,Q4,11,Asia Pacific,India,Tablet,Online,13,485.89,6316.53,3284.6,296.71,146.8,221.07,3949.18,2367.35,37.48
ORD-004900,2025-11-20,2025,Q4,11,Europe,Germany,Monitor,Online,473,279.67,132284.83,72756.66,7744.82,13640.44,6304.04,100445.95,31838.88,24.07
ORD-001820,2025-11-20,2025,Q4,11,Europe,Spain,Printer,Retail,313,275.61,86265.79,49171.5,9734.99,4806.61,3995.45,67708.54,18557.25,21.51
ORD-000749,2025-11-20,2025,Q4,11,Europe,UK,Tablet,Online,100,452.39,45238.98,23524.27,2317.46,1155.47,2165.06,29162.26,16076.72,35.54
ORD-002149,2025-11-20,2025,Q4,11,Europe,Spain,Tablet,Online,225,563.85,126865.73,65970.18,2005.46,11491.2,4633.08,84099.91,42765.82,33.71
ORD-001172,2025-11-20,2025,Q4,11,Europe,Spain,Tablet,Distributor,70,510.7,35748.86,18589.41,1722.82,3400.59,1457.42,25170.25,10578.62,29.59
ORD-003588,2025-11-20,2025,Q4,11,Middle East,Saudi Arabia,Tablet,Online,112,439.03,49171.02,25568.93,2489.74,5776.39,807.54,34642.6,14528.42,29.55
ORD-000373,2025-11-20,2025,Q4,11,Asia Pacific,Singapore,Laptop,Distributor,284,987.53,280458.06,162665.67,4101.78,12615.63,2288.55,181671.64,98786.42,35.22
ORD-003300,2025-11-21,2025,Q4,11,Latin America,Chile,Laptop,Online,297,944.23,280435.47,162652.57,6016.52,4938.09,3295.0,176902.18,103533.28,36.92
ORD-000376,2025-11-21,2025,Q4,11,North America,Mexico,Desktop,Retail,309,660.84,204200.73,122520.44,9196.45,10129.28,7317.11,149163.27,55037.46,26.95
ORD-002773,2025-11-21,2025,Q4,11,Asia Pacific,Australia,Laptop,Retail,168,954.81,160408.37,93036.86,4601.16,3142.81,1295.46,102076.3,58332.08,36.36
ORD-001510,2025-11-21,2025,Q4,11,Europe,Spain,Tablet,Enterprise,84,558.97,46953.71,24415.93,1525.42,3324.27,869.68,30135.3,16818.41,35.82
ORD-004696,2025-11-22,2025,Q4,11,North America,USA,Laptop,Enterprise,45,860.93,38741.67,22470.17,727.54,1345.19,650.13,25193.03,13548.64,34.97
ORD-004268,2025-11-22,2025,Q4,11,North America,Mexico,Desktop,Online,207,852.96,176563.16,105937.9,6528.25,8707.1,2566.01,123739.27,52823.9,29.92
ORD-000700,2025-11-22,2025,Q4,11,Europe,Italy,Monitor,Enterprise,223,327.79,73097.64,40203.7,2610.7,9968.23,1588.45,54371.08,18726.56,25.62
ORD-004559,2025-11-23,2025,Q4,11,North America,USA,Monitor,Enterprise,195,279.58,54519.07,29985.49,5145.85,3350.99,3623.06,42105.38,12413.69,22.77
ORD-001021,2025-11-23,2025,Q4,11,Asia Pacific,Singapore,Printer,Retail,375,296.24,111091.54,63322.18,3412.03,6705.89,4964.02,78404.13,32687.41,29.42
ORD-002998,2025-11-23,2025,Q4,11,Europe,France,Tablet,Online,41,482.59,19786.3,10288.88,669.27,848.82,194.29,12001.25,7785.05,39.35
ORD-001514,2025-11-23,2025,Q4,11,Latin America,Argentina,Printer,Retail,158,288.89,45645.06,26017.69,3718.03,4501.32,1145.79,35382.83,10262.23,22.48
ORD-001321,2025-11-23,2025,Q4,11,North America,Mexico,Printer,Distributor,332,289.01,95952.63,54693.0,6770.62,6564.23,4850.99,72878.84,23073.79,24.05
ORD-004038,2025-11-24,2025,Q4,11,Latin America,Argentina,Laptop,Online,21,854.39,17942.19,10406.47,592.57,505.03,427.2,11931.27,6010.92,33.5
ORD-004329,2025-11-24,2025,Q4,11,North America,Canada,Server,Retail,463,2043.97,946357.58,643523.16,5080.76,18881.47,6834.13,674319.52,272038.06,28.75
ORD-004994,2025-11-24,2025,Q4,11,Middle East,Qatar,Desktop,Retail,263,821.87,216151.29,129690.78,6183.83,9718.37,2071.22,147664.19,68487.1,31.68
ORD-003653,2025-11-24,2025,Q4,11,Europe,Italy,Server,Online,108,2320.62,250627.3,170426.57,1158.85,5120.14,1314.93,178020.49,72606.82,28.97
ORD-001408,2025-11-25,2025,Q4,11,Europe,France,Monitor,Distributor,471,267.37,125931.91,69262.55,11169.85,21051.99,2522.99,104007.38,21924.52,17.41
ORD-003644,2025-11-25,2025,Q4,11,Asia Pacific,Australia,Desktop,Online,364,796.07,289771.21,173862.73,6027.04,18246.89,8155.9,206292.56,83478.65,28.81
ORD-002394,2025-11-25,2025,Q4,11,Middle East,Saudi Arabia,Tablet,Online,370,429.03,158741.09,82545.37,5312.45,7051.0,2537.04,97445.86,61295.23,38.61
ORD-002640,2025-11-25,2025,Q4,11,Middle East,UAE,Desktop,Distributor,324,804.32,260600.52,156360.31,3120.84,11239.88,5905.0,176626.02,83974.49,32.22
ORD-002936,2025-11-26,2025,Q4,11,North America,Canada,Laptop,Retail,175,821.67,143791.6,83399.13,5236.72,2726.94,2473.03,93835.82,49955.78,34.74
ORD-002677,2025-11-26,2025,Q4,11,Asia Pacific,Singapore,Printer,Distributor,417,252.35,105229.49,59980.81,4475.0,9810.42,10204.0,84470.23,20759.26,19.73
ORD-002004,2025-11-26,2025,Q4,11,Middle East,UAE,Monitor,Enterprise,25,308.3,7707.45,4239.1,440.26,651.27,594.2,5924.83,1782.62,23.13
ORD-001127,2025-11-27,2025,Q4,11,North America,Canada,Laptop,Online,412,765.9,315548.95,183018.39,11296.83,11889.99,2690.97,208896.18,106652.77,33.8
ORD-000342,2025-11-27,2025,Q4,11,Europe,UK,Laptop,Distributor,438,909.21,398234.07,230975.76,12257.28,11881.19,4829.67,259943.91,138290.16,34.73
ORD-000508,2025-11-28,2025,Q4,11,Europe,UK,Printer,Distributor,399,295.39,117860.06,67180.23,8221.09,11001.59,1414.59,87817.51,30042.55,25.49
ORD-004028,2025-11-28,2025,Q4,11,Europe,Germany,Printer,Distributor,457,238.86,109159.02,62220.64,10483.94,16376.27,5974.29,95055.13,14103.89,12.92
ORD-001207,2025-11-28,2025,Q4,11,Middle East,UAE,Monitor,Enterprise,405,308.45,124924.26,68708.34,8545.82,12177.65,5009.38,94441.19,30483.07,24.4
ORD-002062,2025-11-28,2025,Q4,11,North America,Mexico,Desktop,Enterprise,357,847.79,302661.39,181596.84,7492.19,7990.71,8149.74,205229.48,97431.91,32.19
ORD-002848,2025-11-28,2025,Q4,11,Asia Pacific,India,Monitor,Enterprise,132,329.04,43432.89,23888.09,2985.82,1980.91,1445.25,30300.06,13132.82,30.24
ORD-002041,2025-11-28,2025,Q4,11,North America,Canada,Tablet,Distributor,42,571.84,24017.48,12489.09,598.59,1561.7,972.79,15622.17,8395.31,34.96
ORD-004838,2025-11-28,2025,Q4,11,Asia Pacific,Singapore,Tablet,Online,474,531.54,251948.16,131013.05,5300.94,17597.37,11699.05,165610.4,86337.76,34.27
ORD-000417,2025-11-29,2025,Q4,11,Middle East,Qatar,Printer,Online,226,261.65,59132.36,33705.44,3060.46,7834.94,2266.15,46866.99,12265.37,20.74
ORD-003853,2025-11-29,2025,Q4,11,North America,Mexico,Laptop,Retail,378,794.35,300264.88,174153.63,3108.17,20338.99,7106.83,204707.62,95557.27,31.82
ORD-000668,2025-11-29,2025,Q4,11,Europe,Spain,Monitor,Online,207,283.26,58635.22,32249.37,2086.37,4910.92,2851.63,42098.29,16536.93,28.2
ORD-004693,2025-11-29,2025,Q4,11,Europe,Italy,Monitor,Online,318,328.45,104447.57,57446.16,10056.6,7984.1,5625.62,81112.48,23335.09,22.34
ORD-003829,2025-11-29,2025,Q4,11,Middle East,UAE,Monitor,Online,110,256.93,28262.41,15544.32,2454.17,4097.35,2205.55,24301.4,3961.01,14.02
ORD-000143,2025-11-29,2025,Q4,11,Europe,UK,Printer,Online,123,321.79,39580.23,22560.73,4130.54,6905.89,511.74,34108.91,5471.32,13.82
ORD-004385,2025-11-29,2025,Q4,11,North America,Canada,Laptop,Retail,26,844.48,21956.55,12734.8,451.59,341.64,606.53,14134.56,7821.99,35.62
ORD-001682,2025-11-30,2025,Q4,11,Middle East,Qatar,Tablet,Distributor,325,538.27,174937.43,90967.46,8254.29,19201.25,4154.7,122577.71,52359.72,29.93
ORD-001868,2025-11-30,2025,Q4,11,Europe,UK,Laptop,Retail,263,944.29,248347.17,144041.36,5965.14,12172.74,2065.19,164244.43,84102.74,33.86
ORD-000023,2025-11-30,2025,Q4,11,Middle East,Qatar,Monitor,Retail,223,293.41,65430.79,35986.94,6480.76,10079.36,2994.57,55541.63,9889.16,15.11
ORD-001241,2025-11-30,2025,Q4,11,North America,Mexico,Printer,Retail,365,242.15,88383.19,50378.42,7480.77,6376.67,4218.56,68454.42,19928.78,22.55
ORD-000253,2025-11-30,2025,Q4,11,Europe,Italy,Tablet,Online,338,532.42,179956.83,93577.55,7220.86,3720.07,5164.91,109683.39,70273.44,39.05
ORD-003019,2025-11-30,2025,Q4,11,Asia Pacific,Japan,Server,Online,439,2162.17,949191.49,645450.21,6662.48,18408.68,3160.72,673682.1,275509.39,29.03
ORD-003059,2025-11-30,2025,Q4,11,Europe,Germany,Server,Distributor,407,2282.4,928934.85,631675.7,7650.84,6330.21,7309.34,652966.08,275968.77,29.71
ORD-000959,2025-11-30,2025,Q4,11,Latin America,Brazil,Printer,Online,175,243.48,42609.35,24287.33,1976.95,9367.26,1803.2,37434.74,5174.61,12.14
ORD-003927,2025-11-30,2025,Q4,11,Europe,UK,Printer,Online,238,241.29,57427.16,32733.48,2078.98,6341.5,4901.97,46055.93,11371.23,19.8
ORD-001222,2025-11-30,2025,Q4,11,North America,Mexico,Printer,Online,386,270.78,104522.99,59578.1,3780.41,19995.36,8414.49,91768.36,12754.62,12.2
ORD-002452,2025-12-01,2025,Q4,12,Latin America,Chile,Printer,Enterprise,397,272.06,108009.06,61565.17,6587.58,20218.52,6367.97,94739.24,13269.82,12.29
ORD-003133,2025-12-01,2025,Q4,12,Middle East,Qatar,Monitor,Online,58,311.42,18062.56,9934.41,768.01,1605.76,861.27,13169.45,4893.11,27.09
ORD-002288,2025-12-01,2025,Q4,12,Middle East,UAE,Laptop,Distributor,252,774.54,195184.6,113207.07,4807.25,4025.78,1651.34,123691.43,71493.18,36.63
ORD-002354,2025-12-02,2025,Q4,12,Europe,France,Desktop,Online,118,710.82,83876.23,50325.74,3656.71,3683.79,2374.55,60040.79,23835.45,28.42
ORD-003071,2025-12-02,2025,Q4,12,Middle East,Saudi Arabia,Printer,Online,61,259.65,15838.41,9027.89,1837.66,749.12,719.74,12334.41,3503.99,22.12
ORD-004044,2025-12-02,2025,Q4,12,Europe,Spain,Desktop,Retail,355,665.1,236109.17,141665.5,6953.28,20422.73,2537.65,171579.16,64530.0,27.33
ORD-004760,2025-12-02,2025,Q4,12,Europe,Italy,Printer,Distributor,198,257.1,50904.84,29015.76,5180.73,6866.4,2052.23,43115.12,7789.72,15.3
ORD-004923,2025-12-02,2025,Q4,12,Asia Pacific,Australia,Monitor,Retail,348,264.78,92144.85,50679.67,6761.69,17062.01,4368.68,78872.05,13272.8,14.4
ORD-001016,2025-12-02,2025,Q4,12,North America,Canada,Laptop,Enterprise,326,1019.24,332273.39,192718.57,8174.36,9782.0,5242.6,215917.53,116355.86,35.02
ORD-002006,2025-12-03,2025,Q4,12,Latin America,Chile,Tablet,Enterprise,237,438.59,103945.63,54051.73,7738.85,4406.55,1829.58,68026.72,35918.91,34.56
ORD-001870,2025-12-03,2025,Q4,12,North America,Mexico,Tablet,Online,345,471.96,162825.68,84669.36,10833.48,16410.01,6969.57,118882.41,43943.27,26.99
ORD-000052,2025-12-03,2025,Q4,12,Middle East,UAE,Tablet,Enterprise,303,500.43,151630.69,78847.96,9319.7,14060.43,1320.97,103549.06,48081.63,31.71
ORD-002744,2025-12-03,2025,Q4,12,Europe,Italy,Laptop,Distributor,152,886.41,134733.97,78145.7,5106.54,4495.08,864.16,88611.48,46122.49,34.23
ORD-004218,2025-12-03,2025,Q4,12,Europe,Germany,Desktop,Distributor,67,658.64,44129.15,26477.49,1166.31,828.46,1162.4,29634.67,14494.48,32.85
ORD-002697,2025-12-03,2025,Q4,12,Europe,Italy,Server,Distributor,357,2010.85,717874.71,488154.8,5294.02,8580.35,2309.98,504339.15,213535.56,29.75
ORD-002644,2025-12-04,2025,Q4,12,Europe,France,Laptop,Retail,36,806.42,29030.98,16837.97,702.15,1628.59,735.01,19903.73,9127.26,31.44
ORD-002462,2025-12-04,2025,Q4,12,Europe,Spain,Laptop,Distributor,214,963.08,206098.12,119536.91,7280.45,5367.06,1050.29,133234.72,72863.41,35.35
ORD-001270,2025-12-04,2025,Q4,12,Middle East,Qatar,Monitor,Online,51,324.39,16543.72,9099.05,1572.03,695.18,751.35,12117.6,4426.12,26.75
ORD-000335,2025-12-04,2025,Q4,12,Europe,Germany,Server,Enterprise,465,2397.44,1114807.41,758069.04,6321.11,20726.08,6263.17,791379.4,323428.02,29.01
ORD-001549,2025-12-04,2025,Q4,12,North America,USA,Printer,Online,357,261.77,93453.02,53268.22,12118.68,9983.05,4550.76,79920.71,13532.3,14.48
ORD-002117,2025-12-04,2025,Q4,12,Latin America,Brazil,Monitor,Online,479,265.72,127282.0,70005.1,12853.81,5817.16,10859.95,99536.02,27745.98,21.8
ORD-001142,2025-12-05,2025,Q4,12,North America,Mexico,Printer,Enterprise,493,294.07,144974.16,82635.27,10132.61,18960.12,6997.92,118725.92,26248.24,18.11
ORD-004686,2025-12-05,2025,Q4,12,Europe,Germany,Server,Online,245,1906.78,467159.96,317668.77,7658.4,5286.7,4734.13,335348.0,131811.96,28.22
ORD-001265,2025-12-05,2025,Q4,12,Asia Pacific,Japan,Desktop,Online,52,743.65,38669.83,23201.9,853.45,2726.04,835.53,27616.91,11052.92,28.58
ORD-004429,2025-12-06,2025,Q4,12,North America,Canada,Server,Distributor,154,2419.64,372624.1,253384.39,1876.12,4738.5,648.58,260647.59,111976.5,30.05
ORD-003041,2025-12-07,2025,Q4,12,Asia Pacific,Japan,Laptop,Distributor,80,889.92,71193.2,41292.06,2507.17,4753.29,552.87,49105.39,22087.82,31.03
ORD-000966,2025-12-07,2025,Q4,12,Europe,France,Laptop,Online,215,900.65,193639.45,112310.88,6009.35,4081.32,682.33,123083.88,70555.57,36.44
ORD-004888,2025-12-08,2025,Q4,12,North America,Mexico,Laptop,Online,58,939.23,54475.58,31595.84,1317.44,2492.84,985.71,36391.83,18083.75,33.2
ORD-001696,2025-12-08,2025,Q4,12,Europe,Spain,Monitor,Online,111,269.56,29921.7,16456.94,1503.29,5077.41,1700.27,24737.9,5183.8,17.32
ORD-003628,2025-12-09,2025,Q4,12,Asia Pacific,Singapore,Tablet,Retail,310,463.63,143725.4,74737.21,8249.48,10936.72,5549.51,99472.92,44252.47,30.79
ORD-004436,2025-12-09,2025,Q4,12,Latin America,Chile,Desktop,Distributor,157,681.71,107027.86,64216.72,4808.22,4883.07,3877.0,77784.99,29242.87,27.32
ORD-002233,2025-12-09,2025,Q4,12,North America,Mexico,Laptop,Distributor,62,776.32,48131.87,27916.48,909.17,3464.24,457.53,32747.43,15384.44,31.96
ORD-000525,2025-12-09,2025,Q4,12,North America,Canada,Desktop,Online,406,659.54,267774.48,160664.69,13062.85,24032.62,8940.6,206700.75,61073.72,22.81
ORD-004965,2025-12-09,2025,Q4,12,North America,Mexico,Monitor,Enterprise,377,273.86,103244.33,56784.38,6106.18,4649.01,4593.38,72132.94,31111.39,30.13
ORD-003010,2025-12-09,2025,Q4,12,North America,Canada,Printer,Retail,15,245.89,3688.34,2102.35,222.35,229.33,87.82,2641.86,1046.48,28.37
ORD-000963,2025-12-09,2025,Q4,12,North America,Canada,Tablet,Distributor,467,511.18,238719.03,124133.89,6549.8,10084.58,7249.82,148018.09,90700.94,37.99
ORD-000550,2025-12-09,2025,Q4,12,Middle East,Qatar,Printer,Online,393,320.3,125879.49,71751.31,7009.83,17279.33,3623.98,99664.45,26215.04,20.83
ORD-004388,2025-12-10,2025,Q4,12,North America,Canada,Tablet,Online,133,472.12,62792.21,32651.95,3098.05,6556.73,2637.25,44943.97,17848.23,28.42
ORD-002109,2025-12-10,2025,Q4,12,Latin America,Chile,Printer,Online,282,257.84,72711.85,41445.76,7491.06,4104.75,2542.29,55583.86,17127.99,23.56
ORD-004071,2025-12-10,2025,Q4,12,Europe,France,Monitor,Retail,48,330.64,15870.62,8728.84,1418.08,2268.43,568.64,12983.99,2886.63,18.19
ORD-000885,2025-12-10,2025,Q4,12,Middle East,Saudi Arabia,Laptop,Enterprise,121,787.09,95238.02,55238.05,3505.13,5202.51,888.21,64833.9,30404.12,31.92
ORD-001151,2025-12-10,2025,Q4,12,North America,Mexico,Laptop,Online,63,1023.29,64467.36,37391.07,1901.97,2585.05,520.0,42398.09,22069.27,34.23
ORD-001070,2025-12-10,2025,Q4,12,Asia Pacific,India,Tablet,Online,238,497.91,118503.6,61621.87,5736.95,4674.6,879.92,72913.35,45590.25,38.47
ORD-000135,2025-12-10,2025,Q4,12,Asia Pacific,India,Server,Online,430,1979.73,851284.43,578873.41,8301.02,21866.21,4921.22,613961.86,237322.56,27.88
ORD-001566,2025-12-11,2025,Q4,12,Asia Pacific,Japan,Tablet,Enterprise,56,525.49,29427.28,15302.18,1911.41,2964.55,665.85,20843.99,8583.29,29.17
ORD-004316,2025-12-11,2025,Q4,12,Europe,Italy,Printer,Online,221,253.67,56062.16,31955.43,1917.0,11811.44,3325.36,49009.23,7052.93,12.58
ORD-001076,2025-12-11,2025,Q4,12,North America,USA,Laptop,Retail,32,821.21,26278.71,15241.65,832.62,1085.24,640.04,17799.55,8479.16,32.27
ORD-003822,2025-12-12,2025,Q4,12,Middle East,UAE,Server,Retail,87,1955.16,170098.84,115667.21,2270.94,3181.36,1238.19,122357.71,47741.13,28.07
ORD-000831,2025-12-12,2025,Q4,12,Asia Pacific,India,Desktop,Retail,465,638.23,296777.31,178066.39,4827.77,10571.86,8372.81,201838.83,94938.49,31.99
ORD-001044,2025-12-13,2025,Q4,12,Europe,Italy,Desktop,Online,461,734.15,338442.1,203065.26,4482.29,22564.76,9281.47,239393.78,99048.33,29.27
ORD-002510,2025-12-13,2025,Q4,12,Asia Pacific,India,Printer,Online,195,314.15,61258.47,34917.33,4611.42,2653.42,851.54,43033.71,18224.76,29.75
ORD-003191,2025-12-14,2025,Q4,12,Europe,France,Server,Distributor,35,2259.84,79094.51,53784.26,336.06,1543.51,631.48,56295.31,22799.19,28.83
ORD-001359,2025-12-14,2025,Q4,12,North America,Mexico,Desktop,Online,300,817.5,245251.25,147150.75,4131.93,10722.45,1864.02,163869.15,81382.1,33.18
ORD-004166,2025-12-14,2025,Q4,12,North America,USA,Server,Online,370,1954.31,723094.87,491704.51,7765.77,10838.23,7206.41,517514.92,205579.95,28.43
ORD-003873,2025-12-14,2025,Q4,12,Asia Pacific,India,Laptop,Retail,14,956.25,13387.55,7764.78,241.79,304.23,98.87,8409.67,4977.88,37.18
ORD-000555,2025-12-14,2025,Q4,12,North America,Canada,Printer,Enterprise,109,271.41,29583.63,16862.67,2546.4,5419.87,2534.32,27363.26,2220.38,7.51
ORD-002922,2025-12-14,2025,Q4,12,Asia Pacific,Australia,Desktop,Retail,156,830.96,129629.24,77777.55,4381.45,4048.21,2380.71,88587.92,41041.33,31.66
ORD-003339,2025-12-14,2025,Q4,12,North America,Canada,Server,Enterprise,481,2313.97,1113021.58,756854.67,13479.59,16280.79,2407.7,789022.75,323998.82,29.11
ORD-000977,2025-12-14,2025,Q4,12,Latin America,Brazil,Tablet,Retail,435,432.26,188034.62,97778.0,6643.12,9834.35,10154.38,124409.85,63624.76,33.84
ORD-000465,2025-12-14,2025,Q4,12,Middle East,UAE,Server,Online,273,2039.6,556810.87,378631.39,6216.88,14729.62,1154.56,400732.45,156078.41,28.03
ORD-000680,2025-12-14,2025,Q4,12,Asia Pacific,Japan,Laptop,Online,66,939.95,62036.72,35981.3,1055.76,2752.74,374.57,40164.36,21872.36,35.26
ORD-002643,2025-12-15,2025,Q4,12,Europe,Germany,Monitor,Retail,418,343.99,143786.93,79082.81,4671.84,9055.05,8041.59,100851.29,42935.64,29.86
ORD-000730,2025-12-15,2025,Q4,12,North America,Mexico,Server,Retail,79,2373.47,187503.9,127502.65,1001.54,2121.4,1056.8,131682.39,55821.51,29.77
ORD-001896,2025-12-15,2025,Q4,12,Asia Pacific,India,Printer,Online,285,290.64,82832.96,47214.79,8258.24,14572.59,2561.88,72607.5,10225.46,12.34
ORD-001607,2025-12-15,2025,Q4,12,Asia Pacific,Japan,Monitor,Online,437,272.37,119023.68,65463.03,9656.31,9152.34,4461.83,88733.51,30290.17,25.45
ORD-001273,2025-12-16,2025,Q4,12,North America,Mexico,Laptop,Enterprise,14,775.09,10851.24,6293.72,253.55,165.33,277.36,6989.97,3861.27,35.58
ORD-003481,2025-12-16,2025,Q4,12,Asia Pacific,India,Tablet,Distributor,426,572.2,243758.18,126754.26,11066.63,14049.16,5162.72,157032.77,86725.41,35.58
ORD-001383,2025-12-16,2025,Q4,12,Europe,Italy,Printer,Retail,189,281.13,53132.88,30285.74,6257.11,2291.01,4256.02,43089.88,10042.99,18.9
ORD-003147,2025-12-16,2025,Q4,12,Latin America,Brazil,Server,Distributor,175,2407.07,421236.8,286441.03,5901.01,1902.93,831.85,295076.82,126159.98,29.95
ORD-003546,2025-12-16,2025,Q4,12,Europe,UK,Desktop,Distributor,207,828.12,171421.56,102852.93,5765.57,8066.01,1969.85,118654.37,52767.19,30.78
ORD-004020,2025-12-17,2025,Q4,12,Asia Pacific,Japan,Desktop,Distributor,358,774.01,277094.2,166256.52,6280.05,18471.19,2423.25,193431.01,83663.19,30.19
ORD-000561,2025-12-17,2025,Q4,12,Latin America,Argentina,Desktop,Retail,320,658.53,210730.48,126438.29,3121.93,6651.48,1123.35,137335.04,73395.44,34.83
ORD-003844,2025-12-17,2025,Q4,12,Asia Pacific,Singapore,Printer,Distributor,135,306.9,41431.97,23616.22,2777.59,1913.96,1680.47,29988.25,11443.72,27.62
ORD-002992,2025-12-18,2025,Q4,12,North America,USA,Desktop,Enterprise,334,791.23,264269.66,158561.8,10904.82,9672.78,3468.92,182608.33,81661.34,30.9
ORD-003464,2025-12-18,2025,Q4,12,Asia Pacific,Australia,Desktop,Enterprise,24,646.72,15521.38,9312.83,789.67,1141.07,440.68,11684.25,3837.13,24.72
ORD-000425,2025-12-18,2025,Q4,12,Europe,Germany,Tablet,Enterprise,251,443.85,111406.19,57931.22,4872.69,9496.94,4961.86,77262.7,34143.49,30.65
ORD-004916,2025-12-18,2025,Q4,12,Asia Pacific,Australia,Server,Online,19,1875.41,35632.83,24230.33,180.29,735.37,116.37,25262.35,10370.48,29.1
ORD-004177,2025-12-18,2025,Q4,12,Latin America,Brazil,Printer,Online,36,281.62,10138.2,5778.78,649.29,625.27,651.37,7704.7,2433.5,24.0
ORD-003516,2025-12-19,2025,Q4,12,Asia Pacific,India,Desktop,Retail,57,718.45,40951.82,24571.09,1984.9,2925.29,863.33,30344.62,10607.2,25.9
ORD-000656,2025-12-19,2025,Q4,12,North America,USA,Monitor,Retail,470,309.63,145527.46,80040.11,14296.45,4724.14,2279.87,101340.56,44186.9,30.36
ORD-001649,2025-12-20,2025,Q4,12,Latin America,Chile,Monitor,Retail,376,270.61,101748.88,55961.89,4421.35,9468.92,4168.53,74020.68,27728.2,27.25
ORD-002668,2025-12-20,2025,Q4,12,Europe,France,Server,Online,363,2335.3,847715.69,576446.67,6963.95,6127.95,6917.74,596456.3,251259.39,29.64
ORD-003817,2025-12-20,2025,Q4,12,North America,Mexico,Monitor,Enterprise,178,333.48,59359.74,32647.86,2138.56,9911.62,3366.08,48064.13,11295.61,19.03
ORD-004481,2025-12-20,2025,Q4,12,North America,Canada,Printer,Online,9,250.89,2258.0,1287.06,179.14,450.49,156.99,2073.68,184.31,8.16
ORD-000063,2025-12-20,2025,Q4,12,Latin America,Brazil,Desktop,Retail,337,827.99,279033.38,167420.03,6099.98,19279.83,2205.39,195005.22,84028.15,30.11
ORD-002857,2025-12-20,2025,Q4,12,Europe,UK,Monitor,Distributor,179,259.4,46432.3,25537.76,1453.01,2061.04,751.71,29803.52,16628.78,35.81
ORD-004232,2025-12-20,2025,Q4,12,Europe,UK,Monitor,Distributor,373,268.89,100297.32,55163.52,6262.21,13014.06,3962.22,78402.01,21895.3,21.83
ORD-004506,2025-12-20,2025,Q4,12,Middle East,Qatar,Laptop,Retail,244,820.51,200204.32,116118.5,6392.9,6110.68,3582.76,132204.85,67999.47,33.97
ORD-003303,2025-12-21,2025,Q4,12,North America,Mexico,Monitor,Retail,79,298.95,23617.31,12989.52,2175.11,3832.07,1215.15,20211.85,3405.46,14.42
ORD-003670,2025-12-21,2025,Q4,12,Europe,Italy,Tablet,Enterprise,288,468.67,134975.73,70187.38,4811.75,11272.64,1363.43,87635.2,47340.53,35.07
ORD-000982,2025-12-21,2025,Q4,12,Asia Pacific,Singapore,Monitor,Online,277,340.67,94364.33,51900.38,4141.08,15299.98,3801.36,75142.81,19221.53,20.37
ORD-003400,2025-12-21,2025,Q4,12,Europe,UK,Laptop,Distributor,57,905.64,51621.3,29940.35,1675.6,2831.6,1020.88,35468.43,16152.87,31.29
ORD-001340,2025-12-21,2025,Q4,12,North America,Canada,Monitor,Retail,382,304.9,116470.0,64058.5,4155.38,21909.26,6857.68,96980.81,19489.19,16.73
ORD-004589,2025-12-22,2025,Q4,12,Asia Pacific,Australia,Server,Online,72,2029.3,146109.47,99354.44,1780.56,3408.99,855.99,105399.98,40709.48,27.86
ORD-001109,2025-12-22,2025,Q4,12,Asia Pacific,Australia,Desktop,Online,123,844.69,103897.34,62338.41,3527.86,5649.16,714.65,72230.07,31667.27,30.48
ORD-003859,2025-12-22,2025,Q4,12,Latin America,Brazil,Desktop,Online,395,862.43,340660.45,204396.27,12566.08,4372.96,2294.98,223630.28,117030.16,34.35
ORD-004768,2025-12-23,2025,Q4,12,North America,Mexico,Laptop,Distributor,350,825.42,288895.7,167559.51,10154.68,11099.26,7281.16,196094.61,92801.09,32.12
ORD-000907,2025-12-23,2025,Q4,12,Asia Pacific,India,Desktop,Retail,253,642.63,162586.57,97551.94,7096.57,7011.13,2197.6,113857.25,48729.32,29.97
ORD-000735,2025-12-24,2025,Q4,12,Asia Pacific,Australia,Monitor,Distributor,84,289.34,24304.3,13367.36,2761.44,1124.16,1465.45,18718.41,5585.89,22.98
ORD-002316,2025-12-24,2025,Q4,12,Europe,Italy,Desktop,Retail,268,649.64,174103.25,104461.95,3226.53,15859.86,6244.65,129793.0,44310.26,25.45
ORD-003835,2025-12-25,2025,Q4,12,Middle East,Qatar,Laptop,Online,164,947.23,155344.93,90100.06,2798.3,6378.48,1549.64,100826.47,54518.46,35.1
ORD-001564,2025-12-25,2025,Q4,12,Middle East,UAE,Printer,Enterprise,482,306.98,147965.97,84340.6,16094.32,9491.66,6222.21,116148.79,31817.18,21.5
ORD-002132,2025-12-25,2025,Q4,12,Latin America,Argentina,Printer,Distributor,257,283.21,72784.63,41487.24,2798.99,5991.64,5229.8,55507.67,17276.96,23.74
ORD-002294,2025-12-25,2025,Q4,12,Middle East,Qatar,Tablet,Distributor,348,515.28,179316.45,93244.55,11241.71,16466.38,1480.84,122433.48,56882.97,31.72
ORD-000770,2025-12-25,2025,Q4,12,Asia Pacific,India,Laptop,Online,423,974.09,412040.56,238983.53,12989.71,9199.48,5969.96,267142.68,144897.88,35.17
ORD-001900,2025-12-26,2025,Q4,12,North America,USA,Printer,Distributor,401,283.24,113578.07,64739.5,7356.41,7074.17,2823.95,81994.03,31584.04,27.81
ORD-003385,2025-12-26,2025,Q4,12,Latin America,Chile,Monitor,Retail,143,305.96,43751.67,24063.42,1988.14,2958.27,2311.68,31321.51,12430.15,28.41
ORD-001640,2025-12-26,2025,Q4,12,Middle East,Qatar,Server,Retail,295,2211.88,652505.47,443703.72,3977.36,10699.23,6839.6,465219.91,187285.56,28.7
ORD-000099,2025-12-26,2025,Q4,12,North America,Mexico,Tablet,Retail,103,456.63,47032.71,24457.01,2891.46,5902.52,624.33,33875.32,13157.39,27.97
ORD-000660,2025-12-26,2025,Q4,12,Middle East,Qatar,Printer,Online,285,295.7,84274.62,48036.54,6181.98,8015.57,5814.22,68048.3,16226.32,19.25
ORD-003997,2025-12-26,2025,Q4,12,Europe,UK,Desktop,Retail,196,835.89,163835.37,98301.22,4790.29,8734.97,3468.77,115295.25,48540.12,29.63
ORD-002727,2025-12-26,2025,Q4,12,North America,USA,Desktop,Enterprise,406,749.78,304412.44,182647.46,5126.42,18814.28,3619.1,210207.26,94205.18,30.95
ORD-004152,2025-12-26,2025,Q4,12,Asia Pacific,Japan,Tablet,Distributor,172,434.27,74694.83,38841.31,1482.65,2532.81,2140.42,44997.19,29697.64,39.76
ORD-003177,2025-12-26,2025,Q4,12,Europe,Spain,Printer,Enterprise,377,286.59,108045.97,61586.21,7163.98,10314.08,5033.62,84097.88,23948.09,22.16
ORD-001332,2025-12-26,2025,Q4,12,Europe,Spain,Desktop,Retail,168,706.18,118638.92,71183.35,4461.76,2342.59,753.28,78740.98,39897.94,33.63
ORD-003093,2025-12-26,2025,Q4,12,Asia Pacific,India,Server,Enterprise,264,2489.27,657166.85,446873.46,2484.56,14007.24,2790.43,466155.69,191011.17,29.07
ORD-004690,2025-12-26,2025,Q4,12,Europe,Spain,Desktop,Retail,196,825.1,161720.07,97032.04,6303.36,10984.22,2251.14,116570.77,45149.29,27.92
ORD-000384,2025-12-27,2025,Q4,12,Asia Pacific,Australia,Monitor,Enterprise,260,261.45,67975.72,37386.65,5659.23,3122.17,4234.13,50402.18,17573.54,25.85
ORD-001710,2025-12-27,2025,Q4,12,Latin America,Argentina,Monitor,Online,229,270.1,61853.81,34019.6,2419.4,6661.45,3234.68,46335.13,15518.69,25.09
ORD-003529,2025-12-27,2025,Q4,12,Latin America,Argentina,Laptop,Enterprise,73,858.42,62665.0,36345.7,1955.42,1824.02,1251.11,41376.25,21288.75,33.97
ORD-001087,2025-12-27,2025,Q4,12,Asia Pacific,Australia,Desktop,Distributor,490,779.95,382176.36,229305.82,13896.79,26103.66,9687.4,278993.67,103182.7,27.0
ORD-000289,2025-12-27,2025,Q4,12,Asia Pacific,Singapore,Tablet,Retail,272,439.13,119443.05,62110.39,3928.64,5242.14,4707.46,75988.63,43454.43,36.38
ORD-002491,2025-12-27,2025,Q4,12,Asia Pacific,Japan,Printer,Online,26,266.54,6930.14,3950.18,813.33,909.21,238.62,5911.34,1018.8,14.7
ORD-001168,2025-12-27,2025,Q4,12,Europe,France,Monitor,Enterprise,418,302.35,126381.54,69509.85,7843.1,16230.57,10147.62,103731.14,22650.4,17.92
ORD-004606,2025-12-27,2025,Q4,12,Middle East,UAE,Server,Online,494,2149.5,1061853.9,722060.65,11556.68,12985.35,5514.56,752117.23,309736.67,29.17
ORD-002409,2025-12-28,2025,Q4,12,North America,Canada,Printer,Online,116,269.86,31303.4,17842.94,3449.72,5112.05,2629.9,29034.6,2268.8,7.25
ORD-003135,2025-12-28,2025,Q4,12,North America,Canada,Laptop,Distributor,226,800.98,181021.75,104992.62,7028.45,10992.1,686.47,123699.63,57322.12,31.67
ORD-003732,2025-12-28,2025,Q4,12,Middle East,Saudi Arabia,Server,Retail,59,2218.46,130889.21,89004.66,1530.77,2636.13,613.33,93784.9,37104.31,28.35
ORD-004376,2025-12-29,2025,Q4,12,Asia Pacific,Japan,Laptop,Distributor,492,844.92,415699.38,241105.64,6187.08,14133.06,4116.14,265541.91,150157.46,36.12
ORD-000415,2025-12-29,2025,Q4,12,Europe,Italy,Desktop,Retail,11,673.2,7405.17,4443.1,151.81,598.85,138.58,5332.35,2072.82,27.99
ORD-002870,2025-12-29,2025,Q4,12,Europe,France,Desktop,Online,377,772.08,291074.12,174644.47,6322.5,8621.76,6894.89,196483.62,94590.5,32.5
ORD-001347,2025-12-29,2025,Q4,12,Latin America,Brazil,Printer,Enterprise,71,300.04,21302.55,12142.46,1290.69,2470.25,1716.98,17620.37,3682.18,17.29
ORD-000396,2025-12-29,2025,Q4,12,Asia Pacific,India,Server,Retail,234,2222.41,520043.97,353629.9,6571.48,12311.49,2222.57,374735.45,145308.52,27.94
ORD-000054,2025-12-30,2025,Q4,12,Europe,Italy,Desktop,Retail,144,657.51,94681.09,56808.65,3722.61,5036.6,696.22,66264.09,28417.0,30.01
ORD-002442,2025-12-30,2025,Q4,12,Middle East,Qatar,Tablet,Enterprise,350,515.67,180486.18,93852.81,6545.89,11824.93,6664.34,118887.97,61598.21,34.13
ORD-004535,2025-12-30,2025,Q4,12,Middle East,Qatar,Printer,Retail,132,252.88,33379.91,19026.55,3691.14,3421.71,620.25,26759.65,6620.26,19.83
ORD-000151,2025-12-30,2025,Q4,12,North America,USA,Server,Enterprise,345,2511.74,866551.9,589255.29,5776.85,16065.89,7338.55,618436.58,248115.32,28.63
ORD-001258,2025-12-31,2025,Q4,12,Middle East,UAE,Printer,Distributor,355,318.93,113220.34,64535.59,12237.05,4871.86,5860.24,87504.74,25715.6,22.71
ORD-004417,2025-12-31,2025,Q4,12,North America,Canada,Laptop,Enterprise,452,919.8,415748.68,241134.23,11942.43,20151.22,10502.52,283730.4,132018.28,31.75
ORD-001007,2025-12-31,2025,Q4,12,North America,Canada,Laptop,Distributor,444,843.49,374509.09,217215.27,12753.61,12365.81,2842.2,245176.9,129332.2,34.53
ORD-004104,2026-01-01,2026,Q1,1,Europe,Germany,Laptop,Online,365,993.16,362504.55,210252.64,12103.59,3807.29,2422.04,228585.56,133918.99,36.94
ORD-003485,2026-01-01,2026,Q1,1,Middle East,Qatar,Tablet,Retail,438,558.69,244705.24,127246.73,11772.76,10993.19,10888.06,160900.74,83804.5,34.25
ORD-000518,2026-01-01,2026,Q1,1,Europe,Spain,Desktop,Distributor,300,693.72,208115.88,124869.53,8869.9,16419.39,3090.37,153249.2,54866.68,26.36
ORD-000510,2026-01-01,2026,Q1,1,Asia Pacific,Singapore,Printer,Distributor,97,241.34,23409.71,13343.54,2228.39,4046.52,1476.95,21095.4,2314.31,9.89
ORD-004837,2026-01-01,2026,Q1,1,Middle East,UAE,Laptop,Enterprise,331,843.61,279234.05,161955.75,4480.84,13791.13,2811.72,183039.44,96194.61,34.45
ORD-001431,2026-01-01,2026,Q1,1,Latin America,Chile,Laptop,Retail,217,766.5,166331.35,96472.18,2179.25,8392.16,5166.23,112209.82,54121.52,32.54
ORD-004658,2026-01-01,2026,Q1,1,Europe,UK,Laptop,Online,237,900.22,213352.28,123744.32,7432.6,5165.5,5731.21,142073.63,71278.65,33.41
ORD-004024,2026-01-01,2026,Q1,1,Latin America,Argentina,Laptop,Enterprise,221,957.28,211557.95,122703.61,2206.89,2837.08,3073.84,130821.41,80736.53,38.16
ORD-003900,2026-01-02,2026,Q1,1,Europe,France,Desktop,Online,347,788.07,273458.96,164075.38,9440.93,16270.08,1681.43,191467.82,81991.15,29.98
ORD-004125,2026-01-02,2026,Q1,1,North America,Mexico,Server,Enterprise,495,2151.64,1065061.31,724241.69,13129.29,24128.87,6779.81,768279.67,296781.64,27.87
ORD-003009,2026-01-02,2026,Q1,1,Europe,France,Printer,Retail,231,306.33,70762.23,40334.47,2175.87,6540.46,2622.43,51673.24,19089.0,26.98
ORD-002721,2026-01-02,2026,Q1,1,Asia Pacific,Australia,Tablet,Online,377,482.04,181730.13,94499.67,4005.25,22317.04,1450.64,122272.6,59457.53,32.72
ORD-000442,2026-01-02,2026,Q1,1,Europe,Spain,Printer,Distributor,354,294.61,104290.78,59445.74,6297.5,4971.51,7554.31,78269.07,26021.71,24.95
ORD-001326,2026-01-03,2026,Q1,1,Asia Pacific,Australia,Tablet,Retail,457,550.75,251693.6,130880.67,15048.31,5716.08,8652.83,160297.89,91395.71,36.31
ORD-003545,2026-01-03,2026,Q1,1,Asia Pacific,Singapore,Tablet,Distributor,439,517.47,227167.58,118127.14,14778.84,18419.8,2496.35,153822.13,73345.45,32.29
ORD-003766,2026-01-04,2026,Q1,1,North America,Canada,Tablet,Distributor,414,562.84,233014.6,121167.59,10424.85,6910.78,5594.61,144097.83,88916.77,38.16
ORD-000426,2026-01-04,2026,Q1,1,Asia Pacific,Singapore,Desktop,Retail,392,668.78,262162.81,157297.69,10164.93,20400.63,5045.89,192909.14,69253.68,26.42
ORD-004827,2026-01-04,2026,Q1,1,Europe,UK,Tablet,Distributor,470,526.49,247448.6,128673.27,5513.41,9613.49,5526.34,149326.51,98122.09,39.65
ORD-000950,2026-01-04,2026,Q1,1,Asia Pacific,Japan,Monitor,Online,171,278.34,47596.74,26178.21,5299.17,8092.07,1772.53,41341.98,6254.77,13.14
ORD-002916,2026-01-05,2026,Q1,1,Latin America,Brazil,Desktop,Online,241,645.61,155592.84,93355.7,4838.19,8877.89,2978.22,110050.0,45542.84,29.27
ORD-001572,2026-01-05,2026,Q1,1,Europe,UK,Laptop,Retail,277,874.99,242373.2,140576.46,8107.12,8132.79,5359.01,162175.37,80197.83,33.09
ORD-000498,2026-01-05,2026,Q1,1,North America,Mexico,Desktop,Retail,156,686.13,107037.0,64222.2,4423.03,9052.42,1126.02,78823.66,28213.34,26.36
ORD-003557,2026-01-05,2026,Q1,1,Asia Pacific,India,Server,Enterprise,71,2330.5,165465.42,112516.48,604.05,3824.12,481.55,117426.21,48039.21,29.03
ORD-000981,2026-01-05,2026,Q1,1,Asia Pacific,Australia,Desktop,Online,360,780.89,281120.14,168672.08,6777.77,21016.23,4519.81,200985.89,80134.25,28.51
ORD-002660,2026-01-06,2026,Q1,1,North America,USA,Desktop,Retail,260,647.47,168341.17,101004.7,8778.08,12992.82,5841.59,128617.19,39723.98,23.6
ORD-003278,2026-01-06,2026,Q1,1,North America,Mexico,Laptop,Retail,476,953.88,454048.78,263348.29,10622.88,19820.17,7608.21,301399.55,152649.23,33.62
ORD-001287,2026-01-07,2026,Q1,1,Middle East,Qatar,Printer,Enterprise,435,300.28,130621.48,74454.25,12737.16,8878.68,4386.14,100456.23,30165.25,23.09
ORD-001746,2026-01-07,2026,Q1,1,Europe,Germany,Monitor,Retail,225,294.95,66362.68,36499.47,1990.04,10114.6,4272.72,52876.83,13485.85,20.32
ORD-003816,2026-01-07,2026,Q1,1,North America,Canada,Laptop,Online,453,1009.84,457457.01,265325.06,13894.17,11925.48,2790.31,293935.03,163521.98,35.75
ORD-000589,2026-01-07,2026,Q1,1,Latin America,Argentina,Printer,Online,90,276.28,24865.33,14173.24,1723.43,3151.64,1101.73,20150.04,4715.3,18.96
ORD-001186,2026-01-07,2026,Q1,1,Europe,Spain,Monitor,Distributor,328,274.75,90116.59,49564.12,8128.6,12919.5,5236.45,75848.67,14267.92,15.83
ORD-003884,2026-01-08,2026,Q1,1,Middle East,Saudi Arabia,Monitor,Retail,53,322.2,17076.59,9392.13,1281.76,2045.83,586.69,13306.41,3770.18,22.08
ORD-000403,2026-01-08,2026,Q1,1,North America,Mexico,Monitor,Online,361,339.3,122488.0,67368.4,9316.12,8292.8,2069.57,87046.89,35441.11,28.93
ORD-001114,2026-01-08,2026,Q1,1,Middle East,UAE,Tablet,Retail,484,566.94,274401.16,142688.6,4459.49,23471.75,4852.41,175472.25,98928.91,36.05
ORD-003996,2026-01-08,2026,Q1,1,Europe,Italy,Laptop,Retail,150,1014.5,152174.32,88261.11,3736.01,1934.81,2976.94,96908.87,55265.45,36.32
ORD-000676,2026-01-08,2026,Q1,1,Asia Pacific,Singapore,Desktop,Online,231,662.03,152928.98,91757.39,6347.4,11554.47,4254.91,113914.17,39014.81,25.51
ORD-002982,2026-01-09,2026,Q1,1,Europe,Germany,Monitor,Online,235,264.09,62060.38,34133.21,3438.04,3458.37,3633.14,44662.76,17397.62,28.03
ORD-000513,2026-01-09,2026,Q1,1,Asia Pacific,Japan,Server,Distributor,360,2174.98,782994.21,532436.06,9353.75,20088.12,7829.1,569707.03,213287.17,27.24
ORD-002841,2026-01-09,2026,Q1,1,Latin America,Brazil,Tablet,Enterprise,41,473.94,19431.59,10104.43,552.49,1203.87,468.34,12329.12,7102.47,36.55
ORD-002082,2026-01-09,2026,Q1,1,Latin America,Chile,Laptop,Retail,213,827.05,176160.59,102173.14,2151.56,9909.37,3118.39,117352.46,58808.13,33.38
ORD-002801,2026-01-10,2026,Q1,1,North America,USA,Tablet,Online,20,462.68,9253.68,4811.91,442.36,201.24,157.39,5612.9,3640.78,39.34
ORD-000324,2026-01-10,2026,Q1,1,Asia Pacific,Japan,Laptop,Retail,317,842.52,267078.23,154905.37,10297.38,13155.31,5423.18,183781.24,83296.99,31.19
ORD-003688,2026-01-11,2026,Q1,1,North America,Canada,Laptop,Distributor,195,896.1,174740.05,101349.23,3988.99,7111.18,3126.66,115576.06,59163.99,33.86
ORD-004471,2026-01-11,2026,Q1,1,North America,Mexico,Monitor,Retail,267,306.21,81756.87,44966.28,4850.46,11561.26,4746.69,66124.68,15632.19,19.12
ORD-003317,2026-01-11,2026,Q1,1,Asia Pacific,Australia,Laptop,Online,429,827.67,355070.18,205940.71,13259.11,16289.26,6997.78,242486.85,112583.33,31.71
ORD-001852,2026-01-11,2026,Q1,1,Asia Pacific,Australia,Printer,Online,343,318.31,109181.01,62233.18,3965.58,17049.86,2345.05,85593.67,23587.35,21.6
ORD-004525,2026-01-11,2026,Q1,1,Asia Pacific,Japan,Printer,Enterprise,66,317.48,20953.73,11943.63,653.71,3382.16,1364.1,17343.61,3610.13,17.23
ORD-002121,2026-01-12,2026,Q1,1,North America,USA,Desktop,Distributor,351,798.12,280140.62,168084.37,7977.35,9759.09,4005.78,189826.59,90314.03,32.24
ORD-000114,2026-01-12,2026,Q1,1,North America,Canada,Desktop,Enterprise,291,854.75,248732.49,149239.49,10026.56,8835.63,6018.73,174120.41,74612.07,30.0
ORD-001538,2026-01-13,2026,Q1,1,Europe,France,Server,Distributor,55,2396.16,131788.96,89616.5,1177.55,2732.36,445.96,93972.36,37816.61,28.69
ORD-001029,2026-01-13,2026,Q1,1,North America,USA,Monitor,Enterprise,125,259.93,32491.05,17870.08,1550.46,4309.62,1092.94,24823.1,7667.95,23.6
ORD-001689,2026-01-13,2026,Q1,1,Europe,France,Monitor,Enterprise,137,310.12,42486.53,23367.59,1699.56,3340.37,1105.17,29512.68,12973.85,30.54
ORD-001878,2026-01-13,2026,Q1,1,North America,USA,Server,Distributor,440,2464.29,1084287.65,737315.6,13934.63,6559.4,8778.53,766588.17,317699.48,29.3
ORD-002213,2026-01-13,2026,Q1,1,Europe,Italy,Server,Distributor,495,2409.8,1192849.13,811137.41,13188.08,28908.16,3990.78,857224.43,335624.7,28.14
ORD-003225,2026-01-14,2026,Q1,1,Middle East,UAE,Tablet,Enterprise,105,437.26,45912.01,23874.24,988.65,6049.08,2213.61,33125.59,12786.41,27.85
ORD-002850,2026-01-14,2026,Q1,1,Asia Pacific,Australia,Monitor,Online,160,261.89,41902.77,23046.52,3362.1,4101.9,739.94,31250.45,10652.31,25.42
ORD-001525,2026-01-15,2026,Q1,1,North America,USA,Monitor,Retail,282,313.94,88530.77,48691.92,8936.77,5692.52,2860.85,66182.06,22348.71,25.24
ORD-000964,2026-01-15,2026,Q1,1,Europe,UK,Tablet,Retail,205,468.06,95951.99,49895.04,3786.87,4325.55,1089.92,59097.38,36854.61,38.41
ORD-003354,2026-01-15,2026,Q1,1,Europe,France,Server,Retail,344,2258.73,777002.44,528361.66,8299.27,10974.85,4174.86,551810.64,225191.8,28.98
ORD-004493,2026-01-16,2026,Q1,1,Latin America,Chile,Server,Retail,335,2197.05,736013.4,500489.11,5547.9,14339.33,4518.54,524894.89,211118.51,28.68
ORD-004578,2026-01-16,2026,Q1,1,Asia Pacific,India,Tablet,Distributor,199,451.2,89787.97,46689.74,4636.34,9481.92,1707.2,62515.2,27272.77,30.37
ORD-001298,2026-01-17,2026,Q1,1,Asia Pacific,Singapore,Laptop,Retail,209,815.25,170387.88,98824.97,4642.09,5994.96,3197.01,112659.03,57728.84,33.88
ORD-000696,2026-01-17,2026,Q1,1,Asia Pacific,India,Monitor,Distributor,452,278.85,126041.97,69323.08,10895.12,13053.05,10223.27,103494.53,22547.45,17.89
ORD-000018,2026-01-17,2026,Q1,1,Europe,Germany,Printer,Online,98,293.01,28715.17,16367.64,2393.64,2839.96,1178.28,22779.52,5935.64,20.67
ORD-001126,2026-01-17,2026,Q1,1,North America,USA,Monitor,Enterprise,117,332.39,38889.48,21389.21,2259.22,4988.67,481.8,29118.91,9770.57,25.12
ORD-004831,2026-01-17,2026,Q1,1,Europe,Germany,Laptop,Distributor,30,828.47,24854.09,14415.37,765.02,1175.22,730.09,17085.7,7768.39,31.26
ORD-003948,2026-01-18,2026,Q1,1,Latin America,Brazil,Tablet,Enterprise,255,452.48,115383.39,59999.36,7346.87,10404.23,2620.85,80371.31,35012.08,30.34
ORD-002450,2026-01-18,2026,Q1,1,Asia Pacific,Australia,Laptop,Retail,101,1034.77,104511.47,60616.65,3287.21,2075.19,1756.02,67735.08,36776.39,35.19
ORD-001750,2026-01-18,2026,Q1,1,North America,USA,Server,Online,102,2471.45,252087.52,171419.51,1479.62,2540.63,2165.47,177605.23,74482.29,29.55
ORD-000120,2026-01-18,2026,Q1,1,Europe,Germany,Desktop,Online,213,770.88,164196.47,98517.88,2902.18,4436.74,1688.23,107545.04,56651.43,34.5
ORD-004681,2026-01-19,2026,Q1,1,North America,Mexico,Tablet,Distributor,221,569.62,125885.74,65460.59,6368.18,9276.76,5304.82,86410.35,39475.39,31.36
ORD-001405,2026-01-19,2026,Q1,1,Middle East,Qatar,Tablet,Online,33,559.31,18457.19,9597.74,359.6,1395.44,613.72,11966.5,6490.69,35.17
ORD-000224,2026-01-19,2026,Q1,1,Europe,UK,Laptop,Distributor,257,891.44,229100.35,132878.2,3097.13,7626.67,4540.41,148142.4,80957.95,35.34
ORD-000673,2026-01-19,2026,Q1,1,Asia Pacific,Singapore,Server,Retail,98,2049.49,200850.19,136578.13,3202.48,1674.21,1036.19,142491.02,58359.17,29.06
ORD-000445,2026-01-20,2026,Q1,1,Europe,Italy,Desktop,Online,213,714.43,152174.51,91304.7,4396.94,7489.9,848.09,104039.64,48134.87,31.63
ORD-004084,2026-01-20,2026,Q1,1,Asia Pacific,Singapore,Laptop,Enterprise,308,909.41,280098.44,162457.09,5128.16,8437.79,1158.19,177181.24,102917.2,36.74
ORD-003069,2026-01-20,2026,Q1,1,North America,Mexico,Tablet,Online,61,541.23,33014.93,17167.76,1482.15,1134.15,1286.88,21070.95,11943.99,36.18
ORD-001618,2026-01-20,2026,Q1,1,Asia Pacific,Japan,Desktop,Retail,112,858.47,96148.46,57689.08,3613.38,5642.56,1143.48,68088.5,28059.97,29.18
ORD-001037,2026-01-20,2026,Q1,1,Europe,Germany,Server,Online,500,2498.86,1249432.35,849614.0,4365.32,9452.69,6319.92,869751.93,379680.42,30.39
ORD-003482,2026-01-20,2026,Q1,1,Europe,France,Tablet,Retail,293,564.02,165258.01,85934.16,6186.53,14277.9,4207.27,110605.87,54652.14,33.07
ORD-000519,2026-01-21,2026,Q1,1,Europe,Germany,Printer,Online,352,274.65,96675.61,55105.1,10043.38,5282.62,5052.95,75484.06,21191.55,21.92
ORD-000163,2026-01-21,2026,Q1,1,Latin America,Brazil,Laptop,Online,255,858.82,218998.28,127019.01,2451.72,3241.08,3191.97,135903.78,83094.5,37.94
ORD-001452,2026-01-21,2026,Q1,1,Europe,Italy,Laptop,Online,209,977.27,204249.74,118464.85,6853.25,6495.55,4649.94,136463.59,67786.15,33.19
ORD-004014,2026-01-21,2026,Q1,1,Middle East,Qatar,Desktop,Enterprise,258,811.65,209405.95,125643.57,7084.5,12541.46,5942.53,151212.06,58193.89,27.79
ORD-004459,2026-01-21,2026,Q1,1,Latin America,Argentina,Desktop,Enterprise,131,742.1,97214.62,58328.77,1722.3,2609.28,3107.45,65767.81,31446.81,32.35
ORD-003082,2026-01-22,2026,Q1,1,Europe,UK,Desktop,Online,495,741.93,367256.0,220353.6,6090.97,27663.31,10037.5,264145.38,103110.62,28.08
ORD-002447,2026-01-22,2026,Q1,1,Latin America,Brazil,Tablet,Online,237,463.73,109904.17,57150.17,7114.01,5243.36,3040.96,72548.49,37355.67,33.99
ORD-003100,2026-01-22,2026,Q1,1,Middle East,Saudi Arabia,Laptop,Online,103,1010.48,104079.14,60365.9,2175.15,1636.67,588.54,64766.26,39312.88,37.77
ORD-004928,2026-01-22,2026,Q1,1,Asia Pacific,Singapore,Tablet,Online,209,510.73,106742.18,55505.93,4066.78,3558.63,4607.87,67739.22,39002.97,36.54
ORD-001163,2026-01-22,2026,Q1,1,Europe,Spain,Printer,Online,401,308.86,123854.62,70597.14,4245.72,16682.52,3883.47,95408.84,28445.78,22.97
ORD-000382,2026-01-23,2026,Q1,1,Latin America,Chile,Printer,Distributor,424,313.74,133025.64,75824.62,9269.15,10953.19,6842.05,102889.0,30136.64,22.65
ORD-004342,2026-01-23,2026,Q1,1,Asia Pacific,Japan,Tablet,Retail,432,568.0,245374.65,127594.82,3601.31,7981.29,5199.21,144376.64,100998.01,41.16
ORD-004073,2026-01-23,2026,Q1,1,North America,Mexico,Tablet,Online,491,435.11,213640.09,111092.85,16997.29,18441.89,8273.4,154805.43,58834.66,27.54
ORD-000469,2026-01-23,2026,Q1,1,North America,USA,Laptop,Enterprise,418,824.42,344606.84,199871.97,12194.15,11315.46,4920.09,228301.67,116305.17,33.75
ORD-002964,2026-01-23,2026,Q1,1,Europe,UK,Monitor,Retail,468,280.94,131479.11,72313.51,8524.09,28062.89,9810.26,118710.75,12768.36,9.71
ORD-003030,2026-01-23,2026,Q1,1,Latin America,Chile,Printer,Distributor,377,271.08,102195.6,58251.49,12269.88,5827.79,8791.94,85141.12,17054.49,16.69
ORD-001443,2026-01-24,2026,Q1,1,Europe,Germany,Tablet,Enterprise,255,536.17,136724.09,71096.53,6013.4,6977.37,4914.19,89001.49,47722.6,34.9
ORD-001418,2026-01-24,2026,Q1,1,Europe,France,Desktop,Retail,330,700.41,231136.26,138681.75,10577.08,19148.55,6472.29,174879.67,56256.59,24.34
ORD-000825,2026-01-24,2026,Q1,1,Latin America,Chile,Monitor,Enterprise,18,333.26,5998.7,3299.29,390.77,826.84,312.07,4828.96,1169.74,19.5
ORD-004787,2026-01-25,2026,Q1,1,Asia Pacific,India,Printer,Online,220,314.04,69088.56,39380.48,3420.87,8803.94,1681.27,53286.55,15802.0,22.87
ORD-002855,2026-01-25,2026,Q1,1,Asia Pacific,Singapore,Monitor,Distributor,48,307.89,14778.55,8128.2,1452.67,1079.16,191.76,10851.8,3926.75,26.57
ORD-004543,2026-01-25,2026,Q1,1,Latin America,Brazil,Tablet,Online,175,429.93,75236.96,39123.22,4362.81,4820.93,1543.57,49850.53,25386.43,33.74
ORD-004946,2026-01-26,2026,Q1,1,Asia Pacific,India,Monitor,Online,467,337.42,157574.09,86665.75,11599.69,13722.62,6137.29,118125.35,39448.74,25.04
ORD-002111,2026-01-26,2026,Q1,1,Europe,Spain,Tablet,Online,357,517.79,184851.67,96122.87,5667.88,15751.75,1836.19,119378.69,65472.98,35.42
ORD-003274,2026-01-26,2026,Q1,1,Middle East,UAE,Laptop,Enterprise,275,987.56,271578.52,157515.54,6045.5,2930.02,1361.02,167852.09,103726.44,38.19
ORD-001034,2026-01-27,2026,Q1,1,North America,Mexico,Desktop,Retail,369,771.59,284717.97,170830.78,12742.79,20450.23,1982.93,206006.74,78711.23,27.65
ORD-003430,2026-01-27,2026,Q1,1,Europe,France,Laptop,Retail,413,844.84,348919.52,202373.32,5766.7,10857.66,6865.21,225862.89,123056.63,35.27
ORD-003415,2026-01-27,2026,Q1,1,Asia Pacific,Australia,Monitor,Online,110,267.31,29403.64,16172.0,2728.59,2646.43,974.76,22521.78,6881.86,23.4
ORD-003858,2026-01-27,2026,Q1,1,North America,Canada,Monitor,Online,391,294.49,115145.87,63330.23,10034.51,5608.7,4800.71,83774.15,31371.72,27.25
ORD-004109,2026-01-27,2026,Q1,1,Middle East,Qatar,Tablet,Distributor,411,425.99,175081.28,91042.27,12331.84,7106.75,5180.55,115661.41,59419.88,33.94
ORD-003398,2026-01-27,2026,Q1,1,Asia Pacific,Japan,Tablet,Retail,150,429.33,64399.98,33487.99,1723.19,2615.88,1845.65,39672.71,24727.28,38.4
ORD-003815,2026-01-27,2026,Q1,1,Latin America,Chile,Printer,Distributor,161,276.6,44532.71,25383.65,3482.99,4936.04,2772.09,36574.77,7957.95,17.87
ORD-000710,2026-01-28,2026,Q1,1,Europe,UK,Laptop,Enterprise,387,994.78,384978.77,223287.69,3263.15,13327.48,2980.91,242859.22,142119.55,36.92
ORD-000934,2026-01-28,2026,Q1,1,Asia Pacific,Singapore,Tablet,Enterprise,43,567.23,24391.02,12683.33,717.3,1091.55,834.8,15326.98,9064.04,37.16
ORD-004155,2026-01-28,2026,Q1,1,Asia Pacific,Japan,Printer,Retail,332,317.74,105488.42,60128.4,7307.37,13527.34,5823.35,86786.46,18701.96,17.73
ORD-000601,2026-01-28,2026,Q1,1,Asia Pacific,Singapore,Tablet,Retail,11,475.68,5232.44,2720.87,194.97,556.12,181.5,3653.46,1578.98,30.18
ORD-001118,2026-01-28,2026,Q1,1,Europe,Italy,Laptop,Enterprise,254,803.75,204152.58,118408.5,3901.58,11260.55,5752.91,139323.54,64829.04,31.76
ORD-003134,2026-01-28,2026,Q1,1,Europe,Italy,Laptop,Distributor,444,783.86,348032.05,201858.59,11922.74,12785.5,1931.81,228498.63,119533.42,34.35
ORD-000272,2026-01-28,2026,Q1,1,Latin America,Argentina,Printer,Enterprise,418,272.98,114104.96,65039.83,9632.07,17901.67,8561.71,101135.27,12969.69,11.37
ORD-001897,2026-01-28,2026,Q1,1,Middle East,UAE,Desktop,Enterprise,323,860.53,277950.03,166770.02,7394.31,9077.57,1840.8,185082.69,92867.34,33.41
ORD-003186,2026-01-29,2026,Q1,1,North America,USA,Server,Retail,370,2202.11,814781.03,554051.1,4947.31,9830.39,2794.86,571623.67,243157.37,29.84
ORD-001754,2026-01-30,2026,Q1,1,Middle East,UAE,Laptop,Enterprise,218,1007.3,219592.29,127363.53,5704.83,12683.49,895.9,146647.74,72944.55,33.22
ORD-003793,2026-01-30,2026,Q1,1,Asia Pacific,India,Laptop,Enterprise,172,892.69,153541.98,89054.35,1677.49,8405.93,2066.37,101204.14,52337.85,34.09
ORD-000398,2026-01-30,2026,Q1,1,North America,Canada,Tablet,Online,446,466.38,208006.36,108163.31,10458.09,12643.37,5907.14,137171.91,70834.45,34.05
ORD-001227,2026-01-30,2026,Q1,1,Asia Pacific,India,Desktop,Enterprise,354,658.9,233249.22,139949.53,11847.75,9453.91,7882.94,169134.13,64115.09,27.49
ORD-000938,2026-01-30,2026,Q1,1,Europe,Italy,Tablet,Online,179,482.11,86297.36,44874.62,4763.81,6180.36,2878.49,58697.28,27600.07,31.98
ORD-004037,2026-01-30,2026,Q1,1,Asia Pacific,Singapore,Tablet,Enterprise,111,533.09,59172.55,30769.73,3213.22,5105.56,1930.22,41018.74,18153.82,30.68
ORD-002645,2026-01-30,2026,Q1,1,Latin America,Chile,Monitor,Enterprise,207,309.06,63975.83,35186.71,2654.43,10069.81,3539.91,51450.86,12524.98,19.58
ORD-000617,2026-01-30,2026,Q1,1,Europe,France,Server,Online,434,2069.91,898341.23,610872.03,9626.99,19166.98,4791.46,644457.46,253883.76,28.26
ORD-000360,2026-01-31,2026,Q1,1,Asia Pacific,Singapore,Desktop,Retail,381,689.26,262606.72,157564.03,9680.27,4045.67,6309.08,177599.06,85007.67,32.37
ORD-002614,2026-01-31,2026,Q1,1,North America,USA,Tablet,Enterprise,222,446.49,99121.33,51543.09,6891.18,9117.38,3178.34,70729.98,28391.35,28.64
ORD-003836,2026-01-31,2026,Q1,1,Asia Pacific,Japan,Laptop,Enterprise,182,973.93,177254.57,102807.65,6092.18,8894.01,3507.91,121301.75,55952.83,31.57
ORD-002596,2026-01-31,2026,Q1,1,Asia Pacific,India,Laptop,Online,158,917.63,144986.29,84092.05,3136.88,4069.94,891.62,92190.49,52795.81,36.41
ORD-000882,2026-02-01,2026,Q1,2,Europe,Spain,Laptop,Distributor,280,774.3,216803.36,125745.95,9058.62,8156.94,6638.61,149600.12,67203.24,31.0
ORD-000578,2026-02-01,2026,Q1,2,North America,Mexico,Laptop,Distributor,48,963.01,46224.66,26810.3,835.87,2766.98,864.92,31278.07,14946.59,32.33
ORD-001274,2026-02-01,2026,Q1,2,Latin America,Brazil,Desktop,Retail,189,690.84,130568.6,78341.16,3544.88,8875.82,2389.34,93151.2,37417.4,28.66
ORD-003729,2026-02-01,2026,Q1,2,Europe,Germany,Printer,Online,109,250.2,27272.01,15545.05,1591.99,3570.55,515.14,21222.73,6049.28,22.18
ORD-002087,2026-02-01,2026,Q1,2,Latin America,Chile,Tablet,Enterprise,436,506.64,220894.61,114865.19,10258.53,16377.72,4943.12,146444.57,74450.04,33.7
ORD-003111,2026-02-01,2026,Q1,2,Asia Pacific,Japan,Monitor,Online,11,339.22,3731.37,2052.25,271.49,607.99,191.6,3123.33,608.04,16.3
ORD-002089,2026-02-01,2026,Q1,2,Europe,Italy,Printer,Online,162,238.45,38628.93,22018.49,5593.94,8125.81,3874.58,39612.82,-983.89,-2.55
ORD-002370,2026-02-01,2026,Q1,2,Asia Pacific,Australia,Monitor,Online,212,270.94,57440.05,31592.02,5144.29,4788.27,2338.07,43862.66,13577.38,23.64
ORD-004158,2026-02-01,2026,Q1,2,Middle East,UAE,Tablet,Retail,118,525.45,62003.67,32241.91,1575.04,4650.95,731.02,39198.92,22804.76,36.78
ORD-001830,2026-02-02,2026,Q1,2,Middle East,Saudi Arabia,Monitor,Online,63,257.09,16196.51,8908.08,703.28,3752.7,997.95,14362.01,1834.5,11.33
ORD-000169,2026-02-02,2026,Q1,2,Middle East,UAE,Printer,Retail,341,242.07,82547.57,47052.12,7067.6,11442.41,3209.7,68771.83,13775.75,16.69
ORD-000492,2026-02-02,2026,Q1,2,Asia Pacific,India,Printer,Online,409,287.04,117397.71,66916.69,10241.72,10897.42,1675.99,89731.82,27665.89,23.57
ORD-000588,2026-02-02,2026,Q1,2,Middle East,UAE,Printer,Distributor,194,276.1,53562.84,30530.82,6057.45,4789.63,3179.39,44557.28,9005.56,16.81
ORD-000069,2026-02-02,2026,Q1,2,North America,USA,Tablet,Online,416,440.26,183147.23,95236.56,13426.95,19908.97,7860.54,136433.01,46714.22,25.51
ORD-004936,2026-02-03,2026,Q1,2,North America,Canada,Printer,Retail,210,301.54,63324.32,36094.86,7276.17,3295.26,3082.03,49748.32,13576.0,21.44
ORD-002066,2026-02-04,2026,Q1,2,Middle East,Saudi Arabia,Desktop,Retail,324,838.21,271578.5,162947.1,7381.61,4818.45,1508.79,176655.95,94922.55,34.95
ORD-003834,2026-02-04,2026,Q1,2,Latin America,Chile,Tablet,Retail,380,496.6,188709.75,98129.07,5482.02,9146.16,3424.95,116182.2,72527.55,38.43
ORD-003088,2026-02-05,2026,Q1,2,Asia Pacific,Australia,Server,Distributor,373,2239.85,835463.43,568115.13,4125.46,3822.44,2317.51,578380.54,257082.89,30.77
ORD-001948,2026-02-05,2026,Q1,2,Asia Pacific,India,Printer,Online,184,316.16,58173.68,33159.0,5508.81,2132.74,1750.68,42551.22,15622.46,26.85
ORD-000157,2026-02-05,2026,Q1,2,Asia Pacific,India,Laptop,Enterprise,476,936.56,445803.23,258565.87,6521.78,8722.72,6506.51,280316.88,165486.34,37.12
ORD-000105,2026-02-05,2026,Q1,2,Latin America,Brazil,Server,Retail,40,2282.4,91295.84,62081.17,572.29,1000.04,162.79,63816.29,27479.55,30.1
ORD-000581,2026-02-05,2026,Q1,2,North America,USA,Tablet,Distributor,248,499.18,123795.98,64373.91,7064.53,7301.06,3919.74,82659.24,41136.74,33.23
ORD-004812,2026-02-06,2026,Q1,2,North America,Mexico,Server,Retail,401,2015.62,808264.8,549620.07,4560.39,17739.87,2945.76,574866.09,233398.72,28.88
ORD-004401,2026-02-06,2026,Q1,2,North America,Canada,Laptop,Online,245,843.62,206686.43,119878.13,4840.46,7730.66,5772.65,138221.89,68464.54,33.12
ORD-001840,2026-02-06,2026,Q1,2,North America,Mexico,Monitor,Enterprise,261,290.49,75819.15,41700.53,3555.65,7516.09,2765.25,55537.53,20281.63,26.75
ORD-003580,2026-02-07,2026,Q1,2,Middle East,Saudi Arabia,Laptop,Enterprise,277,992.23,274847.91,159411.79,7433.59,5967.14,3253.58,176066.1,98781.81,35.94
ORD-000362,2026-02-07,2026,Q1,2,North America,USA,Tablet,Online,449,529.2,237611.17,123557.81,14026.39,11534.12,4420.32,153538.64,84072.52,35.38
ORD-000915,2026-02-07,2026,Q1,2,Middle East,Qatar,Tablet,Retail,233,464.98,108339.52,56336.55,7687.82,6906.81,5483.71,76414.89,31924.63,29.47
ORD-003313,2026-02-08,2026,Q1,2,Europe,Germany,Laptop,Online,271,783.96,212452.7,123222.57,8532.76,12065.74,5107.96,148929.03,63523.67,29.9
ORD-001677,2026-02-08,2026,Q1,2,Asia Pacific,India,Tablet,Retail,207,466.38,96541.66,50201.66,5817.3,6438.8,1423.86,63881.63,32660.03,33.83
ORD-001711,2026-02-08,2026,Q1,2,North America,USA,Tablet,Retail,176,443.69,78089.56,40606.57,1518.3,2031.33,2547.62,46703.82,31385.74,40.19
ORD-004580,2026-02-08,2026,Q1,2,North America,USA,Desktop,Distributor,355,794.91,282193.51,169316.11,4199.18,10852.59,8052.09,192419.97,89773.54,31.81
ORD-001952,2026-02-08,2026,Q1,2,North America,Mexico,Server,Retail,395,2496.2,985997.15,670478.06,5241.3,21982.28,1512.47,699214.11,286783.04,29.09
ORD-001753,2026-02-08,2026,Q1,2,Middle East,Qatar,Desktop,Distributor,381,683.49,260409.66,156245.79,4805.91,17799.54,4645.67,183496.92,76912.73,29.54
ORD-000009,2026-02-08,2026,Q1,2,Latin America,Brazil,Server,Online,274,2499.62,684895.07,465728.65,8647.26,5236.52,4699.36,484311.79,200583.28,29.29
ORD-001993,2026-02-08,2026,Q1,2,Latin America,Chile,Printer,Retail,281,272.3,76515.19,43613.66,8644.37,9208.84,4841.73,66308.59,10206.6,13.34
ORD-000572,2026-02-09,2026,Q1,2,Europe,Spain,Printer,Online,143,308.13,44062.26,25115.49,4875.57,2850.66,2982.23,35823.95,8238.31,18.7
ORD-000551,2026-02-09,2026,Q1,2,Latin America,Argentina,Desktop,Enterprise,29,858.72,24903.0,14941.8,327.76,1680.99,681.44,17631.99,7271.01,29.2
ORD-002511,2026-02-09,2026,Q1,2,Europe,Germany,Laptop,Retail,443,805.9,357014.13,207068.19,7286.54,22765.4,8266.83,245386.97,111627.16,31.27
ORD-004755,2026-02-09,2026,Q1,2,Asia Pacific,Australia,Monitor,Enterprise,347,280.13,97206.71,53463.69,4810.85,15732.08,5223.4,79230.02,17976.69,18.49
ORD-004108,2026-02-09,2026,Q1,2,Asia Pacific,Australia,Server,Online,30,2153.93,64617.84,43940.13,703.33,908.26,488.58,46040.3,18577.54,28.75
ORD-004806,2026-02-10,2026,Q1,2,Asia Pacific,Japan,Desktop,Online,325,767.46,249425.3,149655.18,8560.58,3290.77,1552.48,163059.01,86366.29,34.63
ORD-003323,2026-02-10,2026,Q1,2,Europe,Spain,Laptop,Online,193,916.27,176839.87,102567.13,6289.7,1951.74,4132.93,114941.5,61898.37,35.0
ORD-001157,2026-02-10,2026,Q1,2,Europe,Italy,Monitor,Retail,446,311.08,138741.83,76308.01,8556.15,10743.84,8187.97,103795.96,34945.87,25.19
ORD-002650,2026-02-10,2026,Q1,2,Asia Pacific,Japan,Tablet,Online,320,521.79,166973.16,86826.04,10798.21,18450.87,6732.2,122807.32,44165.84,26.45
ORD-002431,2026-02-10,2026,Q1,2,Middle East,Saudi Arabia,Desktop,Retail,5,664.32,3321.61,1992.97,103.28,113.97,79.23,2289.44,1032.17,31.07
ORD-001929,2026-02-11,2026,Q1,2,Europe,France,Laptop,Online,432,963.58,416266.9,241434.8,4489.87,20000.89,9665.18,275590.74,140676.16,33.79
ORD-000308,2026-02-12,2026,Q1,2,Latin America,Chile,Desktop,Enterprise,134,837.66,112247.08,67348.25,2386.04,3640.82,3016.04,76391.15,35855.93,31.94
ORD-001380,2026-02-12,2026,Q1,2,Asia Pacific,Japan,Printer,Online,123,273.21,33605.17,19154.95,2942.7,6151.96,2157.59,30407.2,3197.97,9.52
ORD-002229,2026-02-12,2026,Q1,2,Asia Pacific,Australia,Laptop,Distributor,250,985.71,246427.61,142928.01,6831.54,9389.33,1955.94,161104.82,85322.79,34.62
ORD-004053,2026-02-12,2026,Q1,2,Middle East,Qatar,Server,Online,468,2041.11,955240.45,649563.51,8362.12,16588.83,3519.75,678034.21,277206.24,29.02
ORD-002251,2026-02-13,2026,Q1,2,Middle East,Qatar,Tablet,Online,161,448.1,72144.17,37514.97,2364.08,6041.32,974.81,46895.19,25248.98,35.0
ORD-000955,2026-02-13,2026,Q1,2,Europe,Germany,Printer,Retail,403,308.29,124239.54,70816.54,5997.01,12422.69,4113.25,93349.49,30890.05,24.86
ORD-002747,2026-02-14,2026,Q1,2,Asia Pacific,India,Laptop,Online,308,857.81,264205.55,153239.22,8592.61,16886.98,3852.91,182571.72,81633.83,30.9
ORD-002810,2026-02-14,2026,Q1,2,Europe,Italy,Laptop,Distributor,21,797.22,16741.54,9710.09,347.68,288.23,411.0,10757.01,5984.53,35.75
ORD-002867,2026-02-14,2026,Q1,2,North America,USA,Tablet,Enterprise,46,520.21,23929.74,12443.46,1478.14,2566.58,950.27,17438.45,6491.29,27.13
ORD-001899,2026-02-14,2026,Q1,2,Middle East,Qatar,Server,Online,119,2261.45,269112.65,182996.6,3219.88,1877.16,2560.68,190654.33,78458.32,29.15
ORD-001704,2026-02-14,2026,Q1,2,Asia Pacific,Australia,Printer,Retail,491,254.51,124964.24,71229.61,6871.02,25993.75,7263.18,111357.56,13606.67,10.89
ORD-000046,2026-02-14,2026,Q1,2,Europe,France,Tablet,Distributor,377,534.83,201631.17,104848.21,5031.78,5834.55,6016.71,121731.24,79899.93,39.63
ORD-000387,2026-02-14,2026,Q1,2,Latin America,Argentina,Laptop,Online,36,981.82,35345.61,20500.45,804.79,907.56,487.59,22700.4,12645.21,35.78
ORD-000040,2026-02-15,2026,Q1,2,Europe,Spain,Laptop,Enterprise,187,782.13,146258.56,84829.96,1647.58,3266.29,2787.9,92531.74,53726.82,36.73
ORD-003773,2026-02-15,2026,Q1,2,Europe,Germany,Monitor,Retail,25,308.42,7710.49,4240.77,204.67,1165.42,264.6,5875.46,1835.03,23.8
ORD-000758,2026-02-15,2026,Q1,2,Europe,Spain,Desktop,Online,104,794.61,82639.5,49583.7,3522.16,6209.51,427.26,59742.63,22896.87,27.71
ORD-000927,2026-02-16,2026,Q1,2,Europe,Spain,Printer,Online,53,268.01,14204.41,8096.51,1722.61,2274.11,374.72,12467.95,1736.46,12.22
ORD-001816,2026-02-16,2026,Q1,2,North America,Canada,Monitor,Enterprise,130,267.72,34803.88,19142.13,1413.35,1566.57,1322.92,23444.97,11358.9,32.64
ORD-001074,2026-02-16,2026,Q1,2,Asia Pacific,Australia,Monitor,Online,171,335.1,57302.84,31516.56,4529.13,2153.94,2253.78,40453.41,16849.43,29.4
ORD-003203,2026-02-16,2026,Q1,2,Asia Pacific,Australia,Monitor,Enterprise,58,274.48,15919.8,8755.89,1775.95,1286.42,243.89,12062.15,3857.65,24.23
ORD-004613,2026-02-16,2026,Q1,2,Asia Pacific,Singapore,Desktop,Distributor,80,773.45,61875.96,37125.57,644.67,813.99,1618.14,40202.37,21673.58,35.03
ORD-004331,2026-02-16,2026,Q1,2,Middle East,Saudi Arabia,Monitor,Online,425,256.46,108997.14,59948.43,8065.61,14871.72,7928.32,90814.07,18183.06,16.68
ORD-002235,2026-02-17,2026,Q1,2,North America,Mexico,Tablet,Distributor,403,570.34,229847.94,119520.93,10557.79,15703.85,4630.55,150413.11,79434.82,34.56
ORD-001350,2026-02-17,2026,Q1,2,North America,Canada,Printer,Retail,7,262.8,1839.6,1048.57,200.51,86.34,141.24,1476.66,362.93,19.73
ORD-004156,2026-02-17,2026,Q1,2,Asia Pacific,Australia,Monitor,Distributor,250,343.73,85933.69,47263.53,2082.55,3822.88,6235.46,59404.41,26529.27,30.87
ORD-000855,2026-02-17,2026,Q1,2,Latin America,Argentina,Laptop,Retail,399,789.2,314892.05,182637.39,7972.42,21697.06,3296.31,215603.18,99288.88,31.53
ORD-002402,2026-02-17,2026,Q1,2,North America,Canada,Monitor,Online,496,327.1,162242.83,89233.56,5125.82,15872.05,2080.05,112311.48,49931.35,30.78
ORD-002474,2026-02-17,2026,Q1,2,Middle East,Saudi Arabia,Printer,Distributor,447,270.1,120734.82,68818.85,11105.65,19660.68,6513.01,106098.18,14636.64,12.12
ORD-003647,2026-02-18,2026,Q1,2,Latin America,Brazil,Server,Online,330,2026.57,668769.18,454763.04,7922.94,19657.79,3090.09,485433.87,183335.31,27.41
ORD-002440,2026-02-18,2026,Q1,2,Asia Pacific,Singapore,Desktop,Online,258,713.72,184139.37,110483.62,5791.07,9535.48,2862.61,128672.78,55466.58,30.12
ORD-003679,2026-02-18,2026,Q1,2,Asia Pacific,India,Server,Enterprise,422,2485.98,1049083.01,713376.45,4139.85,21072.08,7657.22,746245.59,302837.42,28.87
ORD-001976,2026-02-18,2026,Q1,2,Latin America,Chile,Printer,Online,187,307.89,57574.7,32817.58,5946.55,7020.57,2316.54,48101.24,9473.46,16.45
ORD-004461,2026-02-18,2026,Q1,2,North America,Mexico,Tablet,Enterprise,269,516.29,138881.69,72218.48,5015.3,9642.05,3105.89,89981.72,48899.97,35.21
ORD-000090,2026-02-18,2026,Q1,2,North America,USA,Laptop,Enterprise,153,914.08,139854.47,81115.6,4358.27,6065.59,1020.75,92560.2,47294.27,33.82
ORD-003610,2026-02-19,2026,Q1,2,Europe,Germany,Server,Distributor,371,2340.46,868308.84,590450.01,4665.5,10764.85,4899.17,610779.53,257529.31,29.66
ORD-001954,2026-02-19,2026,Q1,2,Latin America,Chile,Printer,Online,361,306.6,110680.83,63088.07,5440.35,21259.15,2613.9,92401.47,18279.36,16.52
ORD-001216,2026-02-19,2026,Q1,2,Latin America,Argentina,Laptop,Enterprise,347,879.79,305288.59,177067.38,7527.59,13150.34,8373.89,206119.21,99169.38,32.48
ORD-003866,2026-02-19,2026,Q1,2,Europe,UK,Monitor,Retail,241,325.76,78507.65,43179.21,3319.37,5277.79,2479.88,54256.24,24251.41,30.89
ORD-001178,2026-02-19,2026,Q1,2,Europe,France,Printer,Online,428,272.83,116772.72,66560.45,12817.92,7657.54,8637.31,95673.21,21099.5,18.07
ORD-001552,2026-02-19,2026,Q1,2,North America,Canada,Tablet,Retail,5,535.29,2676.47,1391.77,140.36,272.56,61.07,1865.76,810.71,30.29
ORD-004929,2026-02-19,2026,Q1,2,Europe,Germany,Laptop,Online,312,916.0,285791.9,165759.3,4685.52,4004.95,5900.48,180350.24,105441.65,36.89
ORD-002725,2026-02-19,2026,Q1,2,Europe,France,Printer,Online,212,277.26,58778.2,33503.57,4462.11,2467.2,4397.69,44830.57,13947.64,23.73
ORD-003854,2026-02-19,2026,Q1,2,Asia Pacific,India,Monitor,Online,441,301.7,133048.83,73176.86,14787.19,13201.26,7898.53,109063.84,23984.99,18.03
ORD-002218,2026-02-20,2026,Q1,2,Europe,Italy,Desktop,Retail,304,830.12,252356.51,151413.91,2799.38,14547.17,5999.67,174760.13,77596.39,30.75
ORD-004500,2026-02-20,2026,Q1,2,Europe,France,Printer,Enterprise,90,279.89,25190.48,14358.58,1540.67,1242.26,1122.46,18263.96,6926.52,27.5
ORD-003736,2026-02-21,2026,Q1,2,Europe,Germany,Tablet,Retail,311,564.38,175521.72,91271.29,9104.15,11662.84,4833.52,116871.81,58649.91,33.41
ORD-001591,2026-02-21,2026,Q1,2,Middle East,UAE,Monitor,Distributor,329,325.15,106973.73,58835.55,6407.94,11546.1,2408.0,79197.59,27776.14,25.97
ORD-001960,2026-02-21,2026,Q1,2,Asia Pacific,Australia,Desktop,Retail,152,848.17,128921.76,77353.05,4436.6,1824.58,1394.02,85008.25,43913.51,34.06
ORD-001744,2026-02-22,2026,Q1,2,North America,Mexico,Desktop,Enterprise,172,773.23,132995.44,79797.26,1395.1,5444.96,3907.57,90544.9,42450.54,31.92
ORD-004198,2026-02-22,2026,Q1,2,North America,USA,Laptop,Retail,455,903.1,410911.37,238328.6,14913.04,6278.8,11234.55,270754.97,140156.4,34.11
ORD-004257,2026-02-22,2026,Q1,2,Asia Pacific,Japan,Laptop,Retail,487,937.76,456687.53,264878.77,15134.61,6885.41,11752.86,298651.66,158035.88,34.6
ORD-002845,2026-02-22,2026,Q1,2,Europe,Germany,Laptop,Online,374,829.66,310294.39,179970.75,7534.86,19916.39,8477.57,215899.57,94394.82,30.42
ORD-000499,2026-02-22,2026,Q1,2,Latin America,Argentina,Laptop,Distributor,135,895.6,120906.0,70125.48,2948.95,5193.42,1494.88,79762.73,41143.26,34.03
ORD-003095,2026-02-23,2026,Q1,2,North America,USA,Printer,Distributor,312,321.61,100341.93,57194.9,7990.06,7185.93,5121.09,77491.99,22849.95,22.77
ORD-001832,2026-02-23,2026,Q1,2,Asia Pacific,Australia,Desktop,Retail,444,704.61,312846.54,187707.93,8394.61,11597.05,7714.4,215413.99,97432.55,31.14
ORD-000608,2026-02-23,2026,Q1,2,Asia Pacific,Singapore,Tablet,Online,119,433.54,51591.29,26827.47,2184.88,1837.92,1029.52,31879.79,19711.5,38.21
ORD-000757,2026-02-23,2026,Q1,2,North America,Canada,Server,Online,184,1899.37,349483.4,237648.71,4530.55,3045.19,2845.57,248070.02,101413.38,29.02
ORD-000269,2026-02-23,2026,Q1,2,North America,USA,Monitor,Retail,165,285.04,47032.22,25867.72,4959.94,7036.11,2741.52,40605.29,6426.93,13.66
ORD-004406,2026-02-23,2026,Q1,2,Asia Pacific,India,Monitor,Enterprise,227,297.12,67446.25,37095.44,5058.45,3678.32,2715.9,48548.11,18898.15,28.02
ORD-004075,2026-02-23,2026,Q1,2,North America,USA,Printer,Distributor,323,310.19,100190.2,57108.41,3092.57,11978.41,3991.98,76171.37,24018.83,23.97
ORD-002577,2026-02-24,2026,Q1,2,Asia Pacific,Singapore,Tablet,Distributor,194,426.28,82697.44,43002.67,6075.98,11303.58,4225.82,64608.05,18089.39,21.87
ORD-001613,2026-02-25,2026,Q1,2,Asia Pacific,Singapore,Server,Online,97,1997.97,193803.22,131786.19,2609.7,3286.4,2134.05,139816.34,53986.88,27.86
ORD-002372,2026-02-25,2026,Q1,2,North America,Mexico,Server,Retail,216,1941.01,419257.81,285095.31,7275.89,5421.41,1382.16,299174.77,120083.04,28.64
ORD-002615,2026-02-25,2026,Q1,2,Asia Pacific,Australia,Monitor,Online,236,311.73,73567.67,40462.22,2372.87,12674.8,1660.33,57170.21,16397.45,22.29
ORD-004351,2026-02-26,2026,Q1,2,Asia Pacific,India,Laptop,Online,88,781.71,68790.27,39898.36,2021.65,4376.77,1892.13,48188.91,20601.36,29.95
ORD-004830,2026-02-26,2026,Q1,2,Europe,Germany,Monitor,Distributor,355,290.26,103043.03,56673.67,3859.44,4408.09,2061.07,67002.26,36040.77,34.98
ORD-004802,2026-02-26,2026,Q1,2,Asia Pacific,Australia,Tablet,Distributor,345,492.6,169946.05,88371.94,7791.15,14439.23,4067.9,114670.23,55275.81,32.53
ORD-003985,2026-02-27,2026,Q1,2,Europe,France,Printer,Retail,417,292.95,122159.41,69630.86,13825.9,11912.8,3559.52,98929.09,23230.32,19.02
ORD-001610,2026-02-27,2026,Q1,2,Europe,Spain,Desktop,Enterprise,252,742.13,187015.88,112209.53,4243.86,7494.23,6014.58,129962.19,57053.69,30.51
ORD-001895,2026-02-27,2026,Q1,2,Latin America,Chile,Monitor,Enterprise,215,272.1,58501.96,32176.08,5262.46,8880.71,2751.46,49070.71,9431.25,16.12
ORD-003774,2026-02-28,2026,Q1,2,North America,Mexico,Printer,Retail,320,313.51,100323.73,57184.52,3717.15,12885.63,4698.56,78485.86,21837.87,21.77
ORD-002977,2026-02-28,2026,Q1,2,Asia Pacific,Australia,Laptop,Enterprise,248,867.18,215061.1,124735.44,4854.77,5759.86,2468.26,137818.33,77242.77,35.92
ORD-000337,2026-02-28,2026,Q1,2,Europe,Spain,Printer,Online,160,253.67,40586.65,23134.39,3785.81,6294.08,2462.03,35676.31,4910.34,12.1
ORD-003757,2026-02-28,2026,Q1,2,North America,USA,Monitor,Distributor,260,300.35,78091.22,42950.17,8265.52,7311.84,6488.94,65016.48,13074.74,16.74
ORD-001968,2026-02-28,2026,Q1,2,Middle East,Saudi Arabia,Laptop,Retail,50,966.71,48335.41,28034.54,565.86,1712.52,1045.6,31358.53,16976.89,35.12
ORD-003555,2026-03-01,2026,Q1,3,North America,Canada,Laptop,Online,307,825.22,253343.94,146939.49,8823.29,10748.93,5431.6,171943.31,81400.63,32.13
ORD-004824,2026-03-01,2026,Q1,3,Asia Pacific,Singapore,Tablet,Distributor,198,520.87,103132.48,53628.89,1765.44,6081.39,3753.56,65229.28,37903.2,36.75
ORD-004492,2026-03-01,2026,Q1,3,North America,Mexico,Monitor,Distributor,27,326.81,8823.75,4853.06,354.03,643.03,327.87,6177.99,2645.76,29.98
ORD-000326,2026-03-01,2026,Q1,3,North America,Canada,Tablet,Online,411,491.03,201812.37,104942.43,3840.12,14489.79,4259.4,127531.74,74280.64,36.81
ORD-003027,2026-03-01,2026,Q1,3,Asia Pacific,India,Desktop,Enterprise,345,800.65,276222.85,165733.71,11108.36,6953.1,1916.12,185711.29,90511.56,32.77
ORD-000366,2026-03-02,2026,Q1,3,Middle East,UAE,Monitor,Enterprise,388,302.76,117469.79,64608.39,12976.3,9476.68,9478.04,96539.41,20930.39,17.82
ORD-001308,2026-03-02,2026,Q1,3,North America,Canada,Laptop,Distributor,166,955.52,158615.66,91997.08,5387.67,2121.97,3531.14,103037.87,55577.8,35.04
ORD-004111,2026-03-02,2026,Q1,3,Asia Pacific,Japan,Server,Retail,293,1951.07,571662.93,388730.79,9242.82,14617.07,7167.92,419758.61,151904.33,26.57
ORD-002125,2026-03-02,2026,Q1,3,Europe,Germany,Desktop,Enterprise,475,808.3,383943.58,230366.15,15074.19,18923.36,2115.78,266479.47,117464.11,30.59
ORD-000067,2026-03-02,2026,Q1,3,Europe,Spain,Tablet,Enterprise,9,571.92,5147.25,2676.57,106.57,234.63,201.04,3218.81,1928.44,37.47
ORD-001781,2026-03-03,2026,Q1,3,Europe,Spain,Printer,Retail,402,254.86,102455.69,58399.74,8046.6,19012.92,6227.63,91686.9,10768.79,10.51
ORD-002788,2026-03-03,2026,Q1,3,Europe,France,Desktop,Enterprise,496,852.95,423061.4,253836.84,12064.02,18466.38,8563.2,292930.44,130130.96,30.76
ORD-001307,2026-03-03,2026,Q1,3,Middle East,UAE,Monitor,Distributor,100,305.89,30588.59,16823.72,1517.08,2772.05,1654.23,22767.08,7821.5,25.57
ORD-001606,2026-03-03,2026,Q1,3,Latin America,Chile,Laptop,Online,212,868.76,184176.22,106822.21,2772.94,2151.45,845.44,112592.03,71584.19,38.87
ORD-000826,2026-03-04,2026,Q1,3,Latin America,Chile,Tablet,Distributor,182,518.81,94423.37,49100.15,2768.72,3597.23,829.99,56296.1,38127.28,40.38
ORD-000641,2026-03-04,2026,Q1,3,Asia Pacific,Australia,Server,Online,328,1934.07,634373.57,431374.03,5977.34,16530.44,6063.02,459944.82,174428.75,27.5
ORD-001450,2026-03-04,2026,Q1,3,Latin America,Brazil,Printer,Online,420,285.29,119821.55,68298.29,4495.13,8490.82,6545.15,87829.38,31992.17,26.7
ORD-002681,2026-03-04,2026,Q1,3,Europe,Italy,Server,Distributor,79,1906.32,150599.15,102407.42,788.59,1086.81,550.7,104833.52,45765.63,30.39
ORD-002908,2026-03-04,2026,Q1,3,Europe,Italy,Server,Online,86,1958.36,168418.86,114524.83,1957.68,2683.82,1911.83,121078.16,47340.7,28.11
ORD-003454,2026-03-04,2026,Q1,3,Europe,Germany,Tablet,Enterprise,58,571.73,33160.39,17243.4,914.45,3351.89,211.77,21721.51,11438.88,34.5
ORD-004715,2026-03-04,2026,Q1,3,Latin America,Brazil,Laptop,Enterprise,431,803.82,346447.9,200939.78,10215.03,25310.2,2728.37,239193.38,107254.52,30.96
ORD-001022,2026-03-04,2026,Q1,3,Europe,UK,Server,Retail,218,2423.06,528226.0,359193.68,1938.14,9730.6,2841.68,373704.1,154521.9,29.25
ORD-000453,2026-03-05,2026,Q1,3,North America,Canada,Printer,Distributor,288,269.14,77512.03,44181.86,2495.39,15323.38,2097.07,64097.7,13414.33,17.31
ORD-000108,2026-03-05,2026,Q1,3,Asia Pacific,Singapore,Tablet,Retail,34,520.19,17686.29,9196.87,1133.63,1049.53,118.57,11498.6,6187.69,34.99
ORD-004324,2026-03-05,2026,Q1,3,Middle East,Saudi Arabia,Laptop,Retail,225,929.74,209191.19,121330.89,5315.4,12974.72,804.73,140425.74,68765.45,32.87
ORD-000541,2026-03-05,2026,Q1,3,Europe,France,Printer,Online,353,308.06,108745.09,61984.7,10709.61,16737.19,8568.98,98000.49,10744.6,9.88
ORD-004234,2026-03-06,2026,Q1,3,North America,USA,Monitor,Distributor,273,344.03,93920.91,51656.5,4076.28,15230.24,6687.34,77650.37,16270.55,17.32
ORD-003930,2026-03-06,2026,Q1,3,Europe,France,Desktop,Online,232,698.63,162081.01,97248.6,6243.49,12150.85,4528.71,120171.65,41909.35,25.86
ORD-000129,2026-03-06,2026,Q1,3,North America,Mexico,Tablet,Retail,423,531.91,224999.16,116999.56,5136.99,23708.25,6237.3,152082.12,72917.05,32.41
ORD-001199,2026-03-06,2026,Q1,3,Europe,Spain,Desktop,Enterprise,472,783.08,369615.12,221769.07,5033.48,14557.89,7041.18,248401.62,121213.5,32.79
ORD-003307,2026-03-06,2026,Q1,3,Asia Pacific,Singapore,Server,Online,110,2331.25,256437.18,174377.28,1970.69,5074.67,1099.11,182521.76,73915.42,28.82
ORD-002580,2026-03-07,2026,Q1,3,Latin America,Chile,Laptop,Online,282,878.41,247711.44,143672.64,4075.97,4758.01,7008.76,159515.38,88196.06,35.6
ORD-004241,2026-03-07,2026,Q1,3,North America,Mexico,Tablet,Retail,229,493.25,112954.65,58736.42,6191.39,13201.33,2469.09,80598.23,32356.42,28.65
ORD-001501,2026-03-07,2026,Q1,3,Europe,Italy,Printer,Distributor,56,270.77,15163.11,8642.97,664.78,1919.82,1193.93,12421.49,2741.62,18.08
ORD-000604,2026-03-07,2026,Q1,3,Europe,France,Server,Online,196,2407.88,471944.17,320922.04,5996.0,6615.27,1595.32,335128.63,136815.54,28.99
ORD-002948,2026-03-07,2026,Q1,3,Latin America,Brazil,Laptop,Online,63,822.8,51836.63,30065.24,1318.34,3418.54,1426.0,36228.13,15608.5,30.11
ORD-001292,2026-03-07,2026,Q1,3,Asia Pacific,Japan,Monitor,Online,290,320.19,92854.09,51069.75,4260.04,11432.15,7117.79,73879.73,18974.35,20.43
ORD-004502,2026-03-08,2026,Q1,3,Middle East,Saudi Arabia,Server,Enterprise,390,2210.6,862134.15,586251.22,12523.35,7278.73,4424.8,610478.1,251656.04,29.19
ORD-000592,2026-03-08,2026,Q1,3,Latin America,Brazil,Server,Online,266,2497.26,664269.97,451703.58,7509.17,10550.09,3739.11,473501.95,190768.02,28.72
ORD-004122,2026-03-08,2026,Q1,3,Latin America,Argentina,Tablet,Online,128,432.53,55363.34,28788.94,3696.22,5929.93,2818.62,41233.71,14129.64,25.52
ORD-000769,2026-03-08,2026,Q1,3,Asia Pacific,Australia,Laptop,Retail,11,885.45,9740.0,5649.2,272.32,175.91,219.91,6317.34,3422.66,35.14
ORD-000231,2026-03-08,2026,Q1,3,Middle East,UAE,Server,Distributor,56,2106.81,117981.17,80227.19,517.01,2910.67,644.0,84298.88,33682.29,28.55
ORD-000529,2026-03-08,2026,Q1,3,North America,Mexico,Printer,Retail,429,271.78,116594.61,66458.93,5917.93,19110.93,9302.73,100790.52,15804.09,13.55
ORD-004829,2026-03-09,2026,Q1,3,Asia Pacific,India,Desktop,Online,63,843.52,53141.47,31884.88,774.01,1740.72,1258.53,35658.14,17483.33,32.9
ORD-003602,2026-03-09,2026,Q1,3,Europe,France,Tablet,Enterprise,85,467.45,39733.15,20661.24,2771.15,3861.39,1278.5,28572.27,11160.87,28.09
ORD-001742,2026-03-10,2026,Q1,3,Latin America,Brazil,Monitor,Online,156,272.14,42454.15,23349.78,1603.2,4550.39,2313.89,31817.26,10636.89,25.06
ORD-004097,2026-03-10,2026,Q1,3,Europe,France,Desktop,Retail,123,764.62,94048.61,56429.16,1997.18,6811.46,2599.19,67836.99,26211.61,27.87
ORD-004410,2026-03-10,2026,Q1,3,Middle East,UAE,Laptop,Enterprise,403,923.32,372096.01,215815.69,8487.03,23346.06,8989.22,256638.0,115458.02,31.03
ORD-000782,2026-03-10,2026,Q1,3,Europe,Germany,Tablet,Online,320,554.57,177463.0,92280.76,8940.32,5225.44,5514.76,111961.28,65501.72,36.91
ORD-000926,2026-03-10,2026,Q1,3,Asia Pacific,India,Monitor,Online,86,342.38,29444.86,16194.67,2607.29,3827.99,1520.83,24150.78,5294.08,17.98
ORD-000213,2026-03-11,2026,Q1,3,Europe,France,Monitor,Retail,121,272.99,33031.34,18167.24,1053.89,5710.73,1176.74,26108.59,6922.75,20.96
ORD-001543,2026-03-11,2026,Q1,3,Latin America,Chile,Laptop,Online,201,975.61,196097.23,113736.4,3882.3,4527.19,3719.69,125865.58,70231.65,35.81
ORD-001348,2026-03-11,2026,Q1,3,North America,Mexico,Printer,Online,54,299.73,16185.57,9225.78,587.45,828.39,1065.34,11706.96,4478.62,27.67
ORD-001364,2026-03-11,2026,Q1,3,Asia Pacific,Australia,Tablet,Retail,143,554.7,79321.88,41247.38,1780.7,7595.76,2021.07,52644.92,26676.96,33.63
ORD-000331,2026-03-12,2026,Q1,3,Europe,UK,Desktop,Online,318,789.38,251021.61,150612.97,7702.83,11469.72,5901.95,175687.47,75334.15,30.01
ORD-003282,2026-03-12,2026,Q1,3,Middle East,Saudi Arabia,Printer,Online,41,245.34,10058.94,5733.59,575.27,1341.41,554.58,8204.85,1854.08,18.43
ORD-003950,2026-03-12,2026,Q1,3,North America,USA,Monitor,Retail,344,291.74,100357.62,55196.69,11428.77,19642.81,2419.63,88687.9,11669.72,11.63
ORD-003220,2026-03-12,2026,Q1,3,Europe,Italy,Tablet,Enterprise,136,484.38,65875.07,34255.04,1850.29,6660.84,1007.94,43774.11,22100.97,33.55
ORD-001898,2026-03-12,2026,Q1,3,Europe,UK,Server,Online,200,2458.1,491620.03,334301.62,1921.66,6323.55,3556.92,346103.75,145516.28,29.6
ORD-002698,2026-03-12,2026,Q1,3,Asia Pacific,India,Desktop,Online,315,807.46,254350.15,152610.09,5779.93,11109.35,4020.88,173520.25,80829.9,31.78
ORD-000359,2026-03-12,2026,Q1,3,Middle East,Saudi Arabia,Server,Online,29,2251.78,65301.48,44405.01,411.01,507.42,343.35,45666.78,19634.7,30.07
ORD-004987,2026-03-12,2026,Q1,3,Asia Pacific,Singapore,Desktop,Online,436,756.06,329642.93,197785.76,7457.46,4448.94,1877.98,211570.14,118072.79,35.82
ORD-003347,2026-03-13,2026,Q1,3,Asia Pacific,India,Desktop,Distributor,298,852.94,254176.31,152505.79,4258.48,16801.54,930.83,174496.63,79679.68,31.35
ORD-003619,2026-03-13,2026,Q1,3,North America,USA,Tablet,Distributor,56,432.12,24198.56,12583.25,1230.33,1571.56,577.89,15963.03,8235.53,34.03
ORD-003611,2026-03-13,2026,Q1,3,North America,Mexico,Tablet,Distributor,318,426.39,135592.03,70507.85,4392.32,6049.55,7866.81,88816.54,46775.49,34.5
ORD-004920,2026-03-14,2026,Q1,3,North America,Canada,Monitor,Enterprise,202,293.11,59209.14,32565.03,6621.23,4455.14,1675.94,45317.34,13891.8,23.46
ORD-003533,2026-03-14,2026,Q1,3,Middle East,Qatar,Tablet,Distributor,441,532.55,234856.36,122125.3,5776.38,17315.82,4165.23,149382.74,85473.62,36.39
ORD-004233,2026-03-14,2026,Q1,3,Asia Pacific,Japan,Server,Online,158,1980.73,312956.07,212810.13,1880.49,4857.99,3850.82,223399.44,89556.63,28.62
ORD-000653,2026-03-14,2026,Q1,3,Latin America,Chile,Desktop,Online,193,644.09,124309.04,74585.43,5607.69,3333.18,4107.8,87634.1,36674.95,29.5
ORD-001429,2026-03-15,2026,Q1,3,Europe,France,Printer,Retail,462,306.72,141703.33,80770.9,12065.83,16769.06,7871.19,117476.99,24226.34,17.1
ORD-001099,2026-03-15,2026,Q1,3,Latin America,Brazil,Monitor,Online,320,255.4,81729.01,44950.95,4250.75,13033.74,7458.13,69693.58,12035.43,14.73
ORD-000970,2026-03-15,2026,Q1,3,Middle East,Qatar,Monitor,Distributor,192,290.42,55761.59,30668.87,2005.51,7485.19,1865.09,42024.66,13736.93,24.64
ORD-001668,2026-03-15,2026,Q1,3,Latin America,Chile,Laptop,Distributor,412,879.45,362331.83,210152.46,14131.53,11421.21,3858.04,239563.24,122768.59,33.88
ORD-003686,2026-03-15,2026,Q1,3,Asia Pacific,India,Desktop,Retail,495,676.05,334642.79,200785.68,9281.59,24513.34,7390.93,241971.53,92671.26,27.69
ORD-000993,2026-03-15,2026,Q1,3,Asia Pacific,Singapore,Server,Enterprise,209,2467.23,515650.9,350642.61,4129.39,8257.04,4798.75,367827.79,147823.1,28.67
ORD-000096,2026-03-15,2026,Q1,3,Middle East,Qatar,Laptop,Online,208,1025.75,213355.21,123746.02,2497.33,2981.98,1039.01,130264.35,83090.86,38.94
ORD-000011,2026-03-16,2026,Q1,3,Europe,Germany,Tablet,Retail,422,456.16,192498.39,100099.16,7315.64,19114.11,10479.55,137008.47,55489.92,28.83
ORD-000590,2026-03-16,2026,Q1,3,Europe,Italy,Laptop,Retail,489,904.1,442105.13,256420.98,11993.39,21513.13,11587.31,301514.8,140590.33,31.8
ORD-000813,2026-03-16,2026,Q1,3,Europe,UK,Laptop,Online,241,771.54,185942.14,107846.44,3986.28,10557.1,5371.61,127761.43,58180.71,31.29
ORD-000675,2026-03-16,2026,Q1,3,Europe,Italy,Server,Distributor,283,2056.94,582115.26,395838.38,7416.52,7223.3,5386.6,415864.8,166250.46,28.56
ORD-004466,2026-03-16,2026,Q1,3,Middle East,UAE,Tablet,Enterprise,458,469.17,214879.57,111737.38,6131.86,21304.27,6566.13,145739.63,69139.94,32.18
ORD-003520,2026-03-17,2026,Q1,3,Europe,Spain,Printer,Online,25,267.44,6686.02,3811.03,229.54,1109.31,589.07,5738.95,947.07,14.16
ORD-003363,2026-03-17,2026,Q1,3,North America,Mexico,Server,Retail,109,2418.88,263658.15,179287.55,2931.09,1117.74,1361.57,184697.93,78960.22,29.95
ORD-001152,2026-03-17,2026,Q1,3,Europe,Spain,Monitor,Enterprise,65,257.27,16722.74,9197.51,1062.34,3624.23,277.52,14161.59,2561.15,15.32
ORD-001028,2026-03-17,2026,Q1,3,Asia Pacific,Australia,Desktop,Online,214,672.62,143941.46,86364.87,5384.55,4925.62,5111.09,101786.13,42155.32,29.29
ORD-004102,2026-03-18,2026,Q1,3,North America,USA,Tablet,Retail,400,524.79,209916.88,109156.78,11472.89,20355.77,7927.76,148913.19,61003.69,29.06
ORD-004334,2026-03-18,2026,Q1,3,North America,USA,Tablet,Enterprise,230,523.1,120314.14,62563.35,5626.26,9116.14,2262.76,79568.51,40745.63,33.87
ORD-001395,2026-03-19,2026,Q1,3,North America,Mexico,Printer,Retail,430,306.65,131859.39,75159.85,12316.22,14010.28,10466.82,111953.17,19906.22,15.1
ORD-004149,2026-03-19,2026,Q1,3,Latin America,Argentina,Printer,Retail,284,289.81,82304.65,46913.65,3222.73,6004.39,4168.27,60309.06,21995.6,26.72
ORD-002127,2026-03-19,2026,Q1,3,North America,Mexico,Laptop,Retail,499,840.96,419639.36,243390.83,13931.38,15308.11,4865.5,277495.82,142143.54,33.87
ORD-004194,2026-03-20,2026,Q1,3,Middle East,Saudi Arabia,Tablet,Distributor,40,441.32,17652.94,9179.53,909.33,1523.98,480.86,12093.69,5559.25,31.49
ORD-003723,2026-03-20,2026,Q1,3,Asia Pacific,Japan,Desktop,Distributor,380,841.62,319814.35,191888.61,7771.63,14425.32,6519.94,220605.49,99208.86,31.02
ORD-002791,2026-03-20,2026,Q1,3,Latin America,Brazil,Desktop,Distributor,486,651.0,316387.18,189832.31,8056.35,23501.86,8078.34,229468.86,86918.32,27.47
ORD-004146,2026-03-21,2026,Q1,3,Europe,Spain,Tablet,Online,71,466.46,33119.0,17221.88,2067.22,2762.71,484.6,22536.41,10582.59,31.95
ORD-000684,2026-03-22,2026,Q1,3,Europe,Italy,Tablet,Online,407,574.89,233980.83,121670.03,10104.16,12488.35,2586.15,146848.69,87132.14,37.24
ORD-004727,2026-03-23,2026,Q1,3,Europe,Spain,Laptop,Retail,447,816.92,365162.8,211794.43,15028.94,9321.46,11095.41,247240.24,117922.56,32.29
ORD-004673,2026-03-23,2026,Q1,3,Middle East,Qatar,Server,Online,389,2076.72,807845.32,549334.82,11576.96,12052.25,9313.74,582277.76,225567.56,27.92
ORD-002273,2026-03-24,2026,Q1,3,North America,Canada,Server,Retail,38,2380.97,90476.9,61524.29,860.64,712.33,724.03,63821.29,26655.61,29.46
ORD-001120,2026-03-24,2026,Q1,3,Asia Pacific,Japan,Laptop,Retail,212,1021.84,216630.4,125645.63,6870.09,5406.1,4179.37,142101.18,74529.22,34.4
ORD-000943,2026-03-24,2026,Q1,3,North America,USA,Laptop,Retail,383,788.76,302095.62,175215.46,3703.27,7276.74,1885.31,188080.78,114014.85,37.74
ORD-004661,2026-03-24,2026,Q1,3,Europe,UK,Tablet,Retail,258,568.48,146667.59,76267.14,2237.81,12627.94,2239.45,93372.35,53295.24,36.34
ORD-000856,2026-03-24,2026,Q1,3,North America,Canada,Printer,Online,272,263.24,71600.0,40812.0,6818.62,14608.42,6006.51,68245.56,3354.44,4.68
ORD-001542,2026-03-24,2026,Q1,3,Middle East,Saudi Arabia,Tablet,Distributor,274,517.15,141698.94,73683.45,5291.55,13673.41,1652.35,94300.77,47398.18,33.45
ORD-000833,2026-03-25,2026,Q1,3,Europe,Italy,Desktop,Retail,272,843.15,229336.8,137602.08,4871.84,5471.61,5202.7,153148.23,76188.57,33.22
ORD-000814,2026-03-25,2026,Q1,3,Asia Pacific,Singapore,Laptop,Retail,281,911.13,256028.17,148496.34,9372.63,10097.45,3646.38,171612.8,84415.37,32.97
ORD-000962,2026-03-25,2026,Q1,3,Asia Pacific,India,Tablet,Retail,490,498.69,244355.74,127064.99,12239.92,28992.14,1898.82,170195.86,74159.88,30.35
ORD-000488,2026-03-25,2026,Q1,3,Latin America,Chile,Printer,Online,202,248.55,50207.88,28618.49,3585.01,9999.37,4394.2,46597.07,3610.81,7.19
ORD-000059,2026-03-26,2026,Q1,3,Middle East,UAE,Laptop,Retail,461,812.35,374493.03,217205.96,5153.79,13915.15,5874.94,242149.83,132343.2,35.34
ORD-003933,2026-03-26,2026,Q1,3,Asia Pacific,Singapore,Tablet,Online,429,475.89,204157.85,106162.08,8552.13,9140.3,4815.81,128670.32,75487.53,36.98
ORD-001584,2026-03-26,2026,Q1,3,Europe,Germany,Server,Enterprise,347,2271.98,788376.67,536096.14,11336.62,15401.75,3457.13,566291.64,222085.04,28.17
ORD-000195,2026-03-26,2026,Q1,3,Middle East,Qatar,Monitor,Retail,160,320.26,51240.83,28182.46,5128.48,8806.03,2757.92,44874.88,6365.94,12.42
ORD-000215,2026-03-26,2026,Q1,3,Asia Pacific,India,Server,Distributor,374,1980.59,740741.23,503704.04,8923.87,11306.07,6271.84,530205.82,210535.41,28.42
ORD-000237,2026-03-26,2026,Q1,3,Middle East,UAE,Monitor,Enterprise,391,328.86,128583.41,70720.88,13149.75,10085.42,5143.06,99099.11,29484.3,22.93
ORD-001215,2026-03-26,2026,Q1,3,Europe,France,Desktop,Retail,153,665.01,101746.06,61047.64,4632.08,3972.0,470.33,70122.04,31624.02,31.08
ORD-001060,2026-03-27,2026,Q1,3,Middle East,Qatar,Laptop,Enterprise,64,864.4,55321.73,32086.6,962.18,1616.03,1447.61,36112.42,19209.31,34.72
ORD-003913,2026-03-27,2026,Q1,3,Asia Pacific,India,Server,Retail,160,2180.72,348915.51,237262.54,4032.34,2997.9,3126.3,247419.09,101496.42,29.09
ORD-002551,2026-03-27,2026,Q1,3,Latin America,Argentina,Server,Online,24,2200.65,52815.53,35914.56,810.37,1344.89,558.24,38628.05,14187.47,26.86
ORD-001146,2026-03-27,2026,Q1,3,Latin America,Brazil,Printer,Enterprise,420,247.59,103988.4,59273.39,5114.38,14852.94,3822.58,83063.28,20925.12,20.12
ORD-002467,2026-03-27,2026,Q1,3,Latin America,Chile,Server,Online,317,2262.76,717296.08,487761.33,7601.71,15583.08,2280.45,513226.56,204069.51,28.45
ORD-003249,2026-03-27,2026,Q1,3,Asia Pacific,Australia,Desktop,Distributor,161,771.03,124135.29,74481.17,4900.02,6926.38,3617.1,89924.68,34210.61,27.56
ORD-003446,2026-03-27,2026,Q1,3,Asia Pacific,Japan,Laptop,Enterprise,60,958.15,57488.73,33343.46,1193.57,1570.23,762.88,36870.15,20618.58,35.87
ORD-002756,2026-03-28,2026,Q1,3,Asia Pacific,India,Tablet,Retail,65,522.8,33982.14,17670.71,833.89,1605.16,977.62,21087.38,12894.76,37.95
ORD-004319,2026-03-28,2026,Q1,3,Middle East,UAE,Tablet,Online,308,500.96,154294.59,80233.18,6423.75,17755.54,4800.48,109212.95,45081.64,29.22
ORD-002768,2026-03-29,2026,Q1,3,North America,Mexico,Desktop,Online,275,664.88,182840.95,109704.57,9311.66,5427.76,2417.58,126861.58,55979.37,30.62
ORD-004016,2026-03-29,2026,Q1,3,North America,Mexico,Tablet,Distributor,84,426.53,35828.19,18630.66,2237.48,1780.97,1756.16,24405.26,11422.93,31.88
ORD-004964,2026-03-29,2026,Q1,3,Europe,Spain,Laptop,Distributor,75,783.37,58752.99,34076.74,1130.14,3834.47,1480.7,40522.04,18230.95,31.03
ORD-002470,2026-03-29,2026,Q1,3,Europe,Germany,Printer,Retail,84,272.05,22852.16,13025.73,1245.05,4034.8,1295.34,19600.92,3251.25,14.23
ORD-001020,2026-03-29,2026,Q1,3,North America,Canada,Tablet,Distributor,433,492.63,213309.28,110920.83,5165.77,14921.07,10280.97,141288.64,72020.64,33.76
ORD-004526,2026-03-30,2026,Q1,3,Europe,UK,Desktop,Enterprise,375,708.96,265859.72,159515.83,6739.5,9851.26,2221.06,178327.65,87532.07,32.92
ORD-001835,2026-03-30,2026,Q1,3,Europe,Germany,Laptop,Online,150,911.38,136707.4,79290.29,4799.06,8488.64,2123.98,94701.97,42005.43,30.73
ORD-002421,2026-03-30,2026,Q1,3,Middle East,UAE,Printer,Online,246,288.36,70936.27,40433.67,5138.67,5081.68,1221.24,51875.28,19061.0,26.87
ORD-002384,2026-03-30,2026,Q1,3,Middle East,Qatar,Printer,Online,316,275.22,86971.03,49573.49,2630.56,4454.42,5854.58,62513.05,24457.98,28.12
ORD-002636,2026-03-30,2026,Q1,3,North America,Mexico,Monitor,Retail,135,334.98,45222.01,24872.11,3724.37,7721.7,2392.24,38710.42,6511.59,14.4
ORD-001834,2026-03-30,2026,Q1,3,North America,Canada,Server,Online,174,2190.54,381153.18,259184.16,1392.32,8104.77,1676.14,270357.39,110795.79,29.07
ORD-000792,2026-03-31,2026,Q1,3,Asia Pacific,India,Tablet,Enterprise,144,559.1,80510.52,41865.47,1861.39,2103.61,1961.13,47791.6,32718.91,40.64
ORD-002592,2026-03-31,2026,Q1,3,Asia Pacific,Singapore,Monitor,Retail,31,311.12,9644.75,5304.61,562.55,1754.86,461.22,8083.25,1561.5,16.19
ORD-001011,2026-03-31,2026,Q1,3,Europe,France,Laptop,Online,222,792.93,176031.29,102098.15,3696.19,12674.67,4717.42,123186.42,52844.86,30.02
ORD-003447,2026-03-31,2026,Q1,3,Europe,Italy,Desktop,Online,12,785.46,9425.47,5655.28,250.27,212.18,243.47,6361.2,3064.27,32.51
ORD-003234,2026-03-31,2026,Q1,3,Middle East,UAE,Tablet,Online,219,528.47,115734.36,60181.87,5375.24,12346.85,3390.12,81294.08,34440.29,29.76
ORD-002386,2026-03-31,2026,Q1,3,Asia Pacific,Australia,Desktop,Retail,327,735.23,240419.91,144251.95,7010.9,8630.79,6132.77,166026.41,74393.51,30.94
ORD-003909,2026-04-01,2026,Q2,4,North America,Mexico,Server,Online,364,2145.02,780787.84,530935.73,11612.2,11191.27,7703.56,561442.76,219345.08,28.09
ORD-001783,2026-04-01,2026,Q2,4,North America,USA,Server,Online,229,2401.54,549953.78,373968.57,6246.22,9165.81,2480.31,391860.91,158092.87,28.75
ORD-002818,2026-04-01,2026,Q2,4,North America,USA,Laptop,Online,374,871.01,325759.3,188940.39,11025.82,18093.81,6472.25,224532.27,101227.03,31.07
ORD-003327,2026-04-01,2026,Q2,4,North America,USA,Tablet,Retail,313,517.58,162003.15,84241.64,8302.05,17636.33,5614.88,115794.9,46208.25,28.52
ORD-001562,2026-04-01,2026,Q2,4,North America,Mexico,Laptop,Online,333,1034.5,344486.88,199802.39,9068.24,9727.92,4054.76,222653.31,121833.57,35.37
ORD-002047,2026-04-01,2026,Q2,4,Asia Pacific,Japan,Tablet,Online,355,553.63,196540.29,102200.95,11895.58,12831.2,3362.44,130290.17,66250.12,33.71
ORD-000210,2026-04-01,2026,Q2,4,North America,Mexico,Monitor,Enterprise,29,316.57,9180.55,5049.3,818.5,924.66,521.17,7313.63,1866.92,20.34
ORD-001788,2026-04-01,2026,Q2,4,Europe,Italy,Monitor,Online,277,292.53,81031.81,44567.49,4774.37,3701.39,6295.63,59338.88,21692.92,26.77
ORD-000951,2026-04-02,2026,Q2,4,North America,USA,Desktop,Retail,93,722.13,67157.86,40294.72,998.39,4460.33,669.35,46422.78,20735.09,30.88
ORD-000709,2026-04-02,2026,Q2,4,Europe,Italy,Tablet,Online,93,527.54,49061.05,25511.75,2716.06,1448.33,2103.9,31780.04,17281.01,35.22
ORD-000547,2026-04-02,2026,Q2,4,Europe,UK,Laptop,Online,345,997.65,344189.31,199629.8,11157.37,11656.68,2858.13,225301.98,118887.32,34.54
ORD-003330,2026-04-02,2026,Q2,4,Europe,Germany,Tablet,Enterprise,321,453.27,145500.49,75660.26,3793.93,18880.77,7303.66,105638.62,39861.88,27.4
ORD-000314,2026-04-02,2026,Q2,4,North America,USA,Laptop,Retail,361,817.89,295256.76,171248.92,6374.47,5187.6,5192.5,188003.49,107253.27,36.33
ORD-000480,2026-04-03,2026,Q2,4,Asia Pacific,Japan,Laptop,Distributor,248,1026.67,254613.72,147675.96,4255.68,12263.54,4851.72,169046.9,85566.83,33.61
ORD-000528,2026-04-03,2026,Q2,4,Latin America,Chile,Printer,Distributor,242,304.81,73764.55,42045.79,4234.71,14393.78,3123.78,63798.05,9966.49,13.51
ORD-003012,2026-04-03,2026,Q2,4,Asia Pacific,Australia,Tablet,Distributor,193,515.75,99540.46,51761.04,6500.16,2758.72,2359.86,63379.78,36160.68,36.33
ORD-003058,2026-04-04,2026,Q2,4,Europe,Germany,Monitor,Online,422,289.73,122267.6,67247.18,8930.89,15943.11,3473.91,95595.08,26672.52,21.81
ORD-003768,2026-04-04,2026,Q2,4,North America,USA,Server,Enterprise,319,2352.86,750563.76,510383.36,7932.16,3908.32,6756.54,528980.37,221583.39,29.52
ORD-003715,2026-04-04,2026,Q2,4,Asia Pacific,India,Laptop,Online,38,986.66,37492.92,21745.89,895.74,1249.52,177.22,24068.37,13424.55,35.81
ORD-000859,2026-04-04,2026,Q2,4,Asia Pacific,Australia,Printer,Online,415,320.43,132977.76,75797.32,12124.25,5332.39,1290.64,94544.59,38433.17,28.9
ORD-001160,2026-04-04,2026,Q2,4,Asia Pacific,Japan,Printer,Enterprise,451,305.88,137951.67,78632.45,11138.85,18873.85,5696.64,114341.79,23609.88,17.11
ORD-003383,2026-04-04,2026,Q2,4,Europe,Germany,Laptop,Enterprise,296,1010.11,298991.74,173415.21,6198.45,8024.39,4943.14,192581.2,106410.55,35.59
ORD-003487,2026-04-04,2026,Q2,4,Europe,Spain,Printer,Enterprise,112,239.06,26775.07,15261.79,3514.67,2510.99,664.52,21951.97,4823.1,18.01
ORD-000394,2026-04-05,2026,Q2,4,Asia Pacific,Singapore,Desktop,Enterprise,297,704.84,209336.41,125601.85,5176.49,11460.37,6576.89,148815.6,60520.81,28.91
ORD-004098,2026-04-05,2026,Q2,4,Latin America,Argentina,Printer,Distributor,186,271.36,50473.02,28769.62,2841.23,4973.97,639.07,37223.88,13249.14,26.25
ORD-003131,2026-04-05,2026,Q2,4,Latin America,Argentina,Printer,Online,55,312.23,17172.81,9788.5,762.25,2956.68,268.03,13775.46,3397.35,19.78
ORD-001226,2026-04-05,2026,Q2,4,Asia Pacific,Australia,Monitor,Retail,498,291.94,145386.01,79962.3,16887.82,21367.42,11317.37,129534.91,15851.09,10.9
ORD-004214,2026-04-06,2026,Q2,4,Asia Pacific,Japan,Printer,Distributor,91,283.4,25789.61,14700.08,2473.91,3518.72,1687.0,22379.7,3409.91,13.22
ORD-000540,2026-04-06,2026,Q2,4,Europe,Germany,Laptop,Enterprise,227,879.61,199672.38,115809.98,6190.22,6471.2,2595.83,131067.24,68605.15,34.36
ORD-004882,2026-04-06,2026,Q2,4,North America,Canada,Laptop,Enterprise,302,952.38,287617.8,166818.33,2965.05,10409.48,5540.32,185733.18,101884.63,35.42
ORD-001086,2026-04-06,2026,Q2,4,Asia Pacific,India,Tablet,Online,19,429.76,8165.52,4246.07,177.77,507.56,362.5,5293.9,2871.62,35.17
ORD-003830,2026-04-06,2026,Q2,4,Latin America,Chile,Server,Online,265,1969.51,521919.94,354905.56,7178.71,6427.1,3914.01,372425.38,149494.55,28.64
ORD-000843,2026-04-07,2026,Q2,4,North America,USA,Server,Online,159,1938.43,308210.21,209582.94,2674.75,9093.89,2022.16,223373.73,84836.48,27.53
ORD-001569,2026-04-07,2026,Q2,4,Asia Pacific,Australia,Laptop,Retail,367,795.77,292045.87,169386.61,10414.41,17816.37,7111.63,204729.03,87316.85,29.9
ORD-002248,2026-04-07,2026,Q2,4,Europe,UK,Printer,Online,406,261.39,106124.07,60490.72,13689.54,8350.56,6142.06,88672.89,17451.19,16.44
ORD-001698,2026-04-07,2026,Q2,4,Middle East,UAE,Tablet,Enterprise,408,559.17,228142.88,118634.3,11853.62,8562.96,2555.99,141606.88,86536.0,37.93
ORD-003587,2026-04-07,2026,Q2,4,Middle East,UAE,Laptop,Online,247,1011.13,249748.9,144854.36,7738.96,2786.06,1332.8,156712.18,93036.72,37.25
ORD-000277,2026-04-07,2026,Q2,4,Europe,Germany,Tablet,Online,304,470.76,143111.27,74417.86,2675.29,8339.86,1163.68,86596.68,56514.59,39.49
ORD-000473,2026-04-08,2026,Q2,4,Europe,Spain,Server,Online,229,2264.29,518522.23,352595.12,7058.59,6972.76,5462.15,372088.61,146433.62,28.24
ORD-003367,2026-04-08,2026,Q2,4,Asia Pacific,India,Laptop,Enterprise,143,1013.98,144999.45,84099.68,3804.26,5987.13,1382.67,95273.74,49725.71,34.29
ORD-003801,2026-04-09,2026,Q2,4,North America,Mexico,Laptop,Online,389,947.51,368582.29,213777.73,13289.03,6346.64,2482.94,235896.34,132685.95,36.0
ORD-003701,2026-04-09,2026,Q2,4,North America,Mexico,Laptop,Enterprise,159,792.77,126049.81,73108.89,1697.34,1777.09,2607.21,79190.54,46859.27,37.18
ORD-004265,2026-04-09,2026,Q2,4,Middle East,Saudi Arabia,Server,Online,296,2103.23,622557.13,423338.85,7815.17,4165.63,6486.77,441806.42,180750.71,29.03
ORD-004254,2026-04-10,2026,Q2,4,North America,Mexico,Monitor,Distributor,11,276.8,3044.8,1674.64,104.51,645.76,150.04,2574.95,469.85,15.43
ORD-003780,2026-04-10,2026,Q2,4,Asia Pacific,Japan,Server,Online,270,2293.49,619241.05,421083.91,5526.03,6089.43,5393.91,438093.29,181147.76,29.25
ORD-002086,2026-04-10,2026,Q2,4,Europe,Italy,Laptop,Distributor,495,860.65,426020.82,247092.08,16050.03,15940.57,3258.43,282341.11,143679.71,33.73
ORD-003190,2026-04-10,2026,Q2,4,Latin America,Argentina,Monitor,Distributor,149,264.99,39483.86,21716.12,2088.35,7124.16,2251.98,33180.61,6303.25,15.96
ORD-000322,2026-04-10,2026,Q2,4,Latin America,Argentina,Tablet,Distributor,148,520.49,77032.39,40056.84,4134.06,8171.15,2798.53,55160.58,21871.81,28.39
ORD-000649,2026-04-10,2026,Q2,4,Latin America,Brazil,Monitor,Enterprise,121,300.0,36300.08,19965.04,2671.41,3357.17,1397.65,27391.27,8908.81,24.54
ORD-000923,2026-04-10,2026,Q2,4,Europe,UK,Printer,Online,271,248.03,67215.65,38312.92,8281.43,12436.2,6165.8,65196.34,2019.3,3.0
ORD-004968,2026-04-11,2026,Q2,4,Middle East,UAE,Tablet,Enterprise,376,547.34,205799.81,107015.9,9936.34,22099.85,5354.88,144406.97,61392.84,29.83
ORD-000030,2026-04-11,2026,Q2,4,Asia Pacific,Japan,Printer,Distributor,223,281.03,62668.96,35721.31,3160.23,7191.21,790.53,46863.28,15805.68,25.22
ORD-003437,2026-04-11,2026,Q2,4,North America,Mexico,Laptop,Distributor,247,810.62,200224.32,116130.1,3496.49,11831.65,3263.38,134721.63,65502.69,32.71
ORD-002960,2026-04-12,2026,Q2,4,Europe,Italy,Tablet,Retail,214,569.72,121920.27,63398.54,2257.23,2503.34,5233.66,73392.77,48527.5,39.8
ORD-001786,2026-04-12,2026,Q2,4,North America,USA,Server,Distributor,273,2329.41,635929.09,432431.78,5655.94,11447.22,995.24,450530.18,185398.91,29.15
ORD-003297,2026-04-12,2026,Q2,4,Europe,Spain,Laptop,Retail,315,771.36,242977.1,140926.72,2566.47,10977.71,4411.54,158882.44,84094.66,34.61
ORD-002556,2026-04-12,2026,Q2,4,Middle East,Qatar,Desktop,Enterprise,36,693.62,24970.27,14982.16,420.44,2037.23,480.37,17920.21,7050.06,28.23
ORD-003663,2026-04-12,2026,Q2,4,Europe,Italy,Server,Retail,368,2006.26,738303.77,502046.56,10148.93,20780.04,2706.34,535681.88,202621.89,27.44
ORD-000932,2026-04-12,2026,Q2,4,Europe,UK,Tablet,Enterprise,386,561.87,216882.3,112778.8,8040.14,15795.01,5797.84,142411.8,74470.5,34.34
ORD-002545,2026-04-12,2026,Q2,4,North America,Mexico,Printer,Retail,282,290.48,81914.73,46691.39,2915.96,8199.56,2876.05,60682.96,21231.77,25.92
ORD-000288,2026-04-13,2026,Q2,4,Middle East,UAE,Printer,Distributor,119,256.03,30467.62,17366.54,2727.93,3371.03,2749.74,26215.24,4252.38,13.96
ORD-003491,2026-04-13,2026,Q2,4,North America,USA,Monitor,Online,328,303.39,99512.24,54731.73,7268.33,4122.95,4379.38,70502.4,29009.85,29.15
ORD-004754,2026-04-13,2026,Q2,4,Europe,UK,Server,Distributor,270,1935.13,522483.86,355289.02,5836.62,9573.62,1987.65,372686.91,149796.95,28.67
ORD-004145,2026-04-14,2026,Q2,4,Asia Pacific,India,Printer,Distributor,255,261.42,66661.53,37997.07,5712.39,12469.0,1825.14,58003.6,8657.93,12.99
ORD-001757,2026-04-14,2026,Q2,4,Asia Pacific,India,Monitor,Retail,111,334.27,37103.84,20407.11,2270.47,6189.0,1749.19,30615.78,6488.07,17.49
ORD-002604,2026-04-15,2026,Q2,4,Latin America,Brazil,Printer,Enterprise,63,256.32,16147.99,9204.35,2189.48,3409.07,218.4,15021.3,1126.69,6.98
ORD-003038,2026-04-15,2026,Q2,4,Asia Pacific,Japan,Desktop,Enterprise,182,651.79,118625.55,71175.33,2485.71,7240.16,1511.08,82412.28,36213.27,30.53
ORD-000153,2026-04-15,2026,Q2,4,Europe,Italy,Tablet,Distributor,420,503.33,211396.89,109926.38,7415.12,6847.28,7906.33,132095.12,79301.77,37.51
ORD-000734,2026-04-15,2026,Q2,4,Europe,Italy,Desktop,Retail,412,705.89,290826.34,174495.81,3550.49,17643.45,6045.35,201735.1,89091.24,30.63
ORD-001942,2026-04-15,2026,Q2,4,Asia Pacific,Singapore,Tablet,Online,37,536.3,19843.28,10318.51,1124.4,1592.32,189.71,13224.94,6618.34,33.35
ORD-001508,2026-04-16,2026,Q2,4,Europe,Spain,Desktop,Enterprise,309,651.33,201259.67,120755.8,5425.11,14311.9,7674.95,148167.77,53091.9,26.38
ORD-002558,2026-04-16,2026,Q2,4,Latin America,Argentina,Printer,Distributor,195,253.07,49348.41,28128.6,3881.75,6491.76,2438.15,40940.27,8408.15,17.04
ORD-002311,2026-04-16,2026,Q2,4,Middle East,UAE,Tablet,Online,143,457.91,65481.16,34050.21,3425.96,6117.49,2232.75,45826.4,19654.76,30.02
ORD-002103,2026-04-16,2026,Q2,4,North America,USA,Server,Retail,37,2297.6,85011.23,57807.64,1247.81,965.06,449.41,60469.92,24541.32,28.87
ORD-001460,2026-04-16,2026,Q2,4,North America,Mexico,Desktop,Retail,17,830.89,14125.06,8475.04,366.23,959.96,396.88,10198.11,3926.95,27.8
ORD-002664,2026-04-16,2026,Q2,4,North America,Mexico,Server,Retail,185,2244.91,415308.49,282409.78,2712.0,3171.58,4370.42,292663.77,122644.72,29.53
ORD-004415,2026-04-16,2026,Q2,4,Europe,France,Server,Enterprise,434,2151.2,933620.75,634862.11,14715.5,18369.16,7277.67,675224.44,258396.31,27.68
ORD-004253,2026-04-17,2026,Q2,4,North America,USA,Printer,Enterprise,409,262.05,107177.1,61090.95,7711.74,22935.31,4769.74,96507.74,10669.36,9.95
ORD-000634,2026-04-17,2026,Q2,4,North America,Mexico,Tablet,Enterprise,300,451.68,135504.18,70462.17,7581.93,13809.25,7208.64,99061.98,36442.2,26.89
ORD-000995,2026-04-17,2026,Q2,4,Latin America,Chile,Desktop,Online,330,788.46,260191.61,156114.97,11103.68,18600.99,6707.08,192526.72,67664.89,26.01
ORD-001469,2026-04-17,2026,Q2,4,Asia Pacific,Singapore,Monitor,Online,443,301.48,133555.64,73455.6,12077.07,6848.34,1884.47,94265.48,39290.16,29.42
ORD-000298,2026-04-17,2026,Q2,4,Europe,UK,Printer,Online,438,267.38,117113.68,66754.8,3838.04,15048.46,7602.92,93244.23,23869.46,20.38
ORD-003575,2026-04-17,2026,Q2,4,Latin America,Chile,Desktop,Distributor,142,706.07,100262.14,60157.28,4820.38,3753.68,3098.35,71829.7,28432.44,28.36
ORD-004635,2026-04-18,2026,Q2,4,North America,Canada,Tablet,Distributor,232,516.5,119827.19,62310.14,4546.97,7427.24,1160.47,75444.82,44382.37,37.04
ORD-003665,2026-04-18,2026,Q2,4,Asia Pacific,Japan,Desktop,Distributor,152,752.07,114314.41,68588.65,2052.29,8596.35,2773.06,82010.35,32304.06,28.26
ORD-003154,2026-04-19,2026,Q2,4,Europe,Spain,Laptop,Retail,152,900.78,136918.53,79412.74,2579.26,7023.33,2633.29,91648.62,45269.9,33.06
ORD-002353,2026-04-19,2026,Q2,4,Europe,Spain,Desktop,Retail,78,655.37,51118.61,30671.17,1709.47,919.96,749.8,34050.4,17068.22,33.39
ORD-004711,2026-04-19,2026,Q2,4,North America,Mexico,Monitor,Distributor,264,286.79,75712.2,41641.71,6956.44,11132.94,5139.36,64870.45,10841.76,14.32
ORD-002661,2026-04-19,2026,Q2,4,Middle East,Saudi Arabia,Server,Distributor,468,2386.16,1116721.6,759370.69,5525.8,14603.7,3097.66,782597.84,334123.76,29.92
ORD-004771,2026-04-20,2026,Q2,4,Asia Pacific,Australia,Desktop,Retail,90,771.15,69403.13,41641.88,2718.02,2527.88,1130.1,48017.89,21385.25,30.81
ORD-002144,2026-04-20,2026,Q2,4,Middle East,Qatar,Server,Online,437,2105.99,920318.57,625816.63,11125.74,23282.56,4092.09,664317.03,256001.55,27.82
ORD-000033,2026-04-20,2026,Q2,4,North America,Mexico,Desktop,Distributor,199,673.62,134050.68,80430.41,2545.37,7611.3,2655.69,93242.76,40807.92,30.44
ORD-004165,2026-04-20,2026,Q2,4,Middle East,UAE,Tablet,Online,17,560.45,9527.6,4954.35,208.3,789.97,263.83,6216.45,3311.15,34.75
ORD-004270,2026-04-20,2026,Q2,4,North America,USA,Desktop,Retail,209,660.57,138059.21,82835.52,2635.57,3821.67,4333.23,93626.01,44433.2,32.18
ORD-002193,2026-04-21,2026,Q2,4,Middle East,UAE,Tablet,Retail,492,543.11,267212.02,138950.25,10524.88,14373.95,12060.83,175909.91,91302.11,34.17
ORD-003257,2026-04-21,2026,Q2,4,Europe,Germany,Laptop,Online,28,847.66,23734.52,13766.02,386.21,766.89,494.28,15413.4,8321.12,35.06
ORD-002188,2026-04-21,2026,Q2,4,Middle East,Saudi Arabia,Desktop,Online,74,739.32,54709.54,32825.72,2276.73,3966.85,619.0,39688.3,15021.24,27.46
ORD-001578,2026-04-21,2026,Q2,4,Europe,France,Tablet,Online,420,492.42,206814.83,107543.71,8977.1,16782.37,1817.48,135120.67,71694.16,34.67
ORD-000707,2026-04-22,2026,Q2,4,Latin America,Brazil,Desktop,Online,133,847.2,112676.98,67606.19,4201.58,6702.66,1201.29,79711.72,32965.26,29.26
ORD-003506,2026-04-22,2026,Q2,4,Asia Pacific,India,Laptop,Retail,248,939.12,232902.2,135083.27,7080.38,12370.88,3326.11,157860.65,75041.55,32.22
ORD-004899,2026-04-22,2026,Q2,4,Europe,Germany,Laptop,Online,377,838.4,316075.03,183323.52,11904.35,12991.92,7845.31,216065.1,100009.93,31.64
ORD-004577,2026-04-23,2026,Q2,4,Middle East,UAE,Monitor,Online,265,298.86,79198.12,43558.97,2339.65,2924.56,5839.39,54662.56,24535.56,30.98
ORD-004019,2026-04-23,2026,Q2,4,North America,Canada,Monitor,Enterprise,50,311.97,15598.44,8579.14,807.11,2730.29,242.8,12359.34,3239.1,20.77
ORD-004192,2026-04-23,2026,Q2,4,North America,Canada,Server,Retail,366,2520.55,922521.56,627314.66,12726.6,10248.96,8319.73,658609.95,263911.61,28.61
ORD-003066,2026-04-23,2026,Q2,4,Latin America,Brazil,Printer,Retail,134,280.61,37601.16,21432.66,2446.61,6344.95,2749.55,32973.76,4627.4,12.31
ORD-003536,2026-04-23,2026,Q2,4,Europe,France,Monitor,Enterprise,120,256.76,30811.72,16946.45,2057.13,5780.02,771.38,25554.97,5256.75,17.06
ORD-001482,2026-04-23,2026,Q2,4,North America,USA,Server,Enterprise,234,2312.05,541020.18,367893.72,3976.13,9818.32,2953.58,384641.75,156378.43,28.9
ORD-000821,2026-04-23,2026,Q2,4,Asia Pacific,India,Desktop,Enterprise,417,766.29,319544.72,191726.83,13066.44,17914.02,3770.86,226478.14,93066.58,29.12
ORD-001913,2026-04-24,2026,Q2,4,Middle East,Saudi Arabia,Server,Online,401,2015.85,808355.02,549681.42,7279.33,6646.95,3432.64,567040.33,241314.7,29.85
ORD-003810,2026-04-24,2026,Q2,4,Asia Pacific,Singapore,Server,Enterprise,284,2066.59,586911.72,399099.97,5820.95,12186.27,2341.57,419448.75,167462.97,28.53
ORD-004335,2026-04-24,2026,Q2,4,Latin America,Chile,Printer,Online,229,282.75,64749.38,36907.15,5999.2,8152.45,3094.62,54153.42,10595.96,16.36
ORD-003788,2026-04-24,2026,Q2,4,Asia Pacific,India,Server,Enterprise,142,2077.61,295021.23,200614.43,1895.07,1465.45,1924.88,205899.83,89121.4,30.21
ORD-002342,2026-04-24,2026,Q2,4,North America,Mexico,Server,Online,265,2092.83,554601.22,377128.83,3756.39,4666.68,4634.14,390186.04,164415.18,29.65
ORD-000746,2026-04-24,2026,Q2,4,Asia Pacific,Japan,Tablet,Online,206,487.04,100331.0,52172.12,5471.55,2266.31,2803.71,62713.69,37617.31,37.49
ORD-001965,2026-04-25,2026,Q2,4,North America,USA,Printer,Retail,186,254.12,47266.59,26941.95,2654.72,8823.42,2005.74,40425.83,6840.75,14.47
ORD-001804,2026-04-25,2026,Q2,4,North America,Canada,Printer,Enterprise,180,279.54,50316.9,28680.63,4678.42,4210.72,3778.74,41348.51,8968.39,17.82
ORD-004366,2026-04-25,2026,Q2,4,Latin America,Argentina,Desktop,Retail,292,853.29,249160.36,149496.22,9074.28,9993.49,1836.2,170400.19,78760.17,31.61
ORD-003169,2026-04-25,2026,Q2,4,Asia Pacific,Singapore,Server,Online,172,2053.17,353145.49,240138.93,3526.84,8306.21,1404.06,253376.04,99769.45,28.25
ORD-002741,2026-04-26,2026,Q2,4,Asia Pacific,Australia,Server,Enterprise,122,2372.26,289415.93,196802.83,2063.99,2669.99,1451.81,202988.63,86427.3,29.86
ORD-000729,2026-04-26,2026,Q2,4,North America,USA,Desktop,Distributor,312,646.69,201767.0,121060.2,5771.98,10570.33,6939.8,144342.31,57424.69,28.46
ORD-004403,2026-04-26,2026,Q2,4,Europe,Germany,Laptop,Distributor,189,988.01,186734.23,108305.86,5059.39,10245.59,3092.63,126703.46,60030.77,32.15
ORD-002533,2026-04-26,2026,Q2,4,Asia Pacific,Japan,Printer,Distributor,405,304.52,123328.62,70297.32,13080.94,19386.66,4263.61,107028.53,16300.1,13.22
ORD-000618,2026-04-27,2026,Q2,4,North America,Mexico,Laptop,Enterprise,147,899.46,132221.03,76688.2,5012.74,7655.24,2815.26,92171.45,40049.59,30.29
ORD-002952,2026-04-27,2026,Q2,4,Europe,Spain,Tablet,Enterprise,129,477.82,61639.06,32052.31,2615.3,4418.97,1296.81,40383.39,21255.67,34.48
ORD-004374,2026-04-27,2026,Q2,4,North America,USA,Server,Online,424,1873.07,794182.82,540044.32,11586.79,10353.07,1548.24,563532.42,230650.4,29.04
ORD-003364,2026-04-27,2026,Q2,4,Middle East,Saudi Arabia,Server,Online,211,2303.29,485993.96,330475.89,1856.82,5311.28,3558.92,341202.91,144791.05,29.79
ORD-004953,2026-04-27,2026,Q2,4,Europe,Italy,Laptop,Enterprise,218,805.16,175524.5,101804.21,4778.65,6151.15,1849.97,114583.98,60940.52,34.72
ORD-002252,2026-04-27,2026,Q2,4,North America,USA,Monitor,Online,76,327.97,24925.94,13709.27,810.84,2877.38,450.11,17847.59,7078.34,28.4
ORD-004049,2026-04-28,2026,Q2,4,North America,Canada,Server,Enterprise,232,1935.11,448945.73,305283.1,5785.86,3423.02,2173.39,316665.36,132280.37,29.46
ORD-003804,2026-04-28,2026,Q2,4,Europe,Germany,Monitor,Retail,393,310.45,122006.68,67103.67,4595.36,13007.63,6741.36,91448.03,30558.65,25.05
ORD-003869,2026-04-28,2026,Q2,4,Europe,Italy,Printer,Enterprise,374,243.82,91188.76,51977.59,9576.15,9708.19,6982.99,78244.92,12943.84,14.19
ORD-000385,2026-04-28,2026,Q2,4,Europe,Spain,Laptop,Retail,316,832.21,262977.32,152526.84,10712.22,4416.34,3451.44,171106.84,91870.47,34.93
ORD-003782,2026-04-28,2026,Q2,4,Asia Pacific,Australia,Monitor,Enterprise,101,318.06,32124.04,17668.22,1246.89,2821.63,1427.47,23164.21,8959.83,27.89
ORD-001297,2026-04-28,2026,Q2,4,Latin America,Argentina,Printer,Distributor,361,286.42,103395.86,58935.64,3236.31,17847.31,3585.47,83604.74,19791.13,19.14
ORD-004148,2026-04-28,2026,Q2,4,North America,USA,Printer,Online,42,250.42,10517.56,5995.01,607.2,2056.85,783.82,9442.88,1074.67,10.22
ORD-000895,2026-04-28,2026,Q2,4,Middle East,UAE,Laptop,Online,73,799.36,58352.96,33844.72,1900.04,3024.75,1273.19,40042.7,18310.26,31.38
ORD-002749,2026-04-29,2026,Q2,4,Middle East,Saudi Arabia,Printer,Retail,86,252.08,21678.62,12356.81,2105.05,1287.04,1060.42,16809.32,4869.3,22.46
ORD-001173,2026-04-29,2026,Q2,4,Asia Pacific,Australia,Printer,Retail,249,314.43,78292.86,44626.93,4431.01,10552.2,3019.18,62629.32,15663.54,20.01
ORD-004669,2026-04-29,2026,Q2,4,Asia Pacific,Singapore,Desktop,Online,311,749.91,233221.08,139932.65,3375.86,4653.09,5021.81,152983.4,80237.67,34.4
ORD-002492,2026-04-29,2026,Q2,4,North America,Mexico,Tablet,Retail,335,521.66,174757.55,90873.93,5912.81,18976.23,6049.46,121812.42,52945.13,30.3
ORD-004671,2026-04-29,2026,Q2,4,North America,USA,Monitor,Distributor,103,294.9,30374.27,16705.85,3140.47,5178.3,705.41,25730.02,4644.24,15.29
ORD-000772,2026-04-30,2026,Q2,4,Asia Pacific,India,Tablet,Online,118,449.38,53026.34,27573.7,2418.66,1396.86,1981.69,33370.91,19655.43,37.07
ORD-000427,2026-04-30,2026,Q2,4,Latin America,Argentina,Printer,Distributor,95,253.36,24069.34,13719.52,2730.86,4164.97,1060.97,21676.32,2393.01,9.94
ORD-001561,2026-04-30,2026,Q2,4,North America,Canada,Laptop,Retail,130,927.71,120602.4,69949.39,3899.11,4477.93,879.61,79206.05,41396.35,34.32
ORD-003127,2026-04-30,2026,Q2,4,Europe,Germany,Server,Retail,257,2225.3,571902.64,388893.79,7832.17,9247.13,2633.8,408606.89,163295.75,28.55
ORD-003966,2026-05-01,2026,Q2,5,Latin America,Chile,Tablet,Retail,240,470.67,112961.06,58739.75,3974.12,4169.93,1675.32,68559.13,44401.93,39.31
ORD-000372,2026-05-01,2026,Q2,5,Latin America,Brazil,Laptop,Enterprise,201,1020.66,205152.47,118988.43,6670.71,10649.16,2655.59,138963.89,66188.58,32.26
ORD-003975,2026-05-01,2026,Q2,5,Europe,Spain,Desktop,Distributor,383,684.41,262127.64,157276.59,7531.2,6336.87,4939.93,176084.58,86043.06,32.82
ORD-004841,2026-05-01,2026,Q2,5,North America,USA,Printer,Online,41,271.42,11128.21,6343.08,679.68,661.83,540.72,8225.31,2902.9,26.09
ORD-004430,2026-05-01,2026,Q2,5,Europe,Germany,Tablet,Distributor,209,563.23,117714.14,61211.35,4709.95,11785.15,4976.14,82682.6,35031.55,29.76
ORD-003312,2026-05-02,2026,Q2,5,Latin America,Argentina,Desktop,Online,216,857.38,185194.42,111116.65,5215.91,9838.11,4544.48,130715.16,54479.26,29.42
ORD-002164,2026-05-02,2026,Q2,5,North America,Canada,Printer,Retail,103,288.4,29705.34,16932.05,2478.57,3364.7,931.71,23707.03,5998.32,20.19
ORD-000583,2026-05-02,2026,Q2,5,Latin America,Argentina,Printer,Online,254,285.87,72611.59,41388.61,3817.97,12228.51,2871.03,60306.12,12305.47,16.95
ORD-002189,2026-05-02,2026,Q2,5,Middle East,Saudi Arabia,Desktop,Retail,88,774.84,68185.67,40911.4,1325.31,2124.82,1561.3,45922.83,22262.83,32.65
ORD-000538,2026-05-02,2026,Q2,5,North America,Canada,Tablet,Online,496,431.29,213920.01,111238.41,14978.52,8579.78,7250.37,142047.07,71872.94,33.6
ORD-000975,2026-05-03,2026,Q2,5,Europe,Germany,Desktop,Online,438,843.55,369476.32,221685.79,5375.58,11272.19,6701.96,245035.52,124440.8,33.68
ORD-000290,2026-05-03,2026,Q2,5,Europe,France,Printer,Retail,16,282.69,4522.97,2578.09,402.48,700.43,122.59,3803.58,719.39,15.91
ORD-000265,2026-05-03,2026,Q2,5,North America,USA,Laptop,Distributor,64,929.03,59458.18,34485.75,2003.35,3056.06,1566.85,41112.01,18346.18,30.86
ORD-002434,2026-05-03,2026,Q2,5,Asia Pacific,India,Desktop,Retail,398,681.33,271170.78,162702.47,13327.44,19546.35,6930.56,202506.82,68663.96,25.32
ORD-003641,2026-05-04,2026,Q2,5,Asia Pacific,Japan,Laptop,Retail,43,1017.39,43747.8,25373.73,566.13,1109.34,167.51,27216.71,16531.09,37.79
ORD-002330,2026-05-04,2026,Q2,5,North America,USA,Desktop,Online,448,841.77,377112.5,226267.5,7602.88,11496.64,8784.71,254151.72,122960.78,32.61
ORD-004399,2026-05-04,2026,Q2,5,North America,USA,Desktop,Retail,67,704.36,47191.86,28315.12,1447.52,2855.98,1045.89,33664.51,13527.35,28.66
ORD-000148,2026-05-04,2026,Q2,5,Europe,Germany,Tablet,Enterprise,336,438.03,147176.56,76531.81,6017.03,6724.36,5407.1,94680.3,52496.25,35.67
ORD-003441,2026-05-05,2026,Q2,5,Europe,Spain,Tablet,Online,15,479.32,7189.75,3738.67,431.15,858.23,294.91,5322.96,1866.79,25.96
ORD-002358,2026-05-05,2026,Q2,5,Middle East,Saudi Arabia,Server,Online,376,2150.41,808553.77,549816.56,8154.73,19948.61,5714.31,583634.22,224919.55,27.82
ORD-003912,2026-05-05,2026,Q2,5,Asia Pacific,India,Tablet,Online,63,467.81,29471.83,15325.35,2139.83,3404.82,839.07,21709.07,7762.76,26.34
ORD-001243,2026-05-05,2026,Q2,5,Asia Pacific,Australia,Server,Retail,120,2218.22,266186.9,181007.09,1408.57,6919.45,1983.11,191318.21,74868.68,28.13
ORD-001905,2026-05-05,2026,Q2,5,North America,USA,Monitor,Online,288,276.08,79510.06,43730.53,6396.71,9272.51,4159.05,63558.81,15951.25,20.06
ORD-002469,2026-05-05,2026,Q2,5,Europe,Germany,Tablet,Online,186,568.63,105765.41,54998.02,4098.01,7692.24,2669.25,69457.5,36307.91,34.33
ORD-001656,2026-05-06,2026,Q2,5,Asia Pacific,Singapore,Desktop,Retail,271,747.12,202469.02,121481.41,4965.09,12815.37,6123.06,145384.93,57084.09,28.19
ORD-003659,2026-05-06,2026,Q2,5,Latin America,Brazil,Printer,Enterprise,494,252.07,124521.88,70977.47,5931.48,28676.06,3715.71,109300.72,15221.15,12.22
ORD-000019,2026-05-06,2026,Q2,5,North America,Mexico,Desktop,Online,241,654.94,157839.72,94703.83,5482.2,3521.25,4041.32,107748.61,50091.12,31.74
ORD-004031,2026-05-06,2026,Q2,5,Asia Pacific,Japan,Server,Enterprise,73,1980.21,144555.4,98297.67,2053.55,4160.41,859.8,105371.42,39183.98,27.11
ORD-004106,2026-05-07,2026,Q2,5,Asia Pacific,Japan,Monitor,Enterprise,496,280.49,139121.3,76516.72,11444.25,23625.46,4368.64,115955.07,23166.23,16.65
ORD-004450,2026-05-07,2026,Q2,5,Asia Pacific,India,Desktop,Online,188,856.18,160962.46,96577.48,2183.81,6820.26,766.9,106348.45,54614.01,33.93
ORD-002842,2026-05-07,2026,Q2,5,Europe,France,Laptop,Online,471,944.36,444794.23,257980.66,15642.63,8672.82,9298.83,291594.94,153199.3,34.44
ORD-003532,2026-05-07,2026,Q2,5,Asia Pacific,Japan,Server,Enterprise,322,2338.53,753007.91,512045.38,9044.83,14944.56,4188.84,540223.61,212784.3,28.26
ORD-003554,2026-05-07,2026,Q2,5,Europe,Spain,Printer,Online,449,241.01,108213.12,61681.48,13977.64,20625.3,6239.66,102524.08,5689.04,5.26
ORD-003607,2026-05-08,2026,Q2,5,Europe,France,Server,Online,456,2245.91,1024134.07,696411.17,14906.74,14812.92,7980.58,734111.42,290022.66,28.32
ORD-000593,2026-05-08,2026,Q2,5,Asia Pacific,Singapore,Desktop,Enterprise,5,783.62,3918.08,2350.85,110.29,217.85,74.3,2753.29,1164.79,29.73
ORD-001777,2026-05-08,2026,Q2,5,Middle East,Qatar,Desktop,Online,410,714.31,292868.2,175720.92,11401.01,5356.16,9534.26,202012.35,90855.85,31.02
ORD-002487,2026-05-08,2026,Q2,5,North America,Mexico,Printer,Distributor,360,308.26,110975.05,63255.78,12311.58,8044.48,4694.78,88306.61,22668.43,20.43
ORD-001651,2026-05-08,2026,Q2,5,Latin America,Argentina,Printer,Enterprise,40,277.22,11088.73,6320.58,592.32,1982.73,262.58,9158.21,1930.52,17.41
ORD-001992,2026-05-09,2026,Q2,5,North America,Canada,Printer,Online,249,243.3,60580.93,34531.13,2730.92,6959.34,4519.36,48740.76,11840.17,19.54
ORD-003266,2026-05-09,2026,Q2,5,North America,USA,Server,Online,489,2208.85,1080125.42,734485.29,12933.86,15595.03,1652.39,764666.57,315458.85,29.21
ORD-003340,2026-05-09,2026,Q2,5,Asia Pacific,Australia,Monitor,Distributor,393,256.08,100639.62,55351.79,4725.46,10047.79,8810.95,78936.0,21703.62,21.57
ORD-000338,2026-05-10,2026,Q2,5,Europe,France,Server,Retail,455,2515.77,1144673.8,778378.18,15232.86,18329.18,7157.29,819097.52,325576.28,28.44
ORD-000001,2026-05-10,2026,Q2,5,Asia Pacific,Singapore,Tablet,Online,491,463.26,227462.12,118280.3,6688.97,26398.29,9456.47,160824.03,66638.08,29.3
ORD-002997,2026-05-10,2026,Q2,5,Asia Pacific,Australia,Desktop,Enterprise,446,845.95,377295.2,226377.12,12123.76,14264.15,10367.62,263132.65,114162.55,30.26
ORD-003745,2026-05-11,2026,Q2,5,Asia Pacific,Singapore,Printer,Enterprise,23,267.02,6141.52,3500.67,240.48,1205.39,391.86,5338.39,803.13,13.08
ORD-004958,2026-05-11,2026,Q2,5,Europe,UK,Monitor,Online,103,262.03,26989.27,14844.1,3459.68,1925.31,392.04,20621.13,6368.14,23.6
ORD-002313,2026-05-11,2026,Q2,5,Asia Pacific,India,Tablet,Distributor,103,503.04,51813.46,26943.0,2890.9,3520.83,2097.31,35452.03,16361.43,31.58
ORD-004573,2026-05-11,2026,Q2,5,Latin America,Chile,Laptop,Distributor,306,991.39,303366.64,175952.65,3338.55,7188.4,1037.99,187517.59,115849.05,38.19
ORD-001424,2026-05-11,2026,Q2,5,Asia Pacific,Singapore,Printer,Online,145,266.3,38613.38,22009.62,4147.85,7655.52,2444.07,36257.06,2356.31,6.1
ORD-001483,2026-05-11,2026,Q2,5,Middle East,UAE,Laptop,Distributor,30,940.59,28217.76,16366.3,1021.61,616.35,714.77,18719.02,9498.74,33.66
ORD-002899,2026-05-12,2026,Q2,5,Europe,France,Tablet,Retail,193,507.65,97976.46,50947.76,2287.79,4558.57,4112.75,61906.87,36069.59,36.81
ORD-003896,2026-05-12,2026,Q2,5,Asia Pacific,Japan,Server,Online,43,2281.38,98099.48,66707.65,478.84,1469.64,633.4,69289.52,28809.96,29.37
ORD-002932,2026-05-12,2026,Q2,5,Europe,France,Laptop,Online,15,793.81,11907.21,6906.18,346.26,587.48,250.95,8090.87,3816.34,32.05
ORD-003054,2026-05-12,2026,Q2,5,Asia Pacific,India,Desktop,Retail,337,737.27,248458.93,149075.36,4842.88,15519.45,3612.55,173050.24,75408.69,30.35
ORD-000113,2026-05-13,2026,Q2,5,Asia Pacific,Japan,Printer,Distributor,125,267.38,33422.27,19050.69,4025.46,5194.04,1007.79,29277.98,4144.29,12.4
ORD-000173,2026-05-13,2026,Q2,5,North America,Mexico,Server,Retail,96,2246.03,215619.25,146621.09,2410.0,4092.57,2053.49,155177.15,60442.1,28.03
ORD-003125,2026-05-13,2026,Q2,5,North America,USA,Printer,Online,362,276.2,99982.9,56990.25,5623.97,12117.58,3856.3,78588.1,21394.8,21.4
ORD-002637,2026-05-13,2026,Q2,5,North America,Mexico,Server,Enterprise,53,2317.38,122821.23,83518.44,1334.29,1130.61,836.53,86819.87,36001.37,29.31
ORD-004499,2026-05-14,2026,Q2,5,Asia Pacific,Singapore,Server,Enterprise,203,2027.72,411626.74,279906.18,6517.83,5185.26,4504.55,296113.81,115512.92,28.06
ORD-000812,2026-05-14,2026,Q2,5,Latin America,Chile,Tablet,Online,450,501.14,225513.7,117267.12,8602.76,25547.91,4432.79,155850.59,69663.12,30.89
ORD-003308,2026-05-14,2026,Q2,5,Asia Pacific,India,Desktop,Enterprise,155,702.88,108946.97,65368.18,3844.07,8013.25,954.05,78179.54,30767.43,28.24
ORD-004405,2026-05-14,2026,Q2,5,Asia Pacific,Japan,Laptop,Enterprise,233,858.93,200131.49,116076.26,7732.41,6405.71,1859.49,132073.87,68057.61,34.01
ORD-002459,2026-05-14,2026,Q2,5,Europe,Germany,Tablet,Enterprise,447,521.56,233137.7,121231.6,11859.88,12171.65,10035.01,155298.14,77839.56,33.39
ORD-001240,2026-05-15,2026,Q2,5,North America,Mexico,Laptop,Enterprise,366,981.72,359310.53,208400.11,7283.51,7517.67,6577.15,229778.44,129532.09,36.05
ORD-002607,2026-05-15,2026,Q2,5,Latin America,Chile,Monitor,Enterprise,153,291.34,44575.73,24516.65,5021.53,4971.46,1657.98,36167.62,8408.11,18.86
ORD-001056,2026-05-15,2026,Q2,5,Asia Pacific,Australia,Monitor,Enterprise,496,273.24,135529.27,74541.1,15166.65,23209.88,10468.08,123385.7,12143.56,8.96
ORD-001438,2026-05-15,2026,Q2,5,Asia Pacific,Japan,Laptop,Online,30,774.58,23237.42,13477.7,479.71,532.9,344.1,14834.42,8403.0,36.16
ORD-001575,2026-05-16,2026,Q2,5,North America,USA,Printer,Online,325,298.72,97085.17,55338.55,4931.79,5828.27,3062.75,69161.37,27923.81,28.76
ORD-001449,2026-05-16,2026,Q2,5,North America,Mexico,Printer,Online,20,245.96,4919.22,2803.96,281.99,726.12,248.86,4060.93,858.29,17.45
ORD-000411,2026-05-16,2026,Q2,5,North America,Mexico,Desktop,Online,372,800.66,297844.17,178706.5,4808.69,17431.98,2138.65,203085.81,94758.35,31.81
ORD-002448,2026-05-16,2026,Q2,5,North America,USA,Desktop,Online,482,687.55,331398.94,198839.36,11087.69,11169.79,10622.94,231719.78,99679.16,30.08
ORD-000313,2026-05-16,2026,Q2,5,Europe,France,Desktop,Distributor,94,708.43,66592.56,39955.54,2430.82,5202.11,1753.8,49342.27,17250.29,25.9
ORD-003569,2026-05-17,2026,Q2,5,Asia Pacific,Australia,Monitor,Distributor,456,328.71,149890.79,82439.93,13058.21,15656.06,9697.79,120851.99,29038.8,19.37
ORD-002830,2026-05-17,2026,Q2,5,Europe,UK,Tablet,Online,222,560.81,124500.31,64740.16,5887.77,2703.2,4474.89,77806.02,46694.29,37.51
ORD-003240,2026-05-17,2026,Q2,5,North America,Canada,Desktop,Online,471,646.6,304547.5,182728.5,5559.66,18458.95,10108.23,216855.34,87692.17,28.79
ORD-002079,2026-05-17,2026,Q2,5,Europe,Germany,Monitor,Retail,334,300.88,100494.09,55271.75,11501.99,8353.39,7551.44,82678.56,17815.53,17.73
ORD-001302,2026-05-18,2026,Q2,5,Middle East,Qatar,Printer,Distributor,208,281.13,58474.02,33330.19,6870.64,2384.86,2576.56,45162.25,13311.77,22.77
ORD-000511,2026-05-18,2026,Q2,5,Europe,Germany,Desktop,Distributor,264,670.62,177043.69,106226.22,8799.81,5073.18,1441.32,121540.53,55503.16,31.35
ORD-003099,2026-05-18,2026,Q2,5,Asia Pacific,Singapore,Desktop,Retail,447,830.91,371416.0,222849.6,6355.72,23625.17,7947.08,260777.58,110638.42,29.79
ORD-003072,2026-05-18,2026,Q2,5,North America,Canada,Desktop,Retail,404,849.91,343363.46,206018.08,7776.2,7820.15,10050.78,231665.2,111698.26,32.53
ORD-004856,2026-05-19,2026,Q2,5,Europe,Germany,Desktop,Online,362,666.64,241324.9,144794.94,8255.24,4548.29,6111.04,163709.52,77615.38,32.16
ORD-002943,2026-05-19,2026,Q2,5,Asia Pacific,Australia,Desktop,Online,269,855.84,230221.13,138132.68,8435.74,10304.8,1463.61,158336.82,71884.31,31.22
ORD-003296,2026-05-19,2026,Q2,5,Latin America,Argentina,Server,Retail,224,1958.59,438724.87,298332.91,7248.91,11012.12,4314.59,320908.53,117816.34,26.85
ORD-004012,2026-05-19,2026,Q2,5,Europe,France,Printer,Online,192,314.67,60416.65,34437.49,6254.85,9737.71,3870.55,54300.59,6116.05,10.12
ORD-002048,2026-05-20,2026,Q2,5,Europe,Germany,Printer,Online,323,304.69,98415.47,56096.82,11211.11,18724.82,3620.3,89653.05,8762.42,8.9
ORD-004362,2026-05-20,2026,Q2,5,North America,USA,Tablet,Online,173,572.16,98983.37,51471.35,2139.48,5785.96,1000.17,60396.97,38586.41,38.98
ORD-002793,2026-05-20,2026,Q2,5,Europe,France,Server,Enterprise,174,2253.73,392148.68,266661.1,2801.18,7721.15,3556.53,280739.97,111408.71,28.41
ORD-004836,2026-05-20,2026,Q2,5,North America,USA,Printer,Retail,84,271.45,22801.77,12997.01,2708.37,4411.45,957.69,21074.52,1727.25,7.58
ORD-001369,2026-05-20,2026,Q2,5,Europe,Italy,Desktop,Distributor,227,784.12,177996.34,106797.8,3156.85,2295.2,3198.97,115448.82,62547.52,35.14
ORD-003916,2026-05-20,2026,Q2,5,North America,USA,Desktop,Enterprise,301,830.42,249955.2,149973.12,9109.34,10102.93,2269.78,171455.17,78500.03,31.41
ORD-000107,2026-05-20,2026,Q2,5,Latin America,Argentina,Laptop,Enterprise,439,808.05,354731.79,205744.44,8078.42,17916.02,8714.35,240453.22,114278.57,32.22
ORD-003861,2026-05-20,2026,Q2,5,Europe,UK,Tablet,Retail,236,450.07,106215.97,55232.3,2697.76,8038.18,4409.71,70377.96,35838.01,33.74
ORD-000007,2026-05-21,2026,Q2,5,Latin America,Argentina,Tablet,Retail,69,485.89,33526.7,17433.88,1923.3,3251.38,265.9,22874.46,10652.24,31.77
ORD-002973,2026-05-21,2026,Q2,5,Europe,Italy,Printer,Online,226,293.53,66338.72,37813.07,5970.51,10409.89,1323.29,55516.76,10821.96,16.31
ORD-000829,2026-05-21,2026,Q2,5,North America,Canada,Server,Enterprise,184,2436.18,448258.03,304815.46,3934.06,7469.75,1651.04,317870.31,130387.72,29.09
ORD-003998,2026-05-21,2026,Q2,5,Asia Pacific,Japan,Laptop,Online,437,842.85,368323.94,213627.88,8393.64,21462.98,10514.62,253999.13,114324.81,31.04
ORD-004775,2026-05-21,2026,Q2,5,Europe,Spain,Printer,Retail,195,292.49,57035.14,32510.03,1936.55,8233.96,3050.84,45731.37,11303.77,19.82
ORD-000178,2026-05-21,2026,Q2,5,North America,Canada,Server,Distributor,319,2155.32,687546.6,467531.69,3818.1,18072.87,3018.74,492441.4,195105.2,28.38
ORD-002751,2026-05-22,2026,Q2,5,Europe,Italy,Printer,Retail,393,285.4,112161.02,63931.78,10660.6,22653.29,9288.71,106534.38,5626.64,5.02
ORD-002797,2026-05-22,2026,Q2,5,Asia Pacific,Japan,Laptop,Retail,129,982.68,126765.9,73524.22,3822.58,4140.04,645.9,82132.75,44633.15,35.21
ORD-004780,2026-05-22,2026,Q2,5,North America,Mexico,Monitor,Retail,249,343.08,85426.06,46984.33,5077.45,12253.98,1122.2,65437.97,19988.09,23.4
ORD-000412,2026-05-22,2026,Q2,5,Europe,Spain,Monitor,Retail,21,274.19,5757.96,3166.88,180.21,233.35,74.88,3655.32,2102.64,36.52
ORD-000767,2026-05-22,2026,Q2,5,Asia Pacific,Australia,Server,Distributor,130,2047.35,266155.03,180985.42,1221.15,4660.63,2179.64,189046.84,77108.19,28.97
ORD-001415,2026-05-22,2026,Q2,5,Latin America,Brazil,Monitor,Online,25,297.88,7447.09,4095.9,333.81,1373.36,403.76,6206.82,1240.26,16.65
ORD-002017,2026-05-23,2026,Q2,5,North America,Mexico,Monitor,Distributor,355,296.7,105327.03,57929.87,6905.76,7719.38,5671.79,78226.79,27100.24,25.73
ORD-001396,2026-05-23,2026,Q2,5,Asia Pacific,Japan,Printer,Online,295,270.56,79814.13,45494.06,9810.91,11819.09,6726.91,73850.96,5963.17,7.47
ORD-003028,2026-05-23,2026,Q2,5,North America,Canada,Monitor,Online,244,322.88,78783.27,43330.8,4658.72,6334.59,5624.66,59948.78,18834.49,23.91
ORD-004988,2026-05-23,2026,Q2,5,Europe,Italy,Laptop,Enterprise,132,950.45,125459.21,72766.34,3912.77,3887.6,1319.84,81886.55,43572.66,34.73
ORD-002147,2026-05-24,2026,Q2,5,North America,Mexico,Printer,Retail,429,265.64,113960.05,64957.23,13068.98,7719.79,6633.13,92379.14,21580.92,18.94
ORD-003991,2026-05-24,2026,Q2,5,Europe,Germany,Server,Online,362,2081.17,753382.18,512299.88,5991.69,18676.82,6818.11,543786.51,209595.67,27.82
ORD-003326,2026-05-24,2026,Q2,5,North America,USA,Laptop,Online,448,1013.74,454157.39,263411.29,7708.68,19160.58,6958.69,297239.24,156918.15,34.55
ORD-002134,2026-05-25,2026,Q2,5,Europe,Germany,Tablet,Online,431,484.91,208994.29,108677.03,3795.18,8486.26,7908.74,128867.22,80127.07,38.34
ORD-000881,2026-05-25,2026,Q2,5,Europe,France,Tablet,Online,412,442.86,182458.74,94878.54,9964.32,18660.96,4704.89,128208.71,54250.02,29.73
ORD-004117,2026-05-25,2026,Q2,5,North America,Canada,Printer,Distributor,386,272.3,105109.3,59912.3,5568.02,19235.19,6927.51,91643.02,13466.28,12.81
ORD-003689,2026-05-25,2026,Q2,5,Europe,France,Tablet,Enterprise,222,453.06,100578.6,52300.87,7476.37,9445.7,4952.31,74175.26,26403.35,26.25
ORD-000462,2026-05-25,2026,Q2,5,North America,Canada,Laptop,Retail,200,872.76,174551.5,101239.87,5489.01,8739.72,4787.47,120256.07,54295.43,31.11
ORD-000309,2026-05-26,2026,Q2,5,Latin America,Brazil,Monitor,Enterprise,379,318.23,120609.89,66335.44,5580.97,19751.75,7284.19,98952.35,21657.54,17.96
ORD-002254,2026-05-26,2026,Q2,5,Asia Pacific,India,Server,Enterprise,94,1932.42,181647.4,123520.23,1551.19,4958.36,1475.09,131504.87,50142.53,27.6
ORD-003803,2026-05-26,2026,Q2,5,Asia Pacific,Australia,Laptop,Distributor,343,981.44,336633.9,195247.66,3138.25,3637.39,6800.02,208823.32,127810.58,37.97
ORD-004447,2026-05-26,2026,Q2,5,Asia Pacific,Australia,Server,Online,295,2462.96,726573.01,494069.64,6711.17,4906.48,3512.37,509199.67,217373.33,29.92
ORD-000530,2026-05-26,2026,Q2,5,Europe,Germany,Printer,Enterprise,9,293.89,2645.0,1507.65,204.35,422.9,29.8,2164.7,480.3,18.16
ORD-000702,2026-05-26,2026,Q2,5,Asia Pacific,India,Monitor,Online,323,255.88,82649.9,45457.45,7104.22,11887.18,6630.39,71079.24,11570.66,14.0
ORD-003052,2026-05-26,2026,Q2,5,Europe,Italy,Tablet,Retail,134,509.08,68216.83,35472.75,3472.6,2223.34,2485.43,43654.12,24562.7,36.01
ORD-003981,2026-05-27,2026,Q2,5,North America,Canada,Desktop,Retail,341,645.26,220033.72,132020.23,8937.82,15572.83,3385.95,159916.84,60116.88,27.32
ORD-004972,2026-05-27,2026,Q2,5,Europe,Italy,Desktop,Retail,64,690.31,44180.11,26508.07,1891.99,1621.37,607.56,30628.99,13551.12,30.67
ORD-000208,2026-05-27,2026,Q2,5,Asia Pacific,Singapore,Laptop,Online,43,809.26,34798.08,20182.89,751.77,1405.6,337.07,22677.32,12120.76,34.83
ORD-000233,2026-05-28,2026,Q2,5,Europe,Spain,Server,Distributor,493,2251.54,1110009.52,754806.48,8914.86,14826.43,7604.3,786152.07,323857.46,29.18
ORD-001282,2026-05-28,2026,Q2,5,Asia Pacific,Australia,Printer,Distributor,90,293.81,26442.55,15072.25,1823.95,2612.6,528.9,20037.7,6404.85,24.22
ORD-000065,2026-05-28,2026,Q2,5,Middle East,Saudi Arabia,Server,Enterprise,87,1893.26,164713.74,112005.34,2695.57,3336.26,561.49,118598.66,46115.07,28.0
ORD-004100,2026-05-29,2026,Q2,5,Europe,Spain,Printer,Enterprise,222,316.46,70254.05,40044.81,5355.27,9166.75,3260.48,57827.32,12426.73,17.69
ORD-003366,2026-05-30,2026,Q2,5,Europe,Germany,Tablet,Retail,332,460.53,152897.21,79506.55,6754.14,13815.19,4233.82,104309.69,48587.51,31.78
ORD-000724,2026-05-30,2026,Q2,5,North America,USA,Printer,Distributor,31,258.23,8005.04,4562.87,931.22,1740.98,120.07,7355.15,649.9,8.12
ORD-002398,2026-05-30,2026,Q2,5,Middle East,Saudi Arabia,Laptop,Online,170,793.38,134874.81,78227.39,3675.59,4663.72,2742.03,89308.73,45566.08,33.78
ORD-002552,2026-05-30,2026,Q2,5,Europe,Germany,Tablet,Online,265,530.07,140469.28,73044.03,4263.56,12363.19,5529.5,95200.28,45269.0,32.23
ORD-004325,2026-05-30,2026,Q2,5,Middle East,UAE,Monitor,Online,404,293.08,118405.5,65123.02,4190.39,15609.92,5824.03,90747.37,27658.13,23.36
ORD-002455,2026-05-30,2026,Q2,5,North America,USA,Server,Retail,330,2113.34,697401.64,474233.12,7080.34,17226.53,5030.13,503570.12,193831.52,27.79
ORD-003245,2026-05-30,2026,Q2,5,North America,Canada,Monitor,Enterprise,155,322.34,49962.87,27479.58,1605.54,4017.85,1717.19,34820.17,15142.7,30.31
ORD-002223,2026-05-30,2026,Q2,5,North America,Mexico,Tablet,Online,210,467.03,98075.48,50999.25,3646.15,5793.61,4547.9,64986.91,33088.57,33.74
ORD-000563,2026-05-30,2026,Q2,5,North America,Canada,Monitor,Online,410,300.36,123149.27,67732.1,14269.76,22682.92,3501.33,108186.1,14963.16,12.15
ORD-002659,2026-05-30,2026,Q2,5,North America,Canada,Desktop,Online,199,790.55,157319.37,94391.62,3651.31,2050.71,4275.54,104369.19,52950.18,33.66
ORD-000187,2026-05-30,2026,Q2,5,Middle East,Saudi Arabia,Laptop,Distributor,160,892.53,142804.3,82826.49,1823.82,8918.47,2028.04,95596.81,47207.48,33.06
ORD-004590,2026-05-30,2026,Q2,5,Middle East,Saudi Arabia,Tablet,Online,450,539.31,242691.46,126199.56,13935.75,11366.31,1672.04,153173.66,89517.8,36.89
ORD-004124,2026-05-31,2026,Q2,5,Europe,France,Tablet,Online,175,489.67,85693.07,44560.4,2766.3,3081.91,1420.26,51828.87,33864.2,39.52
ORD-002632,2026-06-01,2026,Q2,6,Asia Pacific,Australia,Server,Distributor,74,2352.19,174061.92,118362.11,1929.48,844.36,483.19,121619.14,52442.77,30.13
ORD-003152,2026-06-01,2026,Q2,6,Europe,Germany,Server,Enterprise,288,2226.17,641136.24,435972.64,8650.83,4339.37,3732.77,452695.61,188440.63,29.39
ORD-002947,2026-06-01,2026,Q2,6,North America,USA,Desktop,Distributor,176,711.6,125241.76,75145.06,5007.86,8541.53,3682.05,92376.49,32865.27,26.24
ORD-001827,2026-06-01,2026,Q2,6,Asia Pacific,India,Desktop,Online,79,753.21,59503.77,35702.26,2582.53,2770.06,745.09,41799.95,17703.82,29.75
ORD-001084,2026-06-01,2026,Q2,6,Latin America,Brazil,Printer,Distributor,121,313.67,37954.48,21634.05,1579.75,1957.65,2311.67,27483.11,10471.37,27.59
ORD-000523,2026-06-01,2026,Q2,6,Europe,Italy,Tablet,Retail,39,479.66,18706.77,9727.52,652.43,1540.13,193.33,12113.4,6593.36,35.25
ORD-000669,2026-06-01,2026,Q2,6,North America,USA,Server,Online,104,2168.55,225528.95,153359.69,2948.38,1549.08,928.94,158786.08,66742.87,29.59
ORD-003893,2026-06-01,2026,Q2,6,North America,Mexico,Printer,Distributor,92,304.64,28027.15,15975.47,1999.89,2800.33,1964.39,22740.09,5287.06,18.86
ORD-000311,2026-06-02,2026,Q2,6,North America,Mexico,Desktop,Online,79,788.34,62279.03,37367.42,2512.69,4673.94,1907.73,46461.78,15817.26,25.4
ORD-002210,2026-06-02,2026,Q2,6,Latin America,Chile,Server,Enterprise,71,2316.9,164499.65,111859.77,1183.69,3799.0,1234.0,118076.46,46423.19,28.22
ORD-000160,2026-06-02,2026,Q2,6,Asia Pacific,India,Printer,Online,15,310.0,4649.97,2650.48,150.68,321.15,150.16,3272.47,1377.49,29.62
ORD-001294,2026-06-02,2026,Q2,6,Europe,Italy,Server,Retail,327,1959.78,640847.22,435776.11,9695.8,3768.72,7777.99,457018.62,183828.61,28.69
ORD-004170,2026-06-02,2026,Q2,6,Asia Pacific,Australia,Desktop,Distributor,75,775.17,58137.49,34882.5,1747.12,3463.17,1608.02,41700.8,16436.69,28.27
ORD-003978,2026-06-02,2026,Q2,6,Europe,Spain,Tablet,Retail,104,457.4,47569.42,24736.1,2693.73,1582.11,1377.25,30389.2,17180.22,36.12
ORD-002837,2026-06-02,2026,Q2,6,Europe,Italy,Tablet,Retail,467,456.47,213173.31,110850.12,15416.6,8963.7,11120.73,146351.16,66822.15,31.35
ORD-000429,2026-06-03,2026,Q2,6,Middle East,Saudi Arabia,Desktop,Retail,316,736.39,232697.87,139618.72,10414.67,17178.92,6963.64,174175.95,58521.92,25.15
ORD-003717,2026-06-03,2026,Q2,6,Europe,Spain,Desktop,Retail,317,813.05,257737.64,154642.59,8874.86,15885.87,4360.49,183763.81,73973.84,28.7
ORD-001158,2026-06-03,2026,Q2,6,North America,Canada,Monitor,Enterprise,451,334.43,150827.82,82955.3,7677.63,17817.63,9790.22,118240.78,32587.04,21.61
ORD-001489,2026-06-04,2026,Q2,6,Europe,Spain,Tablet,Retail,32,536.72,17175.06,8931.03,321.96,1634.69,347.81,11235.49,5939.57,34.58
ORD-004840,2026-06-04,2026,Q2,6,Middle East,UAE,Desktop,Distributor,326,736.67,240156.04,144093.62,5877.14,3748.85,3949.33,157668.94,82487.1,34.35
ORD-002944,2026-06-04,2026,Q2,6,North America,Canada,Tablet,Distributor,389,509.85,198330.54,103131.88,11851.19,15268.25,8161.32,138412.64,59917.9,30.21
ORD-001264,2026-06-04,2026,Q2,6,Europe,Italy,Laptop,Enterprise,462,853.86,394483.09,228800.19,11257.34,18089.09,5575.66,263722.29,130760.8,33.15
ORD-000490,2026-06-04,2026,Q2,6,Asia Pacific,Australia,Tablet,Online,176,545.51,96009.97,49925.18,5440.88,9602.81,3555.37,68524.25,27485.72,28.63
ORD-004081,2026-06-05,2026,Q2,6,Asia Pacific,Australia,Tablet,Online,314,511.37,160570.81,83496.82,5208.59,15498.82,7047.0,111251.24,49319.57,30.72
ORD-003574,2026-06-05,2026,Q2,6,Europe,France,Printer,Online,61,253.34,15453.7,8808.61,640.96,2584.72,599.36,12633.64,2820.06,18.25
ORD-004306,2026-06-05,2026,Q2,6,Europe,UK,Printer,Retail,251,243.42,61097.34,34825.48,2951.5,11106.34,1082.3,49965.62,11131.72,18.22
ORD-001375,2026-06-05,2026,Q2,6,North America,USA,Laptop,Online,342,882.94,301965.55,175140.02,7851.73,19496.32,2844.53,205332.6,96632.95,32.0
ORD-001639,2026-06-05,2026,Q2,6,North America,Canada,Laptop,Retail,377,1033.51,389632.87,225987.07,7204.71,10939.0,2251.57,246382.35,143250.52,36.77
ORD-001291,2026-06-05,2026,Q2,6,Europe,Spain,Monitor,Retail,189,296.21,55983.91,30791.15,3470.56,2539.91,4512.14,41313.77,14670.14,26.2
ORD-004689,2026-06-05,2026,Q2,6,Europe,France,Server,Online,291,1987.73,578429.29,393331.91,3580.34,11267.12,910.67,409090.04,169339.25,29.28
ORD-003856,2026-06-05,2026,Q2,6,Asia Pacific,Australia,Laptop,Enterprise,459,1032.33,473837.86,274825.96,12377.4,18712.56,11432.75,317348.68,156489.18,33.03
ORD-003654,2026-06-06,2026,Q2,6,Europe,Germany,Printer,Distributor,376,307.37,115570.6,65875.24,8570.63,5805.04,2255.01,82505.93,33064.67,28.61
ORD-002347,2026-06-06,2026,Q2,6,Latin America,Brazil,Desktop,Distributor,302,711.89,214990.16,128994.1,4962.66,7925.57,1212.06,143094.39,71895.77,33.44
ORD-000848,2026-06-06,2026,Q2,6,North America,USA,Monitor,Retail,117,281.4,32923.74,18108.06,3574.87,1729.3,737.91,24150.14,8773.6,26.65
ORD-003172,2026-06-06,2026,Q2,6,Latin America,Brazil,Desktop,Retail,215,839.65,180525.66,108315.4,5272.42,9122.0,1368.15,124077.97,56447.7,31.27
ORD-001972,2026-06-06,2026,Q2,6,Asia Pacific,Australia,Laptop,Online,111,782.97,86909.29,50407.39,3596.46,3432.15,1582.1,59018.09,27891.19,32.09
ORD-003987,2026-06-07,2026,Q2,6,Asia Pacific,India,Desktop,Distributor,388,715.15,277478.84,166487.31,7503.07,11807.4,6381.62,192179.39,85299.45,30.74
ORD-001354,2026-06-07,2026,Q2,6,North America,USA,Server,Online,475,2391.07,1135758.93,772316.07,9192.09,22297.85,7683.75,811489.77,324269.17,28.55
ORD-004934,2026-06-07,2026,Q2,6,North America,Mexico,Server,Online,178,2330.51,414831.44,282085.38,3281.8,10265.13,2384.66,298016.97,116814.47,28.16
ORD-004645,2026-06-07,2026,Q2,6,North America,Mexico,Laptop,Enterprise,158,994.42,157117.89,91128.38,4464.12,7911.03,2823.65,106327.17,50790.72,32.33
ORD-002760,2026-06-07,2026,Q2,6,Europe,Italy,Printer,Retail,27,311.14,8400.75,4788.43,352.35,1391.27,132.33,6664.37,1736.38,20.67
ORD-003138,2026-06-07,2026,Q2,6,Europe,Italy,Monitor,Online,380,326.89,124219.32,68320.63,13003.58,15885.04,6878.61,104087.86,20131.46,16.21
ORD-002979,2026-06-07,2026,Q2,6,Europe,Italy,Desktop,Enterprise,80,745.46,59636.76,35782.06,2452.85,1216.72,1594.86,41046.48,18590.28,31.17
ORD-003988,2026-06-08,2026,Q2,6,Asia Pacific,Japan,Desktop,Enterprise,484,744.36,360268.68,216161.21,16410.66,23311.13,11655.95,267538.95,92729.73,25.74
ORD-004610,2026-06-08,2026,Q2,6,North America,Canada,Desktop,Online,301,795.58,239470.21,143682.13,2759.09,8024.36,4524.74,158990.31,80479.9,33.61
ORD-001470,2026-06-09,2026,Q2,6,Europe,Germany,Desktop,Online,276,741.02,204522.1,122713.26,7251.13,5624.87,3269.12,138858.38,65663.73,32.11
ORD-003239,2026-06-09,2026,Q2,6,Europe,Italy,Laptop,Online,284,813.72,231097.42,134036.5,7936.44,3799.95,4991.3,150764.18,80333.24,34.76
ORD-001637,2026-06-09,2026,Q2,6,Asia Pacific,India,Tablet,Enterprise,62,525.63,32589.03,16946.3,1024.68,2087.62,718.34,20776.94,11812.09,36.25
ORD-004588,2026-06-09,2026,Q2,6,Asia Pacific,Japan,Laptop,Enterprise,390,1024.67,399620.83,231780.08,7805.3,17286.05,8813.05,265684.49,133936.34,33.52
ORD-003148,2026-06-09,2026,Q2,6,Asia Pacific,India,Desktop,Online,419,858.09,359537.68,215722.61,9006.59,14316.43,9708.76,248754.39,110783.29,30.81
ORD-004021,2026-06-09,2026,Q2,6,North America,USA,Tablet,Online,106,497.12,52695.23,27401.52,1967.36,1290.01,2330.2,32989.08,19706.15,37.4
ORD-001597,2026-06-09,2026,Q2,6,Asia Pacific,India,Desktop,Enterprise,273,704.41,192305.16,115383.09,9416.57,15379.39,3344.25,143523.31,48781.84,25.37
ORD-004695,2026-06-09,2026,Q2,6,Asia Pacific,Singapore,Desktop,Retail,426,801.5,341439.33,204863.6,5534.6,24021.93,3740.49,238160.62,103278.71,30.25
ORD-000434,2026-06-09,2026,Q2,6,Asia Pacific,Japan,Laptop,Retail,78,863.4,67345.52,39060.4,1867.9,1072.32,1829.19,43829.81,23515.72,34.92
ORD-001957,2026-06-10,2026,Q2,6,Latin America,Brazil,Laptop,Online,422,925.79,390683.48,226596.42,11100.33,8161.67,9726.66,255585.08,135098.4,34.58
ORD-002798,2026-06-10,2026,Q2,6,Latin America,Chile,Tablet,Enterprise,296,429.0,126983.05,66031.19,3832.12,6580.41,6528.15,82971.86,44011.19,34.66
ORD-002458,2026-06-10,2026,Q2,6,North America,Canada,Printer,Distributor,403,257.14,103628.89,59068.47,6862.74,18409.29,3967.43,88307.91,15320.97,14.78
ORD-004912,2026-06-10,2026,Q2,6,North America,Mexico,Monitor,Online,387,259.88,100575.22,55316.37,7783.55,5403.47,7198.27,75701.66,24873.56,24.73
ORD-004221,2026-06-10,2026,Q2,6,Europe,Germany,Laptop,Online,236,973.73,229800.07,133284.04,5671.62,9194.46,2830.2,150980.32,78819.75,34.3
ORD-001526,2026-06-10,2026,Q2,6,Middle East,Qatar,Server,Online,479,2257.38,1081286.97,735275.14,8091.07,23206.52,10220.87,776793.6,304493.37,28.16
ORD-000112,2026-06-10,2026,Q2,6,North America,Mexico,Printer,Online,495,321.1,158943.71,90597.92,5099.08,15602.28,9274.05,120573.33,38370.38,24.14
ORD-004023,2026-06-11,2026,Q2,6,Europe,Spain,Server,Enterprise,6,1885.28,11311.66,7691.93,195.99,329.73,49.3,8266.94,3044.72,26.92
ORD-004757,2026-06-11,2026,Q2,6,Europe,Italy,Printer,Online,174,259.56,45163.53,25743.21,2193.48,4586.0,1769.26,34291.95,10871.58,24.07
ORD-003584,2026-06-11,2026,Q2,6,Latin America,Brazil,Laptop,Online,379,770.21,291911.38,169308.6,8890.16,20278.72,4068.33,202545.81,89365.57,30.61
ORD-003597,2026-06-11,2026,Q2,6,Asia Pacific,Australia,Laptop,Online,158,846.48,133744.06,77571.56,4607.01,5317.67,3784.71,91280.95,42463.12,31.75
ORD-001179,2026-06-11,2026,Q2,6,North America,Mexico,Printer,Distributor,240,240.03,57608.32,32836.74,5299.5,9804.61,1487.01,49427.87,8180.45,14.2
ORD-002317,2026-06-11,2026,Q2,6,Europe,Italy,Printer,Distributor,91,281.75,25638.8,14614.12,2661.32,2062.32,2257.58,21595.34,4043.46,15.77
ORD-001112,2026-06-12,2026,Q2,6,Asia Pacific,Japan,Tablet,Retail,41,439.74,18029.33,9375.25,530.36,602.79,999.18,11507.59,6521.74,36.17
ORD-004845,2026-06-12,2026,Q2,6,North America,Mexico,Server,Distributor,368,2047.02,753301.55,512245.06,5919.39,13469.76,4869.65,536503.85,216797.7,28.78
ORD-004875,2026-06-12,2026,Q2,6,Latin America,Brazil,Server,Distributor,236,2292.58,541049.85,367913.9,6876.87,6385.37,818.83,381994.96,159054.89,29.4
ORD-004190,2026-06-12,2026,Q2,6,Middle East,UAE,Laptop,Distributor,348,767.91,267233.69,154995.54,11183.15,11827.38,4954.25,182960.31,84273.37,31.54
ORD-003384,2026-06-13,2026,Q2,6,North America,Mexico,Desktop,Distributor,33,755.98,24947.49,14968.5,925.22,446.86,523.64,16864.21,8083.28,32.4
ORD-002170,2026-06-13,2026,Q2,6,Europe,Italy,Tablet,Retail,258,461.35,119027.2,61894.15,8863.9,13155.71,3366.93,87280.68,31746.52,26.67
ORD-001393,2026-06-13,2026,Q2,6,Europe,Germany,Tablet,Online,113,430.0,48589.92,25266.76,1787.01,2106.93,1865.21,31025.92,17564.01,36.15
ORD-003103,2026-06-13,2026,Q2,6,North America,Mexico,Printer,Online,237,272.15,64500.58,36765.33,7128.04,9898.64,4578.4,58370.42,6130.16,9.5
ORD-003525,2026-06-13,2026,Q2,6,North America,Mexico,Tablet,Enterprise,155,496.94,77025.43,40053.23,2109.78,5621.49,1668.13,49452.63,27572.8,35.8
ORD-000474,2026-06-13,2026,Q2,6,Asia Pacific,Japan,Server,Retail,461,1874.68,864226.13,587673.77,12759.59,15597.64,3719.83,619750.83,244475.3,28.29
ORD-004976,2026-06-13,2026,Q2,6,Europe,France,Tablet,Retail,123,443.24,54518.02,28349.37,4070.46,4133.89,1349.84,37903.57,16614.46,30.48
ORD-000370,2026-06-14,2026,Q2,6,Europe,Spain,Monitor,Enterprise,289,339.46,98103.61,53956.99,7895.61,3961.25,5151.71,70965.56,27138.05,27.66
ORD-002156,2026-06-14,2026,Q2,6,Middle East,UAE,Tablet,Online,219,529.05,115861.39,60247.92,3956.45,10109.51,1125.97,75439.86,40421.53,34.89
ORD-002309,2026-06-14,2026,Q2,6,Asia Pacific,Singapore,Desktop,Retail,491,713.79,350471.96,210283.18,8810.05,7611.23,7755.9,234460.36,116011.6,33.1
ORD-000189,2026-06-15,2026,Q2,6,North America,USA,Laptop,Online,261,793.82,207186.73,120168.31,4149.74,11660.71,1040.7,137019.46,70167.27,33.87
ORD-004032,2026-06-15,2026,Q2,6,Asia Pacific,Singapore,Server,Enterprise,201,2350.79,472509.72,321306.61,3471.72,6875.3,2089.86,333743.49,138766.23,29.37
ORD-003931,2026-06-15,2026,Q2,6,Asia Pacific,Japan,Tablet,Distributor,391,499.53,195316.07,101564.35,10662.49,11077.09,3939.91,127243.84,68072.23,34.85
ORD-000334,2026-06-15,2026,Q2,6,Middle East,Qatar,Tablet,Enterprise,437,434.9,190051.72,98826.89,12426.42,14411.35,6410.43,132075.1,57976.62,30.51
ORD-000753,2026-06-16,2026,Q2,6,Europe,Germany,Tablet,Online,443,469.84,208138.18,108231.85,4855.73,5447.02,2807.27,121341.87,86796.31,41.7
ORD-003509,2026-06-16,2026,Q2,6,Europe,France,Server,Distributor,13,2261.39,29398.07,19990.69,310.74,163.38,319.62,20784.42,8613.65,29.3
ORD-000042,2026-06-16,2026,Q2,6,North America,USA,Tablet,Distributor,390,434.27,169365.47,88070.04,11607.01,19230.84,6934.09,125841.99,43523.48,25.7
ORD-002804,2026-06-16,2026,Q2,6,Europe,France,Server,Enterprise,486,2207.37,1072784.12,729493.2,14693.42,9972.49,4155.59,758314.71,314469.42,29.31
ORD-001323,2026-06-17,2026,Q2,6,Europe,UK,Server,Enterprise,202,2148.69,434035.6,295144.21,4099.76,2455.32,5013.95,306713.23,127322.38,29.33
ORD-002365,2026-06-17,2026,Q2,6,Europe,Spain,Laptop,Enterprise,291,910.96,265089.84,153752.11,8496.28,14925.42,3735.14,180908.95,84180.89,31.76
ORD-001791,2026-06-17,2026,Q2,6,North America,Canada,Laptop,Distributor,413,925.04,382040.1,221583.26,11233.78,8636.07,9246.13,250699.24,131340.86,34.38
ORD-004876,2026-06-17,2026,Q2,6,Europe,France,Laptop,Distributor,342,877.3,300036.23,174021.01,10396.33,5947.33,8537.13,198901.8,101134.43,33.71
ORD-003469,2026-06-17,2026,Q2,6,Europe,Germany,Tablet,Online,137,512.11,70159.39,36482.88,3073.76,2294.3,3309.11,45160.06,24999.33,35.63
ORD-002595,2026-06-17,2026,Q2,6,North America,USA,Monitor,Retail,74,302.78,22406.09,12323.35,632.65,3391.44,1106.94,17454.37,4951.72,22.1
ORD-000711,2026-06-17,2026,Q2,6,North America,Mexico,Monitor,Retail,409,341.33,139604.57,76782.51,3798.1,18456.01,2280.01,101316.63,38287.94,27.43
ORD-003531,2026-06-17,2026,Q2,6,North America,Mexico,Monitor,Online,417,305.25,127287.99,70008.39,3534.81,24462.16,3585.45,101590.82,25697.17,20.19
ORD-000620,2026-06-18,2026,Q2,6,North America,USA,Server,Online,149,2177.93,324511.68,220667.94,1812.15,6127.14,2690.36,231297.59,93214.09,28.72
ORD-000605,2026-06-18,2026,Q2,6,Latin America,Chile,Tablet,Distributor,429,476.61,204466.38,106322.52,4279.07,19432.12,3790.27,133823.97,70642.41,34.55
ORD-002065,2026-06-18,2026,Q2,6,Latin America,Brazil,Server,Online,20,1888.42,37768.41,25682.52,232.93,469.31,334.35,26719.1,11049.31,29.26
ORD-000622,2026-06-18,2026,Q2,6,North America,Canada,Desktop,Retail,185,833.84,154260.22,92556.13,4550.05,8391.45,1354.53,106852.17,47408.05,30.73
ORD-001390,2026-06-18,2026,Q2,6,Europe,Spain,Desktop,Retail,288,843.39,242897.08,145738.25,4096.73,16416.38,7165.76,173417.12,69479.96,28.6
ORD-003940,2026-06-18,2026,Q2,6,North America,USA,Desktop,Online,109,698.59,76146.58,45687.95,2693.39,1583.13,1426.11,51390.58,24756.0,32.51
ORD-001855,2026-06-19,2026,Q2,6,Asia Pacific,Australia,Server,Enterprise,325,2515.1,817408.39,555837.7,8534.68,17982.46,7375.34,589730.18,227678.2,27.85
ORD-003646,2026-06-19,2026,Q2,6,Middle East,UAE,Server,Online,328,1957.2,641960.39,436533.07,5988.88,14712.79,1444.78,458679.51,183280.88,28.55
ORD-001793,2026-06-20,2026,Q2,6,Europe,Spain,Server,Online,276,2323.56,641303.09,436086.1,7539.12,5720.7,1987.09,451333.02,189970.07,29.62
ORD-003589,2026-06-20,2026,Q2,6,Asia Pacific,Singapore,Server,Online,55,2235.15,122933.31,83594.65,1488.17,2727.9,680.73,88491.44,34441.86,28.02
ORD-000748,2026-06-20,2026,Q2,6,Asia Pacific,Singapore,Printer,Online,91,311.13,28312.83,16138.31,2361.72,2363.19,844.37,21707.59,6605.24,23.33
ORD-004469,2026-06-20,2026,Q2,6,Asia Pacific,Australia,Desktop,Distributor,86,678.33,58336.34,35001.81,2633.46,2185.52,555.05,40375.84,17960.5,30.79
ORD-003166,2026-06-20,2026,Q2,6,Europe,Spain,Printer,Distributor,34,303.56,10321.02,5882.98,425.32,364.87,253.47,6926.64,3394.38,32.89
ORD-004753,2026-06-20,2026,Q2,6,North America,Mexico,Tablet,Distributor,436,562.15,245099.09,127451.53,10630.44,6034.39,9183.68,153300.04,91799.05,37.45
ORD-003137,2026-06-20,2026,Q2,6,North America,Canada,Printer,Online,76,271.24,20614.23,11750.11,1581.16,2286.03,1468.91,17086.21,3528.02,17.11
ORD-001423,2026-06-21,2026,Q2,6,Asia Pacific,India,Server,Enterprise,229,2181.21,499496.36,339657.53,5688.13,11976.79,3025.29,360347.73,139148.63,27.86
ORD-003570,2026-06-21,2026,Q2,6,Europe,Spain,Tablet,Online,451,536.14,241797.86,125734.89,14983.02,21775.02,3865.21,166358.13,75439.73,31.2
ORD-004188,2026-06-21,2026,Q2,6,North America,Mexico,Server,Enterprise,149,2408.93,358930.02,244072.41,1863.49,1569.11,2137.08,249642.09,109287.93,30.45
ORD-002651,2026-06-21,2026,Q2,6,North America,Canada,Server,Online,177,2198.02,389049.65,264553.76,3975.19,9457.8,1973.09,279959.84,109089.82,28.04
ORD-002137,2026-06-21,2026,Q2,6,Asia Pacific,Japan,Monitor,Retail,404,270.57,109311.73,60121.45,8395.18,14152.83,5673.23,88342.7,20969.03,19.18
ORD-000278,2026-06-21,2026,Q2,6,North America,USA,Server,Retail,239,2350.17,561691.32,381950.1,6171.36,12862.94,3390.35,404374.74,157316.57,28.01
ORD-004078,2026-06-21,2026,Q2,6,North America,Mexico,Laptop,Distributor,410,911.88,373871.17,216845.28,13604.01,7085.59,1851.14,239386.02,134485.15,35.97
ORD-004621,2026-06-22,2026,Q2,6,Latin America,Argentina,Server,Online,355,2416.8,857964.41,583415.8,3380.82,9843.29,6420.62,603060.53,254903.88,29.71
ORD-002717,2026-06-22,2026,Q2,6,North America,Canada,Tablet,Distributor,185,516.9,95626.73,49725.9,5695.15,9291.93,2627.24,67340.23,28286.51,29.58
ORD-004665,2026-06-22,2026,Q2,6,North America,Mexico,Tablet,Enterprise,167,487.34,81385.4,42320.41,2009.72,7210.1,1733.04,53273.27,28112.13,34.54
ORD-003744,2026-06-22,2026,Q2,6,Latin America,Brazil,Monitor,Retail,41,292.03,11973.38,6585.36,1002.78,781.45,185.34,8554.93,3418.45,28.55
ORD-003889,2026-06-22,2026,Q2,6,North America,Canada,Server,Online,206,1940.27,399694.82,271792.48,5283.97,11560.38,1249.96,289886.79,109808.03,27.47
ORD-000972,2026-06-23,2026,Q2,6,Europe,Spain,Monitor,Retail,259,337.82,87496.22,48122.92,3894.85,8575.93,6390.94,66984.65,20511.57,23.44
ORD-003512,2026-06-23,2026,Q2,6,Middle East,Saudi Arabia,Laptop,Distributor,329,857.42,282089.97,163612.18,6031.89,6183.17,2981.25,178808.49,103281.48,36.61
ORD-002244,2026-06-23,2026,Q2,6,Asia Pacific,Singapore,Monitor,Enterprise,69,333.07,22981.49,12639.82,1792.38,3087.09,1477.16,18996.46,3985.03,17.34
ORD-004575,2026-06-23,2026,Q2,6,Europe,Germany,Desktop,Retail,128,711.74,91103.3,54661.98,2320.82,2269.98,2029.7,61282.49,29820.81,32.73
ORD-004885,2026-06-23,2026,Q2,6,Europe,France,Tablet,Distributor,90,485.16,43664.41,22705.49,3015.85,3817.89,847.65,30386.89,13277.53,30.41
ORD-001013,2026-06-24,2026,Q2,6,Middle East,Qatar,Laptop,Retail,168,910.14,152903.94,88684.29,4209.12,8609.17,2169.88,103672.45,49231.49,32.2
ORD-003733,2026-06-24,2026,Q2,6,Middle East,UAE,Printer,Enterprise,111,246.75,27389.36,15611.93,1922.7,3358.63,2716.01,23609.27,3780.08,13.8
ORD-002141,2026-06-24,2026,Q2,6,North America,Canada,Printer,Enterprise,346,321.78,111336.51,63461.81,8551.93,11793.63,2798.19,86605.56,24730.95,22.21
ORD-003827,2026-06-24,2026,Q2,6,Europe,Italy,Monitor,Online,255,268.34,68426.28,37634.46,8201.63,3324.63,3215.59,52376.31,16049.97,23.46
ORD-002672,2026-06-24,2026,Q2,6,North America,USA,Tablet,Retail,209,545.69,114049.58,59305.78,6424.84,9772.24,3320.15,78823.01,35226.57,30.89
ORD-002780,2026-06-24,2026,Q2,6,Europe,Italy,Monitor,Retail,359,264.84,95078.0,52292.9,7380.66,12902.43,7774.27,80350.25,14727.74,15.49
ORD-004305,2026-06-25,2026,Q2,6,Europe,Italy,Laptop,Enterprise,57,867.63,49454.88,28683.83,518.04,2935.38,1098.5,33235.74,16219.13,32.8
ORD-001280,2026-06-25,2026,Q2,6,Middle East,Saudi Arabia,Monitor,Online,328,273.82,89812.17,49396.69,9873.65,18066.4,6600.81,83937.56,5874.61,6.54
ORD-002475,2026-06-25,2026,Q2,6,Europe,Germany,Laptop,Retail,476,785.69,373989.5,216913.91,10374.71,26071.41,7195.27,260555.3,113434.2,30.33
ORD-004310,2026-06-26,2026,Q2,6,Middle East,Qatar,Printer,Enterprise,291,246.72,71795.95,40923.69,5001.02,7881.29,5003.76,58809.76,12986.19,18.09
ORD-002606,2026-06-27,2026,Q2,6,Europe,Italy,Monitor,Enterprise,333,263.51,87748.99,48261.95,8480.24,16471.54,3040.56,76254.29,11494.7,13.1
ORD-001628,2026-06-27,2026,Q2,6,Asia Pacific,Japan,Server,Retail,272,2466.1,670779.58,456130.11,3779.09,6412.76,4684.5,471006.46,199773.11,29.78
ORD-001403,2026-06-27,2026,Q2,6,Europe,France,Printer,Enterprise,336,313.77,105426.59,60093.16,10738.75,17236.99,6711.6,94780.5,10646.09,10.1
ORD-000521,2026-06-27,2026,Q2,6,Middle East,Qatar,Desktop,Distributor,396,676.09,267732.54,160639.52,10681.58,10687.68,6952.12,188960.9,78771.64,29.42
ORD-000949,2026-06-28,2026,Q2,6,North America,USA,Desktop,Distributor,327,688.83,225248.91,135149.35,5180.69,15013.26,7092.15,162435.45,62813.46,27.89
ORD-002507,2026-06-28,2026,Q2,6,North America,Mexico,Desktop,Distributor,420,665.1,279343.03,167605.82,10770.07,9394.86,9143.42,196914.17,82428.86,29.51
ORD-002701,2026-06-28,2026,Q2,6,Asia Pacific,India,Desktop,Enterprise,479,732.3,350770.5,210462.3,5042.0,20057.43,4121.41,239683.14,111087.36,31.67
ORD-003848,2026-06-29,2026,Q2,6,North America,Mexico,Tablet,Online,78,428.9,33454.58,17396.38,1439.01,3713.63,1457.46,24006.48,9448.1,28.24
ORD-000759,2026-06-29,2026,Q2,6,Latin America,Chile,Laptop,Enterprise,408,962.71,392785.68,227815.7,6907.96,9882.57,2600.1,247206.32,145579.36,37.06
ORD-001448,2026-06-29,2026,Q2,6,Asia Pacific,Singapore,Laptop,Distributor,491,991.17,486663.71,282264.95,13884.17,17323.7,9278.59,322751.4,163912.3,33.68
ORD-002567,2026-06-29,2026,Q2,6,Latin America,Chile,Server,Online,283,2441.0,690801.59,469745.08,9509.41,15049.93,2887.76,497192.19,193609.41,28.03
ORD-002767,2026-06-29,2026,Q2,6,Europe,Spain,Tablet,Retail,143,509.53,72862.42,37888.46,3243.27,1977.02,2222.09,45330.83,27531.59,37.79
ORD-002689,2026-06-29,2026,Q2,6,Europe,Spain,Desktop,Retail,324,707.35,229180.57,137508.34,2892.3,10765.08,6690.61,157856.32,71324.24,31.12
ORD-001726,2026-06-30,2026,Q2,6,Asia Pacific,Australia,Printer,Enterprise,119,267.31,31809.7,18131.53,1681.32,4516.95,1054.0,25383.8,6425.9,20.2
ORD-003797,2026-06-30,2026,Q2,6,Europe,Italy,Printer,Enterprise,14,272.98,3821.75,2178.4,421.63,642.97,253.34,3496.34,325.42,8.51
ORD-000350,2026-06-30,2026,Q2,6,Asia Pacific,Australia,Desktop,Retail,250,798.04,199510.9,119706.54,4884.09,3975.25,5083.25,133649.13,65861.77,33.01
ORD-003944,2026-06-30,2026,Q2,6,Latin America,Brazil,Monitor,Online,268,293.3,78605.09,43232.8,7374.54,4083.12,5122.6,59813.06,18792.03,23.91
ORD-004390,2026-06-30,2026,Q2,6,Latin America,Argentina,Laptop,Online,221,776.33,171568.43,99509.69,7565.18,8414.4,4214.31,119703.58,51864.84,30.23
ORD-002792,2026-07-01,2026,Q3,7,Europe,Spain,Printer,Enterprise,193,290.14,55997.18,31918.39,4557.58,4695.25,1988.46,43159.68,12837.5,22.93
ORD-000450,2026-07-01,2026,Q3,7,Asia Pacific,Singapore,Server,Online,275,1923.99,529096.54,359785.65,6903.87,13639.07,5715.6,386044.19,143052.35,27.04
ORD-003860,2026-07-01,2026,Q3,7,Latin America,Chile,Server,Online,13,2209.28,28720.66,19530.05,152.96,408.35,91.0,20182.37,8538.3,29.73
ORD-002723,2026-07-01,2026,Q3,7,North America,Canada,Monitor,Online,183,314.35,57526.3,31639.46,3345.59,5446.51,4349.0,44780.57,12745.73,22.16
ORD-004531,2026-07-01,2026,Q3,7,Europe,France,Desktop,Enterprise,35,812.73,28445.4,17067.24,512.24,1944.69,224.41,19748.57,8696.82,30.57
ORD-001195,2026-07-02,2026,Q3,7,Europe,France,Server,Online,478,2036.5,973447.28,661944.15,9054.11,6761.03,11519.47,689278.76,284168.52,29.19
ORD-001411,2026-07-02,2026,Q3,7,North America,Canada,Desktop,Online,425,716.01,304302.61,182581.57,11441.59,5760.06,6258.3,206041.51,98261.1,32.29
ORD-004869,2026-07-02,2026,Q3,7,Europe,Spain,Desktop,Distributor,403,842.67,339597.26,203758.36,4962.15,24123.08,7668.38,240511.98,99085.28,29.18
ORD-002547,2026-07-02,2026,Q3,7,Asia Pacific,Singapore,Desktop,Online,451,740.12,333795.03,200277.02,14705.96,6707.28,10442.06,232132.32,101662.71,30.46
ORD-000207,2026-07-02,2026,Q3,7,Middle East,Saudi Arabia,Desktop,Online,62,747.5,46345.06,27807.04,1184.38,3084.61,1169.85,33245.88,13099.18,28.26
ORD-003652,2026-07-02,2026,Q3,7,North America,USA,Printer,Enterprise,102,254.9,25999.33,14819.62,2569.6,4373.77,1964.57,23727.55,2271.78,8.74
ORD-003265,2026-07-03,2026,Q3,7,Asia Pacific,Japan,Desktop,Retail,135,820.03,110704.61,66422.77,4547.36,3751.84,785.31,75507.27,35197.34,31.79
ORD-002072,2026-07-03,2026,Q3,7,Europe,France,Printer,Enterprise,141,248.12,34985.46,19941.71,2732.64,8192.09,1774.75,32641.19,2344.27,6.7
ORD-001658,2026-07-03,2026,Q3,7,Europe,France,Server,Online,436,2408.13,1049944.99,713962.6,10629.25,10920.04,10150.02,745661.91,304283.09,28.98
ORD-004694,2026-07-03,2026,Q3,7,Latin America,Brazil,Desktop,Online,283,686.93,194402.01,116641.21,7892.0,5123.27,5486.54,135143.02,59258.99,30.48
ORD-000958,2026-07-03,2026,Q3,7,Europe,Spain,Server,Online,65,1952.81,126932.47,86314.08,1198.22,3170.2,296.28,90978.77,35953.7,28.33
ORD-004279,2026-07-04,2026,Q3,7,Asia Pacific,Singapore,Laptop,Online,123,833.5,102520.5,59461.89,1662.33,4548.07,2592.33,68264.62,34255.88,33.41
ORD-001324,2026-07-04,2026,Q3,7,North America,Canada,Monitor,Retail,397,327.77,130123.84,71568.11,12719.74,23690.42,4894.65,112872.93,17250.91,13.26
ORD-003955,2026-07-04,2026,Q3,7,Asia Pacific,India,Monitor,Enterprise,306,322.77,98768.75,54322.81,5163.78,15014.58,1156.47,75657.65,23111.1,23.4
ORD-001256,2026-07-04,2026,Q3,7,Asia Pacific,Japan,Tablet,Enterprise,401,522.25,209422.43,108899.66,12995.99,15028.13,7207.21,144130.99,65291.44,31.18
ORD-003098,2026-07-05,2026,Q3,7,North America,USA,Server,Online,441,2136.96,942397.86,640830.54,13059.48,7342.94,3871.32,665104.28,277293.58,29.42
ORD-004364,2026-07-05,2026,Q3,7,Asia Pacific,Singapore,Monitor,Enterprise,425,287.03,121989.69,67094.33,5479.22,21822.16,7463.89,101859.61,20130.09,16.5
ORD-002116,2026-07-05,2026,Q3,7,Asia Pacific,Singapore,Laptop,Retail,338,825.11,278885.65,161753.68,11806.49,18401.39,4306.01,196267.57,82618.09,29.62
ORD-001796,2026-07-05,2026,Q3,7,Europe,Italy,Laptop,Online,79,838.44,66236.61,38417.23,1189.97,4195.67,677.27,44480.14,21756.47,32.85
ORD-001568,2026-07-05,2026,Q3,7,Asia Pacific,Australia,Tablet,Online,306,560.41,171484.71,89172.05,6424.45,15134.6,1517.45,112248.54,59236.16,34.54
ORD-003238,2026-07-05,2026,Q3,7,Asia Pacific,Japan,Server,Online,435,2468.84,1073946.29,730283.48,13085.55,24342.49,8564.86,776276.37,297669.92,27.72
ORD-003614,2026-07-05,2026,Q3,7,North America,Canada,Laptop,Enterprise,52,799.45,41571.63,24111.55,873.42,2437.44,156.02,27578.43,13993.2,33.66
ORD-003662,2026-07-06,2026,Q3,7,Europe,Italy,Tablet,Distributor,191,487.71,93152.18,48439.13,4127.69,10920.95,2307.52,65795.3,27356.88,29.37
ORD-004255,2026-07-06,2026,Q3,7,Asia Pacific,Japan,Laptop,Enterprise,132,948.99,125266.53,72654.59,3506.61,1730.76,2226.66,80118.62,45147.92,36.04
ORD-001262,2026-07-06,2026,Q3,7,North America,Canada,Tablet,Online,107,501.31,53640.49,27893.05,1076.01,1127.93,407.92,30504.91,23135.57,43.13
ORD-003221,2026-07-06,2026,Q3,7,Latin America,Argentina,Monitor,Retail,207,299.66,62030.65,34116.86,5048.86,12315.92,4360.65,55842.3,6188.36,9.98
ORD-001367,2026-07-06,2026,Q3,7,Asia Pacific,India,Monitor,Online,349,305.55,106637.15,58650.43,6155.76,20514.57,3874.44,89195.2,17441.95,16.36
ORD-000766,2026-07-06,2026,Q3,7,Europe,Spain,Tablet,Retail,475,454.94,216098.68,112371.32,10305.86,4955.29,4515.89,132148.36,83950.33,38.85
ORD-000672,2026-07-07,2026,Q3,7,North America,Mexico,Laptop,Retail,261,994.84,259652.31,150598.34,7153.59,3070.88,3514.1,164336.92,95315.4,36.71
ORD-000582,2026-07-07,2026,Q3,7,Latin America,Brazil,Monitor,Distributor,13,266.52,3464.71,1905.59,154.87,700.56,294.59,3055.6,409.11,11.81
ORD-004136,2026-07-07,2026,Q3,7,North America,USA,Printer,Online,321,299.19,96039.15,54742.32,7366.46,12792.8,7543.17,82444.75,13594.41,14.16
ORD-004722,2026-07-07,2026,Q3,7,Latin America,Argentina,Printer,Online,99,285.29,28243.74,16098.93,3166.45,3487.47,306.16,23059.02,5184.72,18.36
ORD-004726,2026-07-07,2026,Q3,7,North America,USA,Monitor,Online,460,335.42,154295.03,84862.27,12058.96,25676.68,7969.31,130567.22,23727.82,15.38
ORD-001476,2026-07-07,2026,Q3,7,Middle East,Qatar,Server,Distributor,125,2152.74,269092.62,182982.98,2841.07,4273.17,516.28,190613.5,78479.12,29.16
ORD-001521,2026-07-07,2026,Q3,7,Asia Pacific,Japan,Desktop,Online,160,750.05,120008.09,72004.86,4038.06,1930.91,1421.19,79395.02,40613.07,33.84
ORD-003623,2026-07-08,2026,Q3,7,North America,Canada,Tablet,Online,471,480.94,226523.98,117792.47,9611.06,10157.12,5062.56,142623.21,83900.77,37.04
ORD-000717,2026-07-08,2026,Q3,7,North America,USA,Server,Online,85,2423.01,205956.0,140050.08,2227.6,3278.17,1375.14,146931.0,59025.01,28.66
ORD-000401,2026-07-08,2026,Q3,7,Middle East,Qatar,Printer,Online,338,317.22,107220.72,61115.81,2733.85,12800.99,1211.48,77862.13,29358.59,27.38
ORD-004541,2026-07-08,2026,Q3,7,Asia Pacific,Singapore,Tablet,Online,65,515.33,33496.43,17418.14,2264.84,1846.87,1434.08,22963.93,10532.51,31.44
ORD-003951,2026-07-08,2026,Q3,7,Europe,Spain,Server,Distributor,411,2301.92,946087.92,643339.79,13366.28,14564.78,6327.09,677597.94,268489.98,28.38
ORD-004497,2026-07-09,2026,Q3,7,North America,USA,Server,Online,105,1980.2,207921.21,141386.42,1176.03,4091.61,319.68,146973.74,60947.47,29.31
ORD-000274,2026-07-09,2026,Q3,7,North America,Mexico,Server,Online,102,1976.99,201653.2,137124.18,2528.3,2656.72,944.43,143253.62,58399.58,28.96
ORD-001185,2026-07-09,2026,Q3,7,Europe,Italy,Tablet,Online,288,511.93,147434.72,76666.06,9335.22,6197.41,6848.03,99046.71,48388.01,32.82
ORD-001676,2026-07-09,2026,Q3,7,North America,Canada,Desktop,Enterprise,312,750.81,234254.23,140552.54,6905.61,12050.46,6930.44,166439.04,67815.19,28.95
ORD-002525,2026-07-09,2026,Q3,7,Europe,UK,Monitor,Online,379,337.1,127760.22,70268.12,9322.61,18179.31,7677.18,105447.21,22313.01,17.46
ORD-004937,2026-07-09,2026,Q3,7,Middle East,Qatar,Server,Distributor,229,2255.77,516570.92,351268.22,4163.62,12327.06,1016.62,368775.51,147795.4,28.61
ORD-001936,2026-07-09,2026,Q3,7,Asia Pacific,Singapore,Monitor,Enterprise,310,285.64,88549.73,48702.35,4980.86,15165.17,5159.45,74007.83,14541.9,16.42
ORD-001132,2026-07-09,2026,Q3,7,North America,Mexico,Server,Online,499,1894.4,945303.18,642806.16,5639.93,12079.62,8282.33,668808.04,276495.14,29.25
ORD-001108,2026-07-09,2026,Q3,7,North America,Mexico,Printer,Online,143,312.27,44654.58,25453.11,4295.47,7159.73,945.39,37853.7,6800.88,15.23
ORD-001014,2026-07-10,2026,Q3,7,North America,USA,Desktop,Distributor,440,794.61,349630.41,209778.24,4594.59,6071.96,9479.9,229924.69,119705.71,34.24
ORD-004664,2026-07-10,2026,Q3,7,Asia Pacific,India,Laptop,Distributor,263,871.83,229291.85,132989.28,2983.52,15744.78,6498.54,158216.11,71075.74,31.0
ORD-002113,2026-07-10,2026,Q3,7,North America,Canada,Laptop,Online,386,856.73,330697.78,191804.71,7505.05,21560.79,9550.03,230420.59,100277.19,30.32
ORD-000801,2026-07-11,2026,Q3,7,Asia Pacific,India,Printer,Online,136,277.94,37799.61,21545.78,2472.74,7295.21,1011.76,32325.49,5474.12,14.48
ORD-002022,2026-07-11,2026,Q3,7,North America,Mexico,Printer,Retail,75,270.67,20300.06,11571.03,1883.12,4232.85,935.87,18622.87,1677.19,8.26
ORD-003568,2026-07-11,2026,Q3,7,Europe,UK,Monitor,Distributor,428,317.3,135803.02,74691.66,6739.21,13044.87,2332.62,96808.35,38994.66,28.71
ORD-004356,2026-07-11,2026,Q3,7,Europe,Germany,Tablet,Retail,329,474.88,156235.27,81242.34,4818.66,18144.81,4779.42,108985.23,47250.04,30.24
ORD-003941,2026-07-11,2026,Q3,7,Europe,France,Laptop,Enterprise,373,879.8,328163.66,190334.92,3172.24,12785.04,2291.99,208584.19,119579.46,36.44
ORD-004173,2026-07-12,2026,Q3,7,Asia Pacific,India,Server,Enterprise,353,1933.49,682522.6,464115.37,4005.63,19780.41,2619.49,490520.9,192001.7,28.13
ORD-001417,2026-07-12,2026,Q3,7,Europe,Spain,Tablet,Online,140,538.53,75393.83,39204.79,4562.68,4377.53,1664.57,49809.57,25584.26,33.93
ORD-003036,2026-07-12,2026,Q3,7,Europe,France,Monitor,Enterprise,311,261.68,81382.62,44760.44,4650.67,14992.12,4157.14,68560.37,12822.25,15.76
ORD-002279,2026-07-12,2026,Q3,7,North America,Mexico,Server,Online,41,2249.14,92214.74,62706.02,412.44,1085.57,740.21,64944.25,27270.5,29.57
ORD-004454,2026-07-12,2026,Q3,7,Asia Pacific,Singapore,Laptop,Online,50,962.12,48106.07,27901.52,1542.09,1786.19,482.32,31712.12,16393.94,34.08
ORD-003527,2026-07-13,2026,Q3,7,Europe,France,Desktop,Online,462,644.25,297644.59,178586.75,10177.22,5166.24,10351.16,204281.37,93363.22,31.37
ORD-003136,2026-07-13,2026,Q3,7,North America,Mexico,Server,Online,470,2252.58,1058713.77,719925.36,15932.43,18344.84,11083.62,765286.25,293427.52,27.72
ORD-003337,2026-07-13,2026,Q3,7,Latin America,Brazil,Tablet,Retail,415,449.7,186626.64,97045.85,4422.5,21701.49,4284.94,127454.79,59171.85,31.71
ORD-003724,2026-07-13,2026,Q3,7,Europe,Spain,Monitor,Retail,17,306.27,5206.52,2863.58,225.2,917.86,164.97,4171.61,1034.91,19.88
ORD-004611,2026-07-13,2026,Q3,7,Europe,Germany,Desktop,Enterprise,123,839.8,103295.02,61977.01,3925.99,6185.66,871.31,72959.97,30335.05,29.37
ORD-000924,2026-07-13,2026,Q3,7,Asia Pacific,Japan,Printer,Online,133,251.53,33452.9,19068.15,3139.16,4199.37,1762.26,28168.94,5283.96,15.8
ORD-003438,2026-07-13,2026,Q3,7,Latin America,Argentina,Desktop,Retail,315,814.98,256720.24,154032.14,2596.55,16450.72,6184.48,179263.89,77456.35,30.17
ORD-000520,2026-07-13,2026,Q3,7,North America,Canada,Server,Retail,433,2286.22,989931.74,673153.58,7113.12,17678.47,7333.13,705278.3,284653.44,28.75
ORD-004237,2026-07-14,2026,Q3,7,Asia Pacific,Singapore,Monitor,Online,498,274.33,136616.89,75139.29,8575.42,19035.15,4779.3,107529.17,29087.72,21.29
ORD-001131,2026-07-14,2026,Q3,7,Latin America,Brazil,Server,Enterprise,298,1971.44,587488.47,399492.16,6596.07,8052.56,7216.41,421357.2,166131.27,28.28
ORD-003878,2026-07-14,2026,Q3,7,Asia Pacific,India,Laptop,Online,322,793.16,255397.87,148130.76,6714.39,4222.13,2245.94,161313.23,94084.64,36.84
ORD-002559,2026-07-14,2026,Q3,7,Asia Pacific,Singapore,Server,Enterprise,334,2473.3,826081.27,561735.26,11265.6,8604.87,5868.19,587473.92,238607.35,28.88
ORD-002133,2026-07-14,2026,Q3,7,Latin America,Argentina,Tablet,Retail,122,571.05,69668.36,36227.55,3145.35,6090.41,1978.24,47441.55,22226.82,31.9
ORD-003695,2026-07-14,2026,Q3,7,Middle East,Saudi Arabia,Tablet,Enterprise,439,446.61,196063.01,101952.76,6522.07,15874.38,9088.65,133437.86,62625.15,31.94
ORD-002078,2026-07-15,2026,Q3,7,Latin America,Chile,Server,Online,222,2316.79,514327.88,349742.96,2897.41,12827.85,5171.77,370639.98,143687.9,27.94
ORD-004303,2026-07-15,2026,Q3,7,Latin America,Brazil,Laptop,Distributor,473,963.97,455955.58,264454.24,10930.5,14042.41,6659.03,296086.18,159869.41,35.06
ORD-000258,2026-07-16,2026,Q3,7,Europe,France,Desktop,Enterprise,355,806.23,286212.15,171727.29,10169.15,3849.41,4743.03,190488.88,95723.27,33.44
ORD-003734,2026-07-16,2026,Q3,7,Europe,Germany,Laptop,Online,145,801.62,116234.39,67415.95,4320.37,1677.94,2211.71,75625.96,40608.44,34.94
ORD-002264,2026-07-16,2026,Q3,7,Europe,UK,Desktop,Retail,81,725.73,58784.13,35270.48,2301.46,2505.22,357.7,40434.87,18349.26,31.21
ORD-003253,2026-07-16,2026,Q3,7,North America,Mexico,Laptop,Enterprise,411,822.87,338200.75,196156.44,9602.14,5009.54,9183.45,219951.56,118249.19,34.96
ORD-000516,2026-07-17,2026,Q3,7,Middle East,UAE,Desktop,Enterprise,129,786.18,101417.73,60850.64,3273.04,4383.52,720.55,69227.75,32189.98,31.74
ORD-002777,2026-07-17,2026,Q3,7,North America,Mexico,Monitor,Online,92,268.25,24679.27,13573.6,1177.41,3441.27,2170.63,20362.91,4316.36,17.49
ORD-002259,2026-07-17,2026,Q3,7,Middle East,Qatar,Tablet,Online,265,533.27,141316.94,73484.81,4426.8,6458.17,5763.27,90133.05,51183.89,36.22
ORD-000175,2026-07-17,2026,Q3,7,Europe,Italy,Laptop,Retail,208,880.92,183231.89,106274.5,4274.0,3041.41,3618.28,117208.19,66023.7,36.03
ORD-000481,2026-07-17,2026,Q3,7,North America,Canada,Desktop,Distributor,113,780.63,88210.65,52926.39,2477.19,4835.22,370.79,60609.59,27601.05,31.29
ORD-002785,2026-07-17,2026,Q3,7,North America,Canada,Laptop,Online,209,1033.51,216002.6,125281.51,3970.72,7170.7,2798.33,139221.25,76781.35,35.55
ORD-003431,2026-07-18,2026,Q3,7,Latin America,Chile,Desktop,Retail,118,639.57,75469.78,45281.87,2059.43,4531.83,997.11,52870.24,22599.54,29.95
ORD-000091,2026-07-18,2026,Q3,7,Europe,Spain,Laptop,Online,444,765.46,339864.4,197121.35,8652.12,8585.86,5679.16,220038.49,119825.9,35.26
ORD-004530,2026-07-18,2026,Q3,7,Middle East,Saudi Arabia,Desktop,Online,428,769.49,329342.8,197605.68,9764.34,18912.43,8093.12,234375.57,94967.23,28.84
ORD-002555,2026-07-18,2026,Q3,7,North America,USA,Monitor,Distributor,240,324.28,77828.03,42805.42,8118.5,11329.35,1497.58,63750.84,14077.19,18.09
ORD-002284,2026-07-18,2026,Q3,7,North America,Canada,Printer,Retail,437,310.24,135574.85,77277.67,13905.49,24693.84,6467.82,122344.82,13230.03,9.76
ORD-002954,2026-07-18,2026,Q3,7,Asia Pacific,Singapore,Tablet,Enterprise,42,456.28,19163.59,9965.07,451.05,2272.63,246.71,12935.46,6228.13,32.5
ORD-004774,2026-07-18,2026,Q3,7,Latin America,Brazil,Server,Enterprise,347,2328.79,808090.5,549501.54,7396.73,9147.64,8199.86,574245.77,233844.73,28.94
ORD-002314,2026-07-19,2026,Q3,7,Europe,Spain,Printer,Online,172,272.38,46849.17,26704.03,5104.01,5118.66,698.5,37625.2,9223.98,19.69
ORD-002123,2026-07-19,2026,Q3,7,North America,Mexico,Desktop,Distributor,86,733.85,63110.7,37866.42,908.14,1765.32,711.48,41251.37,21859.33,34.64
ORD-003710,2026-07-19,2026,Q3,7,North America,USA,Laptop,Distributor,187,775.56,145029.95,84117.37,4556.95,3478.87,646.05,92799.24,52230.71,36.01
ORD-001779,2026-07-19,2026,Q3,7,Latin America,Chile,Server,Online,25,2354.13,58853.19,40020.17,310.04,1278.74,157.4,41766.34,17086.85,29.03
ORD-003846,2026-07-20,2026,Q3,7,Asia Pacific,Australia,Monitor,Distributor,371,310.3,115121.78,63316.98,4314.68,13957.96,6222.4,87812.02,27309.77,23.72
ORD-001441,2026-07-20,2026,Q3,7,Latin America,Chile,Server,Distributor,349,1977.23,690053.49,469236.37,11618.54,9388.31,3993.49,494236.71,195816.78,28.38
ORD-003410,2026-07-20,2026,Q3,7,North America,Mexico,Printer,Distributor,388,291.3,113023.02,64423.12,9937.21,8278.91,7663.66,90302.9,22720.12,20.1
ORD-004269,2026-07-20,2026,Q3,7,Latin America,Brazil,Printer,Online,45,293.91,13225.82,7538.72,1207.72,1241.23,764.54,10752.21,2473.62,18.7
ORD-002028,2026-07-20,2026,Q3,7,North America,USA,Tablet,Online,230,519.88,119572.96,62177.94,6500.54,8305.89,4658.21,81642.59,37930.37,31.72
ORD-002542,2026-07-21,2026,Q3,7,Europe,Spain,Monitor,Retail,333,316.82,105501.04,58025.57,6808.01,15449.66,5729.37,86012.61,19488.43,18.47
ORD-000482,2026-07-22,2026,Q3,7,Asia Pacific,Japan,Laptop,Enterprise,467,951.98,444574.53,257853.23,5868.11,7400.01,10793.41,281914.75,162659.78,36.59
ORD-000999,2026-07-22,2026,Q3,7,Middle East,UAE,Tablet,Enterprise,362,558.09,202030.17,105055.69,3148.82,7586.64,4536.09,120327.24,81702.93,40.44
ORD-002376,2026-07-22,2026,Q3,7,North America,USA,Monitor,Retail,230,321.58,73964.2,40680.31,7802.24,7966.26,4746.96,61195.76,12768.44,17.26
ORD-003333,2026-07-22,2026,Q3,7,Asia Pacific,Australia,Laptop,Enterprise,46,840.66,38670.33,22428.79,998.5,1296.52,341.05,25064.86,13605.47,35.18
ORD-001305,2026-07-22,2026,Q3,7,North America,Mexico,Laptop,Enterprise,176,883.78,155544.54,90215.84,4544.18,7109.04,4286.04,106155.11,49389.44,31.75
ORD-000971,2026-07-22,2026,Q3,7,Europe,Germany,Tablet,Retail,329,552.14,181654.94,94460.57,6769.75,9434.26,7921.3,118585.88,63069.06,34.72
ORD-001091,2026-07-23,2026,Q3,7,Europe,France,Monitor,Distributor,449,337.39,151489.49,83319.22,9442.65,23593.23,10265.88,126620.98,24868.51,16.42
ORD-000439,2026-07-23,2026,Q3,7,Asia Pacific,Japan,Tablet,Distributor,368,519.15,191045.83,99343.83,4604.77,16226.03,2083.63,122258.26,68787.57,36.01
ORD-002707,2026-07-24,2026,Q3,7,North America,Mexico,Printer,Enterprise,20,306.18,6123.55,3490.42,315.99,466.99,89.52,4362.92,1760.63,28.75
ORD-002378,2026-07-24,2026,Q3,7,North America,USA,Monitor,Online,424,274.2,116259.03,63942.47,12588.42,19091.59,6163.18,101785.65,14473.38,12.45
ORD-002321,2026-07-24,2026,Q3,7,Europe,Germany,Tablet,Distributor,331,514.95,170447.19,88632.54,10893.69,7635.88,7118.43,114280.54,56166.65,32.95
ORD-001962,2026-07-24,2026,Q3,7,Middle East,Saudi Arabia,Server,Online,219,2395.27,524564.23,356703.68,5843.23,11066.14,4777.54,378390.59,146173.64,27.87
ORD-003870,2026-07-24,2026,Q3,7,Asia Pacific,Australia,Monitor,Distributor,66,280.73,18528.05,10190.43,740.71,701.83,686.44,12319.42,6208.64,33.51
ORD-001100,2026-07-24,2026,Q3,7,Middle East,Qatar,Printer,Online,67,263.78,17673.43,10073.86,1247.08,1441.55,1621.42,14383.91,3289.53,18.61
ORD-003778,2026-07-24,2026,Q3,7,Latin America,Chile,Server,Retail,10,2413.08,24130.8,16408.95,336.98,530.36,248.72,17525.01,6605.79,27.37
ORD-000315,2026-07-24,2026,Q3,7,North America,Mexico,Printer,Online,158,303.16,47899.83,27302.9,2919.86,4830.58,1345.15,36398.49,11501.34,24.01
ORD-000863,2026-07-24,2026,Q3,7,Middle East,Saudi Arabia,Monitor,Distributor,181,319.14,57764.6,31770.53,5037.07,9719.57,1116.35,47643.52,10121.08,17.52
ORD-004411,2026-07-24,2026,Q3,7,North America,Mexico,Monitor,Distributor,277,290.04,80341.77,44187.97,6554.99,14023.39,4914.52,69680.87,10660.89,13.27
ORD-002499,2026-07-24,2026,Q3,7,Latin America,Brazil,Laptop,Enterprise,402,939.32,377607.74,219012.49,12055.31,22924.23,5823.47,259815.5,117792.24,31.19
ORD-001360,2026-07-24,2026,Q3,7,Latin America,Chile,Desktop,Retail,385,832.98,320698.09,192418.85,11286.83,13111.17,7256.18,224073.03,96625.06,30.13
ORD-004746,2026-07-25,2026,Q3,7,Latin America,Argentina,Desktop,Distributor,73,815.55,59535.27,35721.16,1964.96,1438.4,1299.91,40424.43,19110.84,32.1
ORD-002024,2026-07-25,2026,Q3,7,Middle East,UAE,Printer,Online,42,249.36,10473.13,5969.68,597.99,1497.58,1024.01,9089.27,1383.86,13.21
ORD-001162,2026-07-25,2026,Q3,7,Asia Pacific,Singapore,Monitor,Distributor,261,320.13,83554.82,45955.15,5347.84,13881.97,2251.94,67436.9,16117.92,19.29
ORD-004643,2026-07-25,2026,Q3,7,Europe,UK,Server,Distributor,179,2452.62,439018.53,298532.6,3091.49,9885.36,2720.29,314229.74,124788.79,28.42
ORD-000869,2026-07-25,2026,Q3,7,Latin America,Argentina,Tablet,Enterprise,391,459.48,179655.06,93420.63,4930.36,22424.5,3868.65,124644.14,55010.91,30.62
ORD-003535,2026-07-26,2026,Q3,7,Europe,Germany,Server,Retail,31,2378.32,73728.03,50135.06,545.17,1410.39,711.79,52802.41,20925.62,28.38
ORD-003841,2026-07-26,2026,Q3,7,Latin America,Argentina,Tablet,Online,139,511.12,71046.14,36943.99,1964.21,7943.73,1335.61,48187.54,22858.61,32.17
ORD-003084,2026-07-26,2026,Q3,7,Asia Pacific,Singapore,Tablet,Online,318,466.24,148265.86,77098.25,8088.0,3451.34,6899.29,95536.88,52728.98,35.56
ORD-003404,2026-07-26,2026,Q3,7,Asia Pacific,Australia,Tablet,Online,204,506.2,103264.55,53697.57,3119.87,11239.19,3261.41,71318.03,31946.52,30.94
ORD-004807,2026-07-26,2026,Q3,7,Asia Pacific,Singapore,Monitor,Online,112,287.49,32198.69,17709.28,1226.47,4451.55,2267.27,25654.57,6544.13,20.32
ORD-004721,2026-07-27,2026,Q3,7,Europe,Spain,Laptop,Retail,473,816.86,386376.43,224098.33,4060.04,17211.71,2563.67,247933.75,138442.68,35.83
ORD-004688,2026-07-27,2026,Q3,7,Europe,Germany,Desktop,Online,86,760.0,65360.17,39216.1,1890.19,2621.91,675.53,44403.73,20956.44,32.06
ORD-000879,2026-07-27,2026,Q3,7,Asia Pacific,India,Printer,Distributor,427,285.79,122033.57,69559.13,6216.99,14920.42,7408.42,98104.97,23928.6,19.61
ORD-004952,2026-07-27,2026,Q3,7,North America,Canada,Tablet,Online,304,568.45,172808.7,89860.53,6717.23,15975.02,4467.97,117020.74,55787.96,32.28
ORD-001048,2026-07-27,2026,Q3,7,North America,USA,Tablet,Enterprise,272,466.8,126968.93,66023.85,2492.04,15211.18,6209.75,89936.82,37032.11,29.17
ORD-003638,2026-07-27,2026,Q3,7,Asia Pacific,Japan,Desktop,Online,167,650.97,108711.26,65226.75,5798.48,9717.51,2855.09,83597.83,25113.42,23.1
ORD-001150,2026-07-27,2026,Q3,7,Europe,UK,Server,Enterprise,265,2021.22,535622.16,364223.07,8204.47,8533.27,2255.19,383216.0,152406.16,28.45
ORD-001908,2026-07-28,2026,Q3,7,Asia Pacific,Japan,Desktop,Distributor,345,659.07,227377.83,136426.7,8881.32,19469.63,6991.54,171769.19,55608.64,24.46
ORD-003657,2026-07-28,2026,Q3,7,North America,USA,Tablet,Online,117,562.47,65808.73,34220.54,2173.36,4969.9,1218.58,42582.38,23226.35,35.29
ORD-000974,2026-07-28,2026,Q3,7,Europe,Italy,Tablet,Retail,17,457.24,7773.13,4042.03,492.68,822.69,260.78,5618.17,2154.96,27.72
ORD-001454,2026-07-28,2026,Q3,7,North America,Mexico,Printer,Enterprise,164,282.14,46271.36,26374.67,2729.4,4994.25,3850.94,37949.27,8322.09,17.99
ORD-004728,2026-07-28,2026,Q3,7,Europe,UK,Server,Online,388,1927.42,747840.65,508531.64,6899.34,11233.14,8854.31,535518.43,212322.21,28.39
ORD-004420,2026-07-28,2026,Q3,7,Europe,UK,Desktop,Online,43,741.04,31864.7,19118.82,1496.68,1509.94,983.42,23108.86,8755.84,27.48
ORD-002759,2026-07-28,2026,Q3,7,Latin America,Argentina,Printer,Retail,28,283.52,7938.54,4524.97,296.07,1371.97,657.32,6850.32,1088.22,13.71
ORD-002815,2026-07-28,2026,Q3,7,Europe,Spain,Monitor,Retail,308,289.54,89178.51,49048.18,7886.34,5591.24,7017.54,69543.29,19635.22,22.02
ORD-002657,2026-07-29,2026,Q3,7,Asia Pacific,India,Server,Distributor,108,2508.3,270896.05,184209.32,3699.0,5160.19,918.73,193987.24,76908.81,28.39
ORD-002055,2026-07-29,2026,Q3,7,North America,Canada,Monitor,Retail,232,264.03,61255.36,33690.45,2851.08,9045.6,3292.92,48880.06,12375.31,20.2
ORD-004377,2026-07-29,2026,Q3,7,Latin America,Argentina,Desktop,Online,41,656.93,26934.3,16160.58,676.8,539.02,774.05,18150.45,8783.85,32.61
ORD-004470,2026-07-30,2026,Q3,7,Asia Pacific,Australia,Server,Online,113,2178.37,246156.19,167386.21,1864.51,5986.71,949.14,176186.57,69969.62,28.42
ORD-002052,2026-07-30,2026,Q3,7,North America,Canada,Printer,Distributor,493,312.52,154074.59,87822.52,11861.76,10380.59,11854.05,121918.93,32155.66,20.87
ORD-002699,2026-07-30,2026,Q3,7,North America,USA,Desktop,Retail,250,669.17,167293.64,100376.18,4836.01,13367.65,1850.74,120430.58,46863.05,28.01
ORD-003700,2026-07-30,2026,Q3,7,Asia Pacific,Japan,Server,Enterprise,143,1888.14,270004.13,183602.81,3573.27,2932.97,2150.81,192259.86,77744.27,28.79
ORD-003471,2026-07-30,2026,Q3,7,Latin America,Chile,Laptop,Enterprise,195,907.79,177018.6,102670.79,1943.18,2250.1,4358.67,111222.74,65795.87,37.17
ORD-004552,2026-07-30,2026,Q3,7,Middle East,Qatar,Tablet,Retail,23,442.59,10179.65,5293.42,548.09,976.57,560.37,7378.44,2801.2,27.52
ORD-002598,2026-07-30,2026,Q3,7,North America,USA,Printer,Retail,257,280.06,71974.85,41025.67,2255.89,9578.19,1823.12,54682.87,17291.99,24.03
ORD-001580,2026-07-30,2026,Q3,7,Asia Pacific,Singapore,Tablet,Online,177,550.64,97462.89,50680.7,5367.86,8014.47,1995.96,66058.99,31403.9,32.22
ORD-001977,2026-07-31,2026,Q3,7,Middle East,UAE,Monitor,Online,123,263.15,32367.98,17802.39,4070.68,3347.21,3048.03,28268.31,4099.67,12.67
ORD-002666,2026-07-31,2026,Q3,7,Europe,Spain,Tablet,Enterprise,155,523.94,81210.09,42229.25,2819.24,5040.02,1032.9,51121.41,30088.69,37.05
ORD-002305,2026-07-31,2026,Q3,7,Europe,Spain,Tablet,Retail,41,472.88,19388.0,10081.76,793.68,675.15,1024.9,12575.49,6812.51,35.14
ORD-002373,2026-07-31,2026,Q3,7,North America,Mexico,Server,Enterprise,263,2520.48,662886.53,450762.84,5298.94,9287.08,1237.76,466586.62,196299.91,29.61
ORD-002292,2026-07-31,2026,Q3,7,Latin America,Chile,Laptop,Distributor,200,944.2,188840.11,109527.27,4262.11,3189.86,3086.63,120065.87,68774.24,36.42
ORD-003669,2026-07-31,2026,Q3,7,North America,USA,Monitor,Enterprise,191,318.56,60844.02,33464.21,1838.37,5853.96,1718.89,42875.43,17968.59,29.53
ORD-001593,2026-08-01,2026,Q3,8,Europe,Italy,Tablet,Retail,48,463.67,22256.23,11573.24,1564.36,1162.29,303.38,14603.27,7652.96,34.39
ORD-003281,2026-08-01,2026,Q3,8,Europe,Italy,Server,Distributor,59,2433.81,143594.9,97644.53,757.45,2551.34,1043.95,101997.27,41597.63,28.97
ORD-003707,2026-08-01,2026,Q3,8,North America,Canada,Tablet,Online,241,546.4,131681.82,68474.55,4734.6,2452.26,4221.81,79883.22,51798.6,39.34
ORD-000952,2026-08-01,2026,Q3,8,Latin America,Argentina,Desktop,Online,320,705.91,225892.57,135535.54,4430.97,17001.68,4235.88,161204.07,64688.51,28.64
ORD-002976,2026-08-01,2026,Q3,8,Latin America,Brazil,Printer,Enterprise,153,299.53,45827.63,26121.75,2640.98,2797.41,2672.83,34232.96,11594.67,25.3
ORD-002153,2026-08-01,2026,Q3,8,Europe,Germany,Server,Distributor,324,1926.88,624308.48,424529.77,5103.82,6676.42,2669.03,438979.03,185329.45,29.69
ORD-003687,2026-08-02,2026,Q3,8,North America,Canada,Desktop,Retail,439,799.53,350991.48,210594.89,5300.18,20516.06,7600.68,244011.81,106979.67,30.48
ORD-001902,2026-08-02,2026,Q3,8,Europe,Italy,Desktop,Enterprise,159,760.66,120945.63,72567.38,5529.25,2406.12,2317.91,82820.66,38124.97,31.52
ORD-003721,2026-08-02,2026,Q3,8,Europe,Italy,Tablet,Enterprise,106,491.67,52116.53,27100.59,3226.37,2641.72,1876.4,34845.08,17271.44,33.14
ORD-004855,2026-08-02,2026,Q3,8,North America,Canada,Laptop,Retail,39,926.59,36136.99,20959.45,919.09,1926.38,968.83,24773.75,11363.23,31.44
ORD-002913,2026-08-03,2026,Q3,8,North America,Mexico,Tablet,Online,198,553.22,109537.89,56959.7,2057.23,4964.41,3903.56,67884.9,41652.99,38.03
ORD-001940,2026-08-03,2026,Q3,8,Asia Pacific,India,Laptop,Online,458,904.01,414036.76,240141.32,11694.07,17381.57,7023.44,276240.39,137796.37,33.28
ORD-000452,2026-08-03,2026,Q3,8,Latin America,Argentina,Monitor,Enterprise,500,316.85,158425.73,87134.15,6007.35,12219.38,10055.75,115416.63,43009.1,27.15
ORD-003904,2026-08-03,2026,Q3,8,Asia Pacific,Singapore,Laptop,Distributor,316,950.92,300490.01,174284.21,8360.94,10048.93,3280.02,195974.09,104515.92,34.78
ORD-003286,2026-08-03,2026,Q3,8,North America,Canada,Desktop,Enterprise,407,742.31,302121.67,181273.0,10795.51,12699.81,4073.46,208841.78,93279.89,30.87
ORD-003428,2026-08-03,2026,Q3,8,Europe,France,Desktop,Online,55,729.5,40122.27,24073.36,791.2,1732.1,1285.5,27882.17,12240.11,30.51
ORD-000726,2026-08-04,2026,Q3,8,Middle East,Qatar,Server,Online,193,2369.3,457274.85,310946.89,4754.57,7113.5,4694.15,327509.12,129765.73,28.38
ORD-004878,2026-08-04,2026,Q3,8,Europe,France,Tablet,Online,58,507.34,29425.86,15301.45,933.06,1908.25,326.8,18469.56,10956.3,37.23
ORD-001435,2026-08-04,2026,Q3,8,North America,Mexico,Laptop,Online,388,874.44,339281.82,196783.45,6127.13,15276.2,2173.69,220360.48,118921.34,35.05
ORD-002594,2026-08-04,2026,Q3,8,North America,Canada,Desktop,Distributor,68,646.32,43949.51,26369.71,1201.88,1000.74,379.99,28952.32,14997.2,34.12
ORD-004433,2026-08-04,2026,Q3,8,Middle East,UAE,Monitor,Retail,473,288.93,136664.74,75165.6,15078.64,17922.29,5760.75,113927.28,22737.46,16.64
ORD-001284,2026-08-04,2026,Q3,8,Asia Pacific,Japan,Printer,Online,148,276.71,40953.54,23343.52,1892.76,7214.84,2654.74,35105.85,5847.69,14.28
ORD-003236,2026-08-04,2026,Q3,8,Middle East,Qatar,Server,Online,376,2026.1,761814.84,518034.09,10373.28,19734.07,6251.57,554393.02,207421.82,27.23
ORD-004511,2026-08-04,2026,Q3,8,Asia Pacific,Singapore,Monitor,Enterprise,286,302.44,86497.41,47573.57,4762.34,7865.51,6549.92,66751.34,19746.06,22.83
ORD-002364,2026-08-04,2026,Q3,8,Middle East,Saudi Arabia,Desktop,Online,309,807.74,249592.19,149755.31,9208.13,9539.27,2144.57,170647.29,78944.9,31.63
ORD-003013,2026-08-04,2026,Q3,8,Asia Pacific,Japan,Monitor,Online,213,331.84,70680.98,38874.54,4087.94,3925.66,4969.4,51857.53,18823.44,26.63
ORD-003462,2026-08-04,2026,Q3,8,North America,Canada,Server,Online,126,2405.03,303033.55,206062.82,2766.13,5132.95,1470.95,215432.85,87600.71,28.91
ORD-000922,2026-08-04,2026,Q3,8,Latin America,Chile,Laptop,Retail,21,784.87,16482.2,9559.67,394.34,918.82,474.53,11347.36,5134.83,31.15
ORD-001773,2026-08-05,2026,Q3,8,Latin America,Chile,Monitor,Distributor,430,332.91,143152.88,78734.09,5509.12,14814.19,6716.12,105773.52,37379.36,26.11
ORD-001275,2026-08-05,2026,Q3,8,Europe,Italy,Printer,Retail,84,303.45,25490.17,14529.4,1051.07,3832.38,1133.27,20546.12,4944.05,19.4
ORD-000433,2026-08-05,2026,Q3,8,Latin America,Chile,Desktop,Enterprise,47,817.05,38401.51,23040.91,915.41,2523.3,227.44,26707.06,11694.45,30.45
ORD-003982,2026-08-05,2026,Q3,8,North America,USA,Server,Enterprise,304,1942.56,590537.27,401565.35,4135.81,10251.62,1431.26,417384.04,173153.23,29.32
ORD-000817,2026-08-05,2026,Q3,8,Latin America,Argentina,Server,Online,48,2332.6,111964.72,76136.01,879.45,784.32,675.04,78474.82,33489.91,29.91
ORD-001143,2026-08-06,2026,Q3,8,Europe,UK,Monitor,Enterprise,229,292.27,66929.52,36811.23,1886.47,11773.76,2915.17,53386.64,13542.88,20.23
ORD-004529,2026-08-06,2026,Q3,8,Latin America,Argentina,Monitor,Online,401,332.15,133194.11,73256.76,9720.37,19296.07,2100.99,104374.19,28819.93,21.64
ORD-002338,2026-08-06,2026,Q3,8,Europe,Germany,Desktop,Enterprise,411,675.81,277756.82,166654.09,13086.29,14020.1,10237.02,203997.51,73759.31,26.56
ORD-003616,2026-08-07,2026,Q3,8,Asia Pacific,Singapore,Printer,Enterprise,302,269.63,81428.58,46414.29,3807.55,6204.35,6665.94,63092.14,18336.45,22.52
ORD-003215,2026-08-07,2026,Q3,8,Europe,UK,Laptop,Retail,189,771.95,145898.11,84620.9,4941.34,4843.49,1856.75,96262.49,49635.62,34.02
ORD-004259,2026-08-07,2026,Q3,8,North America,USA,Desktop,Online,177,777.03,137534.46,82520.68,5795.24,8518.78,1852.64,98687.34,38847.12,28.25
ORD-002437,2026-08-08,2026,Q3,8,Asia Pacific,India,Printer,Distributor,276,299.28,82602.38,47083.35,4408.97,13009.67,6706.79,71208.78,11393.6,13.79
ORD-000807,2026-08-08,2026,Q3,8,Asia Pacific,Australia,Server,Distributor,304,2306.13,701064.51,476723.86,2579.36,5276.22,1058.98,485638.43,215426.08,30.73
ORD-002779,2026-08-08,2026,Q3,8,Europe,France,Laptop,Retail,186,888.99,165351.59,95903.92,5871.77,5822.66,3189.41,110787.76,54563.83,33.0
ORD-004852,2026-08-08,2026,Q3,8,Asia Pacific,Australia,Server,Online,340,2519.97,856789.53,582616.88,4484.74,17063.48,1575.61,605740.71,251048.83,29.3
ORD-003503,2026-08-08,2026,Q3,8,Middle East,Saudi Arabia,Tablet,Online,41,486.02,19926.92,10362.0,759.65,896.12,903.79,12921.56,7005.36,35.16
ORD-000142,2026-08-09,2026,Q3,8,North America,Mexico,Desktop,Online,313,713.3,223263.41,133958.05,6385.72,9729.23,2661.88,152734.88,70528.54,31.59
ORD-000906,2026-08-09,2026,Q3,8,Latin America,Brazil,Desktop,Retail,400,860.85,344338.93,206603.36,12825.74,6504.52,1269.76,227203.37,117135.56,34.02
ORD-002807,2026-08-09,2026,Q3,8,Middle East,Qatar,Laptop,Retail,24,983.99,23615.8,13697.16,695.72,327.99,492.68,15213.56,8402.24,35.58
ORD-003706,2026-08-09,2026,Q3,8,Latin America,Brazil,Monitor,Distributor,352,280.98,98904.97,54397.73,8891.15,20190.8,5910.29,89389.97,9514.99,9.62
ORD-004640,2026-08-09,2026,Q3,8,Europe,France,Desktop,Distributor,115,823.33,94682.57,56809.54,2976.17,3699.42,383.89,63869.02,30813.54,32.54
ORD-001182,2026-08-09,2026,Q3,8,North America,USA,Monitor,Enterprise,454,326.77,148352.86,81594.08,13109.63,19110.9,2627.01,116441.61,31911.25,21.51
ORD-001634,2026-08-09,2026,Q3,8,Asia Pacific,India,Desktop,Enterprise,362,814.11,294708.31,176824.99,8496.3,13275.28,5136.88,203733.44,90974.87,30.87
ORD-003888,2026-08-10,2026,Q3,8,Middle East,Qatar,Printer,Online,376,254.14,95555.32,54466.53,6400.07,11329.48,2004.95,74201.03,21354.29,22.35
ORD-002307,2026-08-10,2026,Q3,8,Latin America,Argentina,Printer,Retail,221,310.31,68578.29,39089.62,6866.95,11321.62,5086.96,62365.16,6213.13,9.06
ORD-004205,2026-08-10,2026,Q3,8,Middle East,UAE,Printer,Distributor,319,271.49,86606.89,49365.93,4444.83,13485.61,3131.25,70427.61,16179.27,18.68
ORD-002180,2026-08-11,2026,Q3,8,North America,USA,Monitor,Online,225,309.85,69716.36,38344.0,6969.9,12169.2,1074.47,58557.57,11158.79,16.01
ORD-004603,2026-08-11,2026,Q3,8,Middle East,Saudi Arabia,Tablet,Enterprise,347,504.68,175125.68,91065.35,4671.69,16262.54,5396.85,117396.43,57729.25,32.96
ORD-000448,2026-08-11,2026,Q3,8,North America,Mexico,Tablet,Enterprise,118,530.09,62551.0,32526.52,2021.91,6456.98,2909.38,43914.79,18636.21,29.79
ORD-000221,2026-08-12,2026,Q3,8,Asia Pacific,India,Desktop,Distributor,232,851.61,197573.73,118544.24,4858.68,6825.72,4161.53,134390.17,63183.56,31.98
ORD-000170,2026-08-12,2026,Q3,8,Asia Pacific,India,Laptop,Enterprise,91,953.1,86732.11,50304.62,2370.42,5444.32,2130.63,60249.99,26482.11,30.53
ORD-003705,2026-08-12,2026,Q3,8,North America,USA,Desktop,Online,224,728.34,163148.54,97889.12,2200.22,4578.63,2979.48,107647.45,55501.08,34.02
ORD-001190,2026-08-12,2026,Q3,8,Europe,UK,Tablet,Online,384,475.41,182556.54,94929.4,11863.81,13182.35,8328.8,128304.35,54252.19,29.72
ORD-000880,2026-08-12,2026,Q3,8,Europe,Germany,Printer,Online,477,284.95,135919.25,77473.97,7432.58,15053.28,6211.63,106171.47,29747.78,21.89
ORD-003543,2026-08-12,2026,Q3,8,Middle East,Saudi Arabia,Laptop,Online,302,774.82,233995.68,135717.49,4721.38,5715.31,1367.1,147521.29,86474.39,36.96
ORD-001699,2026-08-13,2026,Q3,8,Latin America,Brazil,Monitor,Enterprise,446,273.54,121999.94,67099.97,6539.08,21125.75,3562.05,98326.85,23673.09,19.4
ORD-001904,2026-08-13,2026,Q3,8,North America,Canada,Laptop,Enterprise,422,1010.58,426464.76,247349.56,11473.93,9171.69,7234.34,275229.52,151235.24,35.46
ORD-001433,2026-08-13,2026,Q3,8,Middle East,Qatar,Printer,Online,453,301.54,136598.03,77860.88,11472.65,9247.55,5055.01,103636.09,32961.94,24.13
ORD-000013,2026-08-13,2026,Q3,8,Latin America,Brazil,Printer,Retail,33,318.42,10507.7,5989.39,911.5,559.94,256.26,7717.09,2790.62,26.56
ORD-001331,2026-08-13,2026,Q3,8,North America,USA,Monitor,Online,141,275.62,38862.97,21374.63,3145.67,1536.74,1197.45,27254.49,11608.48,29.87
ORD-000044,2026-08-13,2026,Q3,8,Europe,Spain,Desktop,Online,277,806.24,223328.93,133997.36,3337.41,13361.71,3923.99,154620.47,68708.45,30.77
ORD-004844,2026-08-13,2026,Q3,8,North America,Canada,Laptop,Distributor,225,788.14,177331.07,102852.02,5278.29,5180.44,2340.2,115650.96,61680.12,34.78
ORD-004789,2026-08-13,2026,Q3,8,North America,USA,Laptop,Distributor,418,917.33,383443.3,222397.11,9443.57,11625.8,6039.9,249506.39,133936.91,34.93
ORD-002481,2026-08-14,2026,Q3,8,Asia Pacific,Australia,Tablet,Enterprise,339,547.45,185585.8,96504.61,6970.37,14501.16,7334.6,125310.73,60275.06,32.48
ORD-001061,2026-08-14,2026,Q3,8,North America,Canada,Server,Enterprise,47,2102.0,98794.05,67179.95,885.07,1481.08,236.15,69782.25,29011.8,29.37
ORD-000211,2026-08-14,2026,Q3,8,Middle East,Saudi Arabia,Laptop,Enterprise,320,842.47,269590.28,156362.36,3532.59,6672.26,1768.57,168335.79,101254.49,37.56
ORD-001495,2026-08-14,2026,Q3,8,Middle East,Saudi Arabia,Server,Online,195,2270.97,442838.71,301130.32,2675.6,7686.05,2200.26,313692.24,129146.47,29.16
ORD-000375,2026-08-14,2026,Q3,8,Europe,UK,Printer,Distributor,178,293.72,52282.05,29800.77,2943.13,2713.25,1528.0,36985.14,15296.91,29.26
ORD-003601,2026-08-14,2026,Q3,8,Asia Pacific,Singapore,Desktop,Online,248,645.57,160102.09,96061.25,3594.98,9465.08,2534.78,111656.09,48445.99,30.26
ORD-001426,2026-08-14,2026,Q3,8,Europe,France,Tablet,Enterprise,110,480.64,52870.24,27492.53,1848.84,2312.33,2368.38,34022.07,18848.17,35.65
ORD-000028,2026-08-15,2026,Q3,8,Europe,Germany,Server,Retail,57,2124.67,121106.08,82352.14,774.27,3175.08,1006.6,87308.09,33797.99,27.91
ORD-003421,2026-08-15,2026,Q3,8,North America,Canada,Tablet,Distributor,437,521.71,227989.06,118554.31,14753.04,17253.86,2534.86,153096.08,74892.99,32.85
ORD-000840,2026-08-15,2026,Q3,8,Europe,Spain,Monitor,Distributor,208,264.57,55029.84,30266.41,2069.6,7888.72,2508.71,42733.44,12296.4,22.34
ORD-001122,2026-08-15,2026,Q3,8,North America,USA,Tablet,Enterprise,174,556.62,96852.33,50363.21,3722.93,8133.35,3652.66,65872.15,30980.18,31.99
ORD-001038,2026-08-15,2026,Q3,8,North America,Canada,Monitor,Retail,110,262.78,28905.45,15898.0,3042.09,3176.5,1629.1,23745.69,5159.76,17.85
ORD-000347,2026-08-15,2026,Q3,8,Europe,UK,Laptop,Online,332,937.86,311369.25,180594.16,3641.37,16716.3,3581.06,204532.9,106836.35,34.31
ORD-000026,2026-08-15,2026,Q3,8,Europe,UK,Desktop,Enterprise,36,757.19,27258.95,16355.37,1235.12,1233.97,658.63,19483.09,7775.86,28.53
ORD-000515,2026-08-16,2026,Q3,8,North America,USA,Monitor,Online,196,296.85,58183.38,32000.86,3178.46,3661.03,4825.91,43666.26,14517.12,24.95
ORD-001630,2026-08-16,2026,Q3,8,Europe,Germany,Tablet,Enterprise,257,449.53,115528.73,60074.94,5044.23,10491.21,6023.1,81633.48,33895.25,29.34
ORD-002503,2026-08-16,2026,Q3,8,Asia Pacific,Japan,Monitor,Online,294,257.46,75692.8,41631.04,7952.31,15516.78,6833.33,71933.45,3759.34,4.97
ORD-004147,2026-08-16,2026,Q3,8,Latin America,Chile,Laptop,Distributor,486,990.15,481211.9,279102.9,11287.57,19087.72,9085.66,318563.85,162648.05,33.8
ORD-001320,2026-08-17,2026,Q3,8,Europe,France,Printer,Distributor,390,297.9,116182.92,66224.27,10580.85,14515.6,3686.61,95007.32,21175.6,18.23
ORD-004022,2026-08-17,2026,Q3,8,Latin America,Argentina,Server,Retail,463,2493.3,1154395.9,784989.21,4089.14,23633.35,7570.74,820282.45,334113.45,28.94
ORD-002203,2026-08-17,2026,Q3,8,North America,Mexico,Monitor,Retail,65,324.47,21090.4,11599.72,806.72,3311.62,1284.16,17002.23,4088.17,19.38
ORD-000234,2026-08-17,2026,Q3,8,Middle East,Saudi Arabia,Laptop,Retail,308,1024.7,315607.06,183052.1,10011.75,15761.57,5736.8,214562.22,101044.84,32.02
ORD-000100,2026-08-18,2026,Q3,8,Middle East,Saudi Arabia,Desktop,Retail,275,763.23,209888.3,125932.98,4120.96,6828.82,2051.39,138934.15,70954.15,33.81
ORD-004975,2026-08-18,2026,Q3,8,Europe,Italy,Laptop,Distributor,446,792.97,353662.93,205124.5,12103.72,21081.06,7055.83,245365.11,108297.81,30.62
ORD-003000,2026-08-18,2026,Q3,8,Europe,Germany,Server,Online,266,2504.27,666134.71,452971.61,5380.1,14419.98,3748.81,476520.5,189614.22,28.46
ORD-001579,2026-08-19,2026,Q3,8,Asia Pacific,Japan,Tablet,Enterprise,93,447.45,41613.12,21638.82,2202.47,2611.16,789.7,27242.15,14370.96,34.53
ORD-003467,2026-08-19,2026,Q3,8,Middle East,Qatar,Laptop,Online,212,979.22,207595.33,120405.29,1857.15,9270.33,4419.92,135952.69,71642.64,34.51
ORD-000266,2026-08-19,2026,Q3,8,Asia Pacific,Singapore,Server,Distributor,188,1911.02,359271.81,244304.83,1569.01,7383.36,4519.98,257777.18,101494.63,28.25
ORD-004327,2026-08-19,2026,Q3,8,Europe,Italy,Printer,Enterprise,95,291.91,27731.45,15806.93,1604.12,2338.9,357.84,20107.79,7623.67,27.49
ORD-004115,2026-08-19,2026,Q3,8,Asia Pacific,Australia,Server,Online,411,2185.06,898060.0,610680.8,3370.25,23277.0,8557.61,645885.66,252174.34,28.08
ORD-001938,2026-08-19,2026,Q3,8,Middle East,Saudi Arabia,Laptop,Distributor,341,835.56,284927.21,165257.78,5810.0,3512.43,1478.13,176058.34,108868.87,38.21
ORD-003344,2026-08-20,2026,Q3,8,Europe,Spain,Desktop,Distributor,490,670.37,328482.97,197089.78,9927.34,12977.11,5744.29,225738.52,102744.44,31.28
ORD-003287,2026-08-20,2026,Q3,8,Latin America,Brazil,Desktop,Online,467,853.63,398643.63,239186.18,12431.38,17714.18,5238.61,274570.34,124073.28,31.12
ORD-004505,2026-08-20,2026,Q3,8,Europe,Spain,Laptop,Retail,454,956.74,434361.14,251929.46,8634.64,5887.83,5924.37,272376.3,161984.85,37.29
ORD-001941,2026-08-20,2026,Q3,8,Middle East,Qatar,Monitor,Retail,430,331.94,142733.43,78503.39,11258.59,25324.18,4682.97,119769.13,22964.3,16.09
ORD-003124,2026-08-20,2026,Q3,8,Asia Pacific,Japan,Monitor,Retail,304,265.85,80818.7,44450.28,9083.46,12373.54,3491.39,69398.67,11420.02,14.13
ORD-001798,2026-08-21,2026,Q3,8,North America,USA,Printer,Enterprise,429,271.11,116304.31,66293.46,5242.24,21851.65,5879.74,99267.09,17037.23,14.65
ORD-003348,2026-08-21,2026,Q3,8,Middle East,Qatar,Laptop,Enterprise,432,961.44,415343.26,240899.09,6243.27,4349.42,2048.7,253540.48,161802.78,38.96
ORD-001147,2026-08-21,2026,Q3,8,Asia Pacific,Singapore,Monitor,Online,360,319.71,115094.91,63302.2,8452.92,14843.68,7753.12,94351.92,20742.99,18.02
ORD-001614,2026-08-21,2026,Q3,8,North America,Canada,Printer,Enterprise,111,280.87,31176.1,17770.38,2793.82,2400.28,528.48,23492.97,7683.13,24.64
ORD-004386,2026-08-22,2026,Q3,8,North America,Mexico,Printer,Enterprise,237,263.41,62428.61,35584.31,4556.04,12305.51,5126.72,57572.58,4856.03,7.78
ORD-004258,2026-08-22,2026,Q3,8,North America,Canada,Monitor,Enterprise,271,263.5,71408.1,39274.46,7610.69,7280.23,4718.43,58883.81,12524.3,17.54
ORD-004648,2026-08-22,2026,Q3,8,Asia Pacific,India,Server,Enterprise,209,2073.87,433439.34,294738.75,3706.22,9228.16,1992.15,309665.28,123774.06,28.56
ORD-002185,2026-08-23,2026,Q3,8,Middle East,Qatar,Laptop,Online,153,967.73,148063.15,85876.63,5302.51,5815.38,2518.25,99512.78,48550.38,32.79
ORD-002269,2026-08-23,2026,Q3,8,Middle East,Saudi Arabia,Server,Online,390,2089.28,814818.28,554076.43,5301.52,15122.8,4826.05,579326.8,235491.48,28.9
ORD-000894,2026-08-24,2026,Q3,8,Europe,Spain,Tablet,Online,360,442.31,159232.37,82800.83,4638.65,12033.33,2756.13,102228.93,57003.44,35.8
ORD-004897,2026-08-24,2026,Q3,8,Europe,Italy,Printer,Online,251,270.26,67834.77,38665.82,3095.7,2579.89,1824.23,46165.64,21669.13,31.94
ORD-001576,2026-08-25,2026,Q3,8,North America,USA,Tablet,Online,185,504.95,93416.51,48576.59,5568.4,5465.38,2974.54,62584.91,30831.61,33.0
ORD-003937,2026-08-25,2026,Q3,8,Europe,Spain,Laptop,Distributor,308,974.72,300214.31,174124.3,7280.59,10296.5,6064.06,197765.45,102448.86,34.13
ORD-000500,2026-08-25,2026,Q3,8,Asia Pacific,Japan,Printer,Online,118,318.35,37565.88,21412.55,1855.85,3873.89,2660.54,29802.83,7763.05,20.67
ORD-002329,2026-08-25,2026,Q3,8,Middle East,Qatar,Server,Online,257,1999.4,513844.74,349414.42,3002.29,11784.96,5835.8,370037.48,143807.26,27.99
ORD-000865,2026-08-26,2026,Q3,8,Europe,France,Laptop,Online,240,799.99,191997.08,111358.31,4550.1,12200.08,1286.8,129395.29,62601.79,32.61
ORD-001755,2026-08-26,2026,Q3,8,Latin America,Chile,Printer,Retail,192,256.27,49203.93,28046.24,3445.54,4355.57,4480.11,40327.46,8876.47,18.04
ORD-001497,2026-08-26,2026,Q3,8,Europe,France,Tablet,Distributor,276,455.18,125629.74,65327.46,6060.46,9738.21,3370.29,84496.42,41133.31,32.74
ORD-001672,2026-08-26,2026,Q3,8,North America,Canada,Laptop,Online,71,865.79,61470.75,35653.04,2002.94,1975.25,1428.93,41060.15,20410.6,33.2
ORD-000389,2026-08-27,2026,Q3,8,Europe,France,Server,Online,403,2528.38,1018937.75,692877.67,6330.61,12189.36,4297.57,715695.22,303242.53,29.76
ORD-004239,2026-08-27,2026,Q3,8,Europe,Spain,Tablet,Online,496,501.64,248812.24,129382.37,17206.59,26026.86,3801.39,176417.2,72395.04,29.1
ORD-001398,2026-08-28,2026,Q3,8,Asia Pacific,India,Monitor,Online,482,273.89,132013.54,72607.45,5589.21,23316.97,9730.63,111244.26,20769.28,15.73
ORD-002090,2026-08-28,2026,Q3,8,Europe,France,Tablet,Online,286,467.09,133587.08,69465.28,5792.97,6675.81,2531.14,84465.21,49121.88,36.77
ORD-000496,2026-08-28,2026,Q3,8,North America,Mexico,Tablet,Retail,193,460.76,88926.27,46241.66,6515.55,5660.38,2676.62,61094.21,27832.06,31.3
ORD-001556,2026-08-28,2026,Q3,8,Asia Pacific,Japan,Monitor,Enterprise,398,284.3,113149.49,62232.22,3818.15,14442.32,3019.8,83512.49,29637.0,26.19
ORD-001485,2026-08-29,2026,Q3,8,Asia Pacific,Singapore,Server,Online,269,2504.86,673808.44,458189.74,2298.68,16098.56,2878.86,479465.84,194342.6,28.84
ORD-000502,2026-08-29,2026,Q3,8,Middle East,Saudi Arabia,Monitor,Retail,226,339.75,76782.77,42230.53,5449.9,2534.25,5260.84,55475.51,21307.27,27.75
ORD-000286,2026-08-29,2026,Q3,8,Middle East,UAE,Server,Enterprise,266,1870.72,497611.63,338375.91,5666.54,14361.11,5148.3,363551.86,134059.77,26.94
ORD-003777,2026-08-29,2026,Q3,8,Asia Pacific,Singapore,Server,Online,408,2325.82,948936.51,645276.83,10564.83,21906.02,2200.68,679948.36,268988.15,28.35
ORD-004864,2026-08-30,2026,Q3,8,Asia Pacific,Japan,Server,Online,355,2343.46,831930.0,565712.4,3027.25,18988.17,4205.67,591933.49,239996.51,28.85
ORD-000134,2026-08-30,2026,Q3,8,North America,Canada,Printer,Online,495,258.4,127908.31,72907.74,9435.03,9108.51,7553.2,99004.48,28903.83,22.6
ORD-004995,2026-08-30,2026,Q3,8,North America,Canada,Desktop,Enterprise,480,654.02,313929.23,188357.54,15616.13,10228.67,4512.44,218714.79,95214.45,30.33
ORD-002107,2026-08-30,2026,Q3,8,Asia Pacific,Australia,Monitor,Distributor,228,270.21,61607.25,33883.99,5820.6,7008.57,1470.48,48183.64,13423.61,21.79
ORD-002861,2026-08-30,2026,Q3,8,North America,USA,Tablet,Retail,89,522.51,46502.95,24181.53,2398.25,4442.27,408.53,31430.58,15072.37,32.41
ORD-004925,2026-08-30,2026,Q3,8,Europe,France,Desktop,Enterprise,414,797.14,330015.37,198009.22,9144.12,6643.64,4048.56,217845.55,112169.83,33.99
ORD-003685,2026-08-30,2026,Q3,8,Europe,France,Monitor,Retail,157,328.72,51608.44,28384.64,4444.13,7645.06,674.84,41148.67,10459.77,20.27
ORD-001198,2026-08-30,2026,Q3,8,Europe,France,Laptop,Online,206,794.06,163577.07,94874.7,1865.97,12311.39,2470.66,111522.73,52054.35,31.82
ORD-001200,2026-08-30,2026,Q3,8,Middle East,Qatar,Server,Online,466,2368.81,1103863.82,750627.4,4992.07,16349.81,4154.33,776123.61,327740.21,29.69
ORD-004677,2026-08-30,2026,Q3,8,Middle East,Qatar,Desktop,Online,235,759.21,178414.5,107048.7,3851.82,5133.38,3749.15,119783.06,58631.45,32.86
ORD-004157,2026-08-30,2026,Q3,8,Latin America,Brazil,Tablet,Enterprise,83,460.25,38200.66,19864.34,2413.92,3195.93,1879.94,27354.14,10846.53,28.39
ORD-003886,2026-08-31,2026,Q3,8,Asia Pacific,Australia,Server,Retail,20,2460.68,49213.56,33465.22,275.07,450.16,327.57,34518.02,14695.54,29.86
ORD-001577,2026-08-31,2026,Q3,8,Europe,Spain,Tablet,Enterprise,137,557.52,76380.63,39717.93,4094.93,3407.36,2851.82,50072.04,26308.59,34.44
ORD-003406,2026-08-31,2026,Q3,8,North America,Canada,Printer,Retail,41,282.31,11574.66,6597.56,1426.45,2063.91,420.39,10508.3,1066.36,9.21
ORD-001295,2026-08-31,2026,Q3,8,Asia Pacific,Singapore,Laptop,Online,444,955.57,424274.53,246079.23,4386.46,11876.13,6621.44,268963.26,155311.27,36.61
ORD-002647,2026-08-31,2026,Q3,8,Europe,France,Server,Distributor,246,2146.51,528041.19,359068.01,7756.42,5791.2,2624.51,375240.14,152801.06,28.94
ORD-004943,2026-08-31,2026,Q3,8,Asia Pacific,Singapore,Printer,Retail,271,298.52,80898.1,46111.92,3500.09,9068.58,1787.15,60467.74,20430.36,25.25
ORD-002718,2026-08-31,2026,Q3,8,Middle East,Qatar,Desktop,Online,328,783.09,256852.15,154111.29,9972.88,7648.28,2543.64,174276.09,82576.06,32.15
ORD-003332,2026-08-31,2026,Q3,8,Asia Pacific,India,Monitor,Retail,388,302.99,117558.56,64657.21,6546.09,14703.34,1758.05,87664.7,29893.87,25.43
ORD-003572,2026-09-01,2026,Q3,9,Europe,Italy,Desktop,Retail,357,831.96,297010.37,178206.22,4180.81,9590.51,4254.8,196232.33,100778.04,33.93
ORD-001590,2026-09-01,2026,Q3,9,Asia Pacific,Australia,Laptop,Distributor,194,922.93,179049.03,103848.44,5035.0,4513.3,2477.48,115874.22,63174.81,35.28
ORD-004616,2026-09-01,2026,Q3,9,Middle East,Qatar,Laptop,Retail,465,793.81,369122.89,214091.27,13798.08,23960.88,7443.29,259293.53,109829.36,29.75
ORD-001192,2026-09-01,2026,Q3,9,Latin America,Chile,Printer,Distributor,459,291.62,133854.36,76296.99,11873.53,14359.3,5569.48,108099.29,25755.07,19.24
ORD-003983,2026-09-01,2026,Q3,9,Latin America,Chile,Tablet,Online,123,536.88,66036.48,34338.97,2674.44,2890.42,470.06,40373.89,25662.59,38.86
ORD-000024,2026-09-02,2026,Q3,9,Europe,Italy,Printer,Online,250,267.94,66986.1,38182.08,6413.85,11616.0,6006.34,62218.27,4767.83,7.12
ORD-004121,2026-09-02,2026,Q3,9,Europe,Italy,Tablet,Retail,239,440.83,105358.94,54786.65,6635.48,6431.89,1289.91,69143.92,36215.01,34.37
ORD-001069,2026-09-02,2026,Q3,9,North America,Canada,Tablet,Online,355,553.97,196658.27,102262.3,9998.7,20615.49,3980.38,136856.87,59801.4,30.41
ORD-003703,2026-09-02,2026,Q3,9,Europe,Spain,Server,Distributor,421,2218.55,934009.85,635126.7,9131.16,13152.75,9190.92,666601.53,267408.32,28.63
ORD-002407,2026-09-03,2026,Q3,9,Asia Pacific,Japan,Tablet,Retail,53,547.25,29004.25,15082.21,1137.4,3084.26,300.46,19604.33,9399.92,32.41
ORD-003926,2026-09-03,2026,Q3,9,Asia Pacific,Singapore,Desktop,Enterprise,194,726.32,140906.32,84543.79,5862.7,4086.39,4702.14,99195.02,41711.3,29.6
ORD-002628,2026-09-03,2026,Q3,9,North America,Mexico,Printer,Online,373,260.34,97107.7,55351.39,4937.43,4386.39,3389.89,68065.1,29042.6,29.91
ORD-003091,2026-09-03,2026,Q3,9,North America,Mexico,Monitor,Online,493,322.94,159208.83,87564.86,8529.57,27474.45,3619.27,127188.15,32020.68,20.11
ORD-001740,2026-09-04,2026,Q3,9,North America,USA,Server,Distributor,383,2314.95,886624.02,602904.33,13237.58,17524.61,3028.74,636695.26,249928.75,28.19
ORD-004195,2026-09-04,2026,Q3,9,Latin America,Chile,Printer,Online,318,247.98,78856.29,44948.08,8425.36,13718.69,1445.05,68537.19,10319.1,13.09
ORD-001399,2026-09-04,2026,Q3,9,Asia Pacific,Australia,Monitor,Online,294,292.49,85991.27,47295.2,7449.5,4387.37,6765.86,65897.92,20093.35,23.37
ORD-000404,2026-09-04,2026,Q3,9,Europe,Spain,Printer,Retail,271,305.61,82819.81,47207.29,8811.27,14965.63,946.33,71930.53,10889.28,13.15
ORD-004843,2026-09-05,2026,Q3,9,North America,USA,Monitor,Distributor,460,280.51,129035.59,70969.57,7821.87,6858.53,5358.13,91008.11,38027.48,29.47
ORD-004150,2026-09-05,2026,Q3,9,Middle East,Qatar,Desktop,Distributor,234,852.38,199456.46,119673.88,7796.86,8553.23,3283.29,139307.25,60149.21,30.16
ORD-002790,2026-09-05,2026,Q3,9,Asia Pacific,Australia,Desktop,Distributor,132,745.37,98389.25,59033.55,4251.65,5546.72,1352.91,70184.84,28204.41,28.67
ORD-003805,2026-09-05,2026,Q3,9,Asia Pacific,Australia,Desktop,Online,482,672.8,324289.9,194573.94,10178.2,17419.28,10833.33,233004.76,91285.14,28.15
ORD-002885,2026-09-06,2026,Q3,9,Asia Pacific,Australia,Monitor,Distributor,103,277.18,28549.99,15702.49,2409.75,1854.27,1401.81,21368.33,7181.66,25.15
ORD-002367,2026-09-06,2026,Q3,9,Asia Pacific,Singapore,Desktop,Distributor,249,683.76,170255.66,102153.4,4662.63,4096.32,3362.86,114275.2,55980.46,32.88
ORD-001729,2026-09-06,2026,Q3,9,North America,Canada,Laptop,Retail,249,791.03,196965.37,114239.92,2543.92,6035.15,6179.47,128998.45,67966.92,34.51
ORD-002989,2026-09-06,2026,Q3,9,Europe,Germany,Monitor,Retail,249,336.2,83714.53,46042.99,5778.38,10605.54,5970.16,68397.08,15317.46,18.3
ORD-004229,2026-09-07,2026,Q3,9,Asia Pacific,India,Laptop,Distributor,98,816.25,79992.21,46395.48,3334.82,4787.37,1127.52,55645.19,24347.03,30.44
ORD-001015,2026-09-07,2026,Q3,9,Europe,France,Laptop,Retail,283,935.27,264682.0,153515.56,9686.11,10773.17,1395.58,175370.42,89311.57,33.74
ORD-001078,2026-09-07,2026,Q3,9,Latin America,Brazil,Server,Online,420,2007.34,843081.21,573295.23,13775.06,21192.8,7777.74,616040.83,227040.38,26.93
ORD-000257,2026-09-07,2026,Q3,9,North America,USA,Tablet,Online,279,489.98,136705.2,71086.7,3171.69,7728.71,1832.01,83819.12,52886.08,38.69
ORD-003787,2026-09-07,2026,Q3,9,Latin America,Argentina,Laptop,Online,21,871.56,18302.67,10615.55,212.29,649.86,272.36,11750.05,6552.62,35.8
ORD-002301,2026-09-07,2026,Q3,9,North America,Canada,Desktop,Distributor,167,789.04,131770.44,79062.26,1678.6,2857.41,2325.44,85923.72,45846.72,34.79
ORD-001845,2026-09-08,2026,Q3,9,North America,USA,Server,Online,297,2464.62,731991.18,497754.0,2912.5,6155.09,2789.05,509610.63,222380.55,30.38
ORD-002295,2026-09-08,2026,Q3,9,Europe,Italy,Server,Online,44,2519.76,110869.34,75391.15,909.98,1928.95,496.95,78727.04,32142.3,28.99
ORD-000162,2026-09-08,2026,Q3,9,Europe,Germany,Laptop,Online,448,905.08,405478.0,235177.24,5871.25,17097.91,10851.94,268998.33,136479.67,33.66
ORD-004064,2026-09-08,2026,Q3,9,Asia Pacific,Singapore,Printer,Enterprise,170,291.42,49540.66,28238.18,5680.02,5354.54,2945.35,42218.09,7322.57,14.78
ORD-001107,2026-09-08,2026,Q3,9,Asia Pacific,Japan,Server,Online,360,2214.8,797329.68,542184.18,11243.58,8614.85,8656.95,570699.57,226630.11,28.42
ORD-000858,2026-09-09,2026,Q3,9,Europe,Germany,Server,Enterprise,36,2115.22,76147.96,51780.61,1238.26,1063.34,878.25,54960.46,21187.5,27.82
ORD-002869,2026-09-09,2026,Q3,9,Asia Pacific,Singapore,Laptop,Online,386,829.58,320216.79,185725.74,3751.97,16157.38,6017.38,211652.48,108564.32,33.9
ORD-001823,2026-09-09,2026,Q3,9,Asia Pacific,Singapore,Tablet,Online,312,551.65,172114.05,89499.3,8611.94,8707.78,4989.57,111808.61,60305.44,35.04
ORD-001103,2026-09-09,2026,Q3,9,Middle East,Qatar,Server,Retail,480,2072.93,995008.38,676605.7,8362.42,21134.71,9256.45,715359.28,279649.1,28.11
ORD-001644,2026-09-10,2026,Q3,9,North America,USA,Laptop,Online,432,792.96,342558.42,198683.88,4503.65,11525.25,2726.32,217439.1,125119.32,36.52
ORD-002161,2026-09-10,2026,Q3,9,Europe,Italy,Desktop,Online,426,764.16,325530.59,195318.35,12238.3,23348.35,6424.89,237329.9,88200.69,27.09
ORD-003986,2026-09-10,2026,Q3,9,Europe,Germany,Desktop,Retail,72,794.82,57227.02,34336.21,1019.79,1508.23,1626.51,38490.74,18736.28,32.74
ORD-000609,2026-09-10,2026,Q3,9,Europe,Germany,Monitor,Online,393,298.41,117274.52,64500.99,7611.45,11174.39,9202.93,92489.76,24784.76,21.13
ORD-004926,2026-09-10,2026,Q3,9,Asia Pacific,India,Tablet,Distributor,40,513.24,20529.73,10675.46,656.26,2267.74,842.08,14441.54,6088.19,29.66
ORD-000598,2026-09-10,2026,Q3,9,Middle East,UAE,Monitor,Distributor,330,307.67,101532.05,55842.63,5583.6,9775.43,6346.33,77547.99,23984.06,23.62
ORD-001191,2026-09-10,2026,Q3,9,Latin America,Chile,Server,Retail,447,2315.41,1034990.03,703793.22,5678.44,21418.72,11083.31,741973.7,293016.34,28.31
ORD-000841,2026-09-11,2026,Q3,9,Latin America,Brazil,Server,Retail,473,2191.65,1036652.29,704923.56,12767.86,17713.13,9678.32,745082.87,291569.41,28.13
ORD-001313,2026-09-11,2026,Q3,9,Middle East,Saudi Arabia,Server,Online,262,1897.62,497176.35,338079.92,4659.39,4246.6,1354.49,348340.4,148835.95,29.94
ORD-002130,2026-09-11,2026,Q3,9,North America,Mexico,Printer,Retail,365,246.74,90058.9,51333.57,12606.65,6737.45,8304.83,78982.5,11076.4,12.3
ORD-001967,2026-09-11,2026,Q3,9,North America,Mexico,Desktop,Online,307,853.36,261982.61,157189.57,4636.3,14764.69,1442.55,178033.11,83949.51,32.04
ORD-003974,2026-09-11,2026,Q3,9,North America,USA,Desktop,Retail,32,766.96,24542.65,14725.59,937.99,507.92,548.32,16719.82,7822.83,31.87
ORD-002298,2026-09-12,2026,Q3,9,Latin America,Brazil,Tablet,Distributor,356,574.64,204570.31,106376.56,9913.19,9253.25,6019.39,131562.39,73007.92,35.69
ORD-003694,2026-09-12,2026,Q3,9,Asia Pacific,India,Printer,Retail,225,291.34,65551.26,37364.22,2551.47,5769.89,5389.6,51075.18,14476.08,22.08
ORD-001101,2026-09-12,2026,Q3,9,Middle East,Saudi Arabia,Desktop,Distributor,439,750.89,329641.01,197784.61,4707.08,14911.19,1407.07,218809.94,110831.07,33.62
ORD-004069,2026-09-12,2026,Q3,9,Latin America,Brazil,Printer,Online,103,247.31,25472.74,14519.46,2555.86,5864.77,2426.06,25366.14,106.6,0.42
ORD-002521,2026-09-12,2026,Q3,9,Europe,France,Tablet,Enterprise,161,459.44,73970.14,38464.47,2354.72,2539.23,1538.67,44897.09,29073.05,39.3
ORD-001540,2026-09-13,2026,Q3,9,Latin America,Argentina,Server,Online,466,2083.82,971059.27,660320.3,13577.53,4824.11,7246.37,685968.32,285090.95,29.36
ORD-004440,2026-09-13,2026,Q3,9,Latin America,Brazil,Monitor,Retail,224,257.74,57733.44,31753.39,6978.74,5836.02,3019.27,47587.42,10146.02,17.57
ORD-000920,2026-09-14,2026,Q3,9,Asia Pacific,Australia,Tablet,Online,347,555.68,192820.77,100266.8,11068.6,18481.55,2194.93,132011.89,60808.89,31.54
ORD-002392,2026-09-14,2026,Q3,9,Latin America,Chile,Laptop,Distributor,71,938.61,66641.65,38652.16,634.59,3604.75,1615.3,44506.8,22134.85,33.21
ORD-001670,2026-09-14,2026,Q3,9,Europe,Spain,Printer,Online,119,260.95,31052.54,17699.95,3014.53,1572.07,2965.73,25252.28,5800.26,18.68
ORD-001184,2026-09-14,2026,Q3,9,Asia Pacific,Australia,Monitor,Online,446,297.53,132699.28,72984.6,8759.78,24832.23,6505.97,113082.58,19616.7,14.78
ORD-003329,2026-09-14,2026,Q3,9,Europe,Italy,Desktop,Online,250,713.16,178289.84,106973.91,2550.01,12487.88,3433.54,125445.33,52844.51,29.64
ORD-002485,2026-09-14,2026,Q3,9,Middle East,UAE,Printer,Online,58,272.5,15805.24,9008.99,1030.93,2255.27,487.47,12782.66,3022.58,19.12
ORD-004282,2026-09-15,2026,Q3,9,North America,USA,Monitor,Online,122,285.39,34817.46,19149.6,2075.74,4089.47,800.65,26115.47,8701.99,24.99
ORD-001254,2026-09-15,2026,Q3,9,Asia Pacific,Singapore,Printer,Enterprise,485,275.03,133391.46,76033.13,8915.38,11092.62,7590.0,103631.12,29760.34,22.31
ORD-001805,2026-09-15,2026,Q3,9,Europe,France,Laptop,Enterprise,249,953.17,237340.52,137657.5,3244.16,5730.22,3446.76,150078.65,87261.87,36.77
ORD-001299,2026-09-15,2026,Q3,9,Latin America,Brazil,Tablet,Enterprise,366,444.04,162519.14,84509.96,5467.59,17073.15,5969.75,113020.44,49498.7,30.46
ORD-000903,2026-09-16,2026,Q3,9,Europe,UK,Desktop,Online,252,858.98,216462.98,129877.79,5605.86,6092.2,4227.0,145802.85,70660.14,32.64
ORD-000577,2026-09-16,2026,Q3,9,Asia Pacific,Singapore,Server,Retail,235,1997.96,469520.23,319273.76,8172.69,8605.16,5763.54,341815.14,127705.09,27.2
ORD-002925,2026-09-16,2026,Q3,9,Latin America,Argentina,Monitor,Retail,500,267.11,133552.6,73453.93,7774.9,7782.72,9122.35,98133.89,35418.71,26.52
ORD-002493,2026-09-16,2026,Q3,9,Europe,Spain,Laptop,Retail,296,772.35,228616.09,132597.33,6902.69,6108.68,4393.35,150002.06,78614.03,34.39
ORD-002268,2026-09-16,2026,Q3,9,Asia Pacific,Japan,Server,Enterprise,62,2460.73,152565.21,103744.34,1736.64,2448.46,1011.99,108941.44,43623.78,28.59
ORD-001089,2026-09-16,2026,Q3,9,Europe,France,Monitor,Enterprise,322,262.13,84404.26,46422.34,2786.86,19262.79,3556.18,72028.16,12376.1,14.66
ORD-004814,2026-09-16,2026,Q3,9,Asia Pacific,Japan,Laptop,Retail,177,864.57,153029.32,88757.01,4084.9,5770.68,702.85,99315.44,53713.89,35.1
ORD-003565,2026-09-16,2026,Q3,9,Middle East,UAE,Laptop,Retail,128,817.77,104675.03,60711.52,1578.22,3103.31,3107.57,68500.62,36174.41,34.56
ORD-003530,2026-09-17,2026,Q3,9,Latin America,Chile,Desktop,Retail,335,763.21,255676.57,153405.94,7611.6,8021.61,4779.6,173818.76,81857.81,32.02
ORD-003767,2026-09-17,2026,Q3,9,Middle East,Saudi Arabia,Printer,Online,231,288.44,66629.44,37978.78,6339.26,5367.41,2310.08,51995.53,14633.91,21.96
ORD-002752,2026-09-17,2026,Q3,9,Asia Pacific,Singapore,Desktop,Distributor,197,785.28,154699.58,92819.75,5477.85,2811.03,652.19,101760.82,52938.76,34.22
ORD-001933,2026-09-18,2026,Q3,9,Europe,Germany,Printer,Online,429,300.74,129017.23,73539.82,9228.48,5176.82,7669.7,95614.82,33402.41,25.89
ORD-003625,2026-09-18,2026,Q3,9,Europe,France,Tablet,Enterprise,328,538.53,176639.33,91852.45,8209.06,11461.57,7010.97,118534.06,58105.27,32.89
ORD-004312,2026-09-18,2026,Q3,9,Asia Pacific,Japan,Printer,Retail,347,249.25,86489.99,49299.29,7954.27,19362.8,6643.38,83259.74,3230.25,3.73
ORD-000310,2026-09-18,2026,Q3,9,Asia Pacific,India,Monitor,Enterprise,270,260.39,70305.87,38668.23,6336.42,13291.93,1278.92,59575.49,10730.37,15.26
ORD-004656,2026-09-18,2026,Q3,9,Europe,Spain,Tablet,Distributor,39,470.39,18345.2,9539.51,417.42,1392.38,816.42,12165.73,6179.48,33.68
ORD-000254,2026-09-19,2026,Q3,9,Middle East,UAE,Tablet,Online,342,432.56,147935.41,76926.41,6699.2,11073.34,1760.64,96459.59,51475.82,34.8
ORD-001659,2026-09-19,2026,Q3,9,North America,Canada,Monitor,Online,23,275.75,6342.21,3488.21,795.79,630.47,354.78,5269.26,1072.95,16.92
ORD-003139,2026-09-19,2026,Q3,9,Asia Pacific,Singapore,Server,Online,478,2228.5,1065221.76,724350.79,9136.4,22304.28,6045.86,761837.33,303384.43,28.48
ORD-000787,2026-09-19,2026,Q3,9,North America,Mexico,Monitor,Enterprise,489,311.08,152117.36,83664.55,8180.54,29277.75,4331.41,125454.25,26663.1,17.53
ORD-000842,2026-09-19,2026,Q3,9,North America,Mexico,Desktop,Online,263,780.24,205202.96,123121.77,4845.33,9347.42,4466.45,141780.96,63422.0,30.91
ORD-000303,2026-09-19,2026,Q3,9,Asia Pacific,Singapore,Printer,Online,124,283.89,35202.24,20065.28,3182.44,5221.69,1730.75,30200.17,5002.07,14.21
ORD-004662,2026-09-20,2026,Q3,9,North America,Canada,Laptop,Enterprise,192,812.04,155912.26,90429.11,2083.63,6977.27,1552.23,101042.24,54870.02,35.19
ORD-001797,2026-09-20,2026,Q3,9,North America,Mexico,Laptop,Online,155,994.84,154200.75,89436.43,5407.34,6859.7,1015.1,102718.57,51482.18,33.39
ORD-001373,2026-09-20,2026,Q3,9,Middle East,Saudi Arabia,Tablet,Enterprise,137,454.33,62243.7,32366.72,3564.53,7829.15,854.53,44614.93,17628.77,28.32
ORD-003044,2026-09-20,2026,Q3,9,Latin America,Brazil,Monitor,Online,360,319.19,114908.95,63199.92,7353.0,15145.01,5655.28,91353.21,23555.74,20.5
ORD-001250,2026-09-20,2026,Q3,9,Latin America,Chile,Monitor,Online,496,270.34,134089.31,73749.12,8573.55,23686.12,10713.53,116722.32,17366.99,12.95
ORD-003643,2026-09-20,2026,Q3,9,Asia Pacific,India,Laptop,Distributor,324,842.58,272995.23,158337.23,8472.32,18948.12,2908.48,188666.15,84329.08,30.89
ORD-001866,2026-09-21,2026,Q3,9,Asia Pacific,Japan,Server,Retail,204,1915.12,390685.46,265666.11,3441.57,5333.6,1291.01,275732.29,114953.17,29.42
ORD-001095,2026-09-21,2026,Q3,9,Middle East,Saudi Arabia,Desktop,Retail,408,715.57,291953.62,175172.17,10745.0,13537.89,3221.5,202676.55,89277.07,30.58
ORD-001092,2026-09-21,2026,Q3,9,Latin America,Brazil,Tablet,Online,286,426.45,121965.92,63422.28,3594.8,4271.01,6960.77,78248.86,43717.07,35.84
ORD-002609,2026-09-22,2026,Q3,9,North America,Canada,Laptop,Enterprise,136,1001.53,136207.48,79000.34,1699.57,3622.27,1198.67,85520.85,50686.64,37.21
ORD-000057,2026-09-22,2026,Q3,9,Middle East,UAE,Monitor,Distributor,65,311.72,20261.73,11143.95,1596.64,3627.85,1041.75,17410.18,2851.55,14.07
ORD-000553,2026-09-23,2026,Q3,9,Asia Pacific,Singapore,Desktop,Online,425,652.45,277291.38,166374.83,7816.61,23641.19,8245.47,206078.1,71213.28,25.68
ORD-000806,2026-09-23,2026,Q3,9,North America,Mexico,Laptop,Online,178,846.49,150676.01,87392.09,2587.63,4372.69,2440.94,96793.35,53882.66,35.76
ORD-000341,2026-09-23,2026,Q3,9,Europe,Italy,Server,Retail,51,2260.03,115261.34,78377.71,1307.86,1632.48,692.17,82010.23,33251.12,28.85
ORD-002077,2026-09-24,2026,Q3,9,North America,Mexico,Desktop,Retail,444,745.74,331108.16,198664.89,13607.61,4695.96,9075.51,226043.98,105064.18,31.73
ORD-001002,2026-09-24,2026,Q3,9,Latin America,Brazil,Desktop,Enterprise,110,819.97,90197.03,54118.22,1745.01,4793.22,2304.65,62961.11,27235.93,30.2
ORD-002453,2026-09-24,2026,Q3,9,Europe,Spain,Desktop,Retail,271,833.56,225893.43,135536.06,6570.41,7142.33,1054.74,150303.53,75589.89,33.46
ORD-004679,2026-09-25,2026,Q3,9,Europe,UK,Server,Online,86,2268.52,195093.01,132663.25,2170.8,1030.0,483.83,136347.89,58745.13,30.11
ORD-004212,2026-09-25,2026,Q3,9,Asia Pacific,Japan,Laptop,Enterprise,67,842.14,56423.48,32725.62,846.63,1408.61,206.64,35187.5,21235.98,37.64
ORD-002617,2026-09-25,2026,Q3,9,Latin America,Chile,Printer,Distributor,76,317.12,24101.41,13737.81,2556.24,2702.23,1017.51,20013.78,4087.63,16.96
ORD-003571,2026-09-25,2026,Q3,9,North America,Canada,Tablet,Distributor,147,562.64,82707.7,43008.0,4807.48,8026.0,2264.28,58105.76,24601.94,29.75
ORD-004960,2026-09-25,2026,Q3,9,North America,Canada,Laptop,Enterprise,438,925.1,405193.39,235012.16,6024.39,21010.83,1506.66,263554.04,141639.35,34.96
ORD-001681,2026-09-25,2026,Q3,9,Asia Pacific,Singapore,Monitor,Retail,414,309.36,128075.0,70441.25,4052.68,20069.72,3704.44,98268.09,29806.91,23.27
ORD-001695,2026-09-25,2026,Q3,9,North America,Mexico,Tablet,Online,107,448.98,48040.49,24981.05,2668.01,5383.83,565.49,33598.39,14442.1,30.06
ORD-004220,2026-09-26,2026,Q3,9,North America,Canada,Monitor,Enterprise,347,265.49,92124.67,50668.57,4007.44,7232.76,7767.79,69676.56,22448.11,24.37
ORD-003144,2026-09-26,2026,Q3,9,Asia Pacific,Singapore,Printer,Enterprise,14,293.86,4114.02,2344.99,326.32,438.89,154.66,3264.86,849.15,20.64
ORD-001560,2026-09-27,2026,Q3,9,Asia Pacific,Singapore,Desktop,Retail,62,652.23,40438.22,24262.93,516.17,1533.75,1481.4,27794.25,12643.97,31.27
ORD-003660,2026-09-27,2026,Q3,9,North America,USA,Tablet,Online,41,487.16,19973.6,10386.27,809.0,1563.31,527.62,13286.2,6687.4,33.48
ORD-002387,2026-09-27,2026,Q3,9,Europe,Spain,Tablet,Retail,185,506.2,93646.91,48696.39,5657.16,3239.57,3439.08,61032.2,32614.71,34.83
ORD-002219,2026-09-27,2026,Q3,9,Asia Pacific,India,Desktop,Online,377,639.96,241266.11,144759.67,6074.22,10973.97,2842.74,164650.58,76615.53,31.76
ORD-003954,2026-09-28,2026,Q3,9,Middle East,UAE,Server,Online,369,2389.67,881788.19,599615.97,8203.51,10065.15,2176.31,620060.94,261727.25,29.68
ORD-003426,2026-09-28,2026,Q3,9,Europe,UK,Monitor,Distributor,314,317.54,99706.63,54838.65,9588.37,14024.74,7404.07,85855.83,13850.81,13.89
ORD-004159,2026-09-28,2026,Q3,9,Middle East,UAE,Printer,Online,305,308.7,94152.6,53666.98,8434.93,16834.42,3593.21,82529.54,11623.07,12.34
ORD-004120,2026-09-28,2026,Q3,9,Asia Pacific,India,Monitor,Distributor,227,276.27,62712.36,34491.8,5824.76,12155.27,2282.46,54754.29,7958.07,12.69
ORD-004784,2026-09-28,2026,Q3,9,Asia Pacific,Singapore,Monitor,Online,19,287.4,5460.63,3003.35,529.26,933.8,62.82,4529.22,931.41,17.06
ORD-000300,2026-09-29,2026,Q3,9,Europe,France,Tablet,Retail,404,442.4,178730.72,92939.98,9041.73,6088.16,4829.07,112898.94,65831.79,36.83
ORD-000889,2026-09-29,2026,Q3,9,Middle East,UAE,Tablet,Retail,448,574.42,257341.97,133817.83,5708.73,22635.94,7925.61,170088.11,87253.86,33.91
ORD-004085,2026-09-30,2026,Q3,9,Asia Pacific,Japan,Laptop,Online,408,869.49,354753.29,205756.91,10043.45,7540.15,4481.22,227821.73,126931.56,35.78
ORD-002600,2026-09-30,2026,Q3,9,North America,USA,Laptop,Enterprise,33,779.37,25719.26,14917.17,447.51,1796.94,732.08,17893.69,7825.56,30.43
ORD-000306,2026-09-30,2026,Q3,9,Asia Pacific,Japan,Tablet,Retail,72,486.65,35039.09,18220.33,2501.66,3285.76,1215.05,25222.8,9816.29,28.02
ORD-000845,2026-09-30,2026,Q3,9,Asia Pacific,India,Tablet,Retail,313,511.63,160139.62,83272.6,4418.18,8766.27,6201.29,102658.34,57481.28,35.89
ORD-004391,2026-10-01,2026,Q4,10,Asia Pacific,Australia,Monitor,Online,152,276.11,41968.92,23082.91,5059.2,3533.13,2183.82,33859.04,8109.88,19.32
ORD-002489,2026-10-01,2026,Q4,10,Latin America,Argentina,Tablet,Enterprise,475,504.55,239661.39,124623.92,7062.85,12719.21,8327.87,152733.86,86927.54,36.27
ORD-001461,2026-10-01,2026,Q4,10,North America,USA,Tablet,Distributor,207,471.67,97636.42,50770.94,2590.56,8876.53,2939.71,65177.74,32458.67,33.24
ORD-001599,2026-10-01,2026,Q4,10,Asia Pacific,India,Monitor,Retail,34,264.73,9000.69,4950.38,845.58,864.44,504.44,7164.83,1835.86,20.4
ORD-001687,2026-10-02,2026,Q4,10,Asia Pacific,Japan,Tablet,Online,313,483.76,151415.72,78736.17,10766.21,3670.7,4117.58,97290.68,54125.04,35.75
ORD-003106,2026-10-03,2026,Q4,10,Europe,Italy,Monitor,Online,121,324.06,39210.77,21565.92,2366.38,4482.51,434.37,28849.19,10361.59,26.43
ORD-000941,2026-10-03,2026,Q4,10,Asia Pacific,Japan,Printer,Online,437,288.94,126266.7,71972.02,6039.34,9935.03,5838.12,93784.51,32482.19,25.73
ORD-000790,2026-10-03,2026,Q4,10,Middle East,UAE,Printer,Retail,369,259.77,95853.69,54636.6,3994.93,12987.42,1887.64,73506.59,22347.09,23.31
ORD-002898,2026-10-03,2026,Q4,10,Europe,Spain,Monitor,Online,30,325.7,9771.09,5374.1,386.49,751.32,567.3,7079.21,2691.88,27.55
ORD-002548,2026-10-03,2026,Q4,10,Europe,Spain,Printer,Enterprise,39,305.91,11930.61,6800.45,472.3,1504.91,812.43,9590.09,2340.53,19.62
ORD-001615,2026-10-04,2026,Q4,10,Europe,Germany,Desktop,Distributor,369,737.4,272101.98,163261.19,4119.23,14754.55,2334.18,184469.15,87632.83,32.21
ORD-003336,2026-10-04,2026,Q4,10,Europe,Italy,Desktop,Online,480,802.74,385314.75,231188.85,6004.51,25280.51,5582.61,268056.49,117258.27,30.43
ORD-002586,2026-10-04,2026,Q4,10,Asia Pacific,Japan,Printer,Online,480,299.94,143970.15,82062.98,13832.54,13104.46,11862.48,120862.46,23107.69,16.05
ORD-000847,2026-10-04,2026,Q4,10,Asia Pacific,India,Server,Retail,277,2024.99,560922.73,381427.45,9584.34,10455.34,6487.94,407955.08,152967.65,27.27
ORD-001246,2026-10-04,2026,Q4,10,North America,Canada,Printer,Enterprise,55,286.72,15769.71,8988.74,1083.02,1436.84,503.92,12012.51,3757.2,23.83
ORD-001509,2026-10-05,2026,Q4,10,Middle East,UAE,Server,Online,429,2014.23,864103.45,587590.35,7022.43,20386.52,7301.43,622300.73,241802.73,27.98
ORD-001306,2026-10-05,2026,Q4,10,Middle East,Qatar,Desktop,Enterprise,212,744.13,157755.73,94653.44,1736.68,12570.69,4480.6,113441.41,44314.32,28.09
ORD-004520,2026-10-05,2026,Q4,10,Asia Pacific,Australia,Desktop,Online,274,793.94,217540.41,130524.25,3800.53,10322.98,4710.86,149358.61,68181.8,31.34
ORD-000345,2026-10-05,2026,Q4,10,North America,Mexico,Monitor,Online,199,329.85,65641.13,36102.62,1911.89,2671.42,2068.94,42754.87,22886.25,34.87
ORD-000850,2026-10-05,2026,Q4,10,Europe,Germany,Laptop,Online,147,1030.44,151475.29,87855.67,3624.22,3166.88,1813.02,96459.79,55015.5,36.32
ORD-000405,2026-10-05,2026,Q4,10,Middle East,Qatar,Server,Online,287,2352.39,675135.95,459092.45,4114.04,7294.83,6286.43,476787.75,198348.21,29.38
ORD-004002,2026-10-05,2026,Q4,10,Latin America,Brazil,Laptop,Online,16,856.03,13696.55,7944.0,319.08,669.8,51.9,8984.78,4711.78,34.4
ORD-001548,2026-10-06,2026,Q4,10,Middle East,Saudi Arabia,Desktop,Online,360,750.56,270200.87,162120.52,7084.62,20484.66,5699.83,195389.64,74811.23,27.69
ORD-002122,2026-10-06,2026,Q4,10,Middle East,UAE,Server,Distributor,414,1907.46,789686.69,536986.95,10923.53,7925.42,3239.69,559075.59,230611.1,29.2
ORD-000917,2026-10-06,2026,Q4,10,Middle East,Saudi Arabia,Desktop,Enterprise,113,697.85,78857.57,47314.54,930.93,5266.79,2395.83,55908.09,22949.48,29.1
ORD-004271,2026-10-07,2026,Q4,10,North America,USA,Desktop,Retail,352,822.64,289570.68,173742.41,3060.07,19081.4,6769.89,202653.77,86916.92,30.02
ORD-003370,2026-10-07,2026,Q4,10,Europe,France,Laptop,Enterprise,457,932.73,426259.79,247230.68,7785.68,26218.19,9265.72,290500.26,135759.53,31.85
ORD-001815,2026-10-07,2026,Q4,10,Asia Pacific,Singapore,Printer,Distributor,168,316.02,53091.87,30262.37,5688.82,8481.01,4170.32,48602.53,4489.35,8.46
ORD-002738,2026-10-08,2026,Q4,10,Europe,Italy,Printer,Retail,110,269.68,29664.64,16908.84,1545.15,3044.04,611.53,22109.56,7555.07,25.47
ORD-003612,2026-10-08,2026,Q4,10,Asia Pacific,Australia,Tablet,Distributor,82,466.46,38249.64,19889.81,1674.1,3098.0,2008.88,26670.79,11578.85,30.27
ORD-000348,2026-10-08,2026,Q4,10,North America,Canada,Laptop,Retail,175,775.87,135776.38,78750.3,1719.27,5400.83,2799.51,88669.91,47106.47,34.69
ORD-004250,2026-10-08,2026,Q4,10,Middle East,Qatar,Printer,Online,112,262.47,29396.18,16755.82,3510.27,6235.93,1374.89,27876.91,1519.27,5.17
ORD-002227,2026-10-08,2026,Q4,10,Europe,Germany,Tablet,Retail,386,441.76,170517.78,88669.25,4865.12,17130.73,7714.11,118379.21,52138.57,30.58
ORD-002374,2026-10-08,2026,Q4,10,Europe,Spain,Monitor,Enterprise,384,330.77,127015.83,69858.71,4491.04,9170.52,6480.82,90001.08,37014.75,29.14
ORD-002405,2026-10-09,2026,Q4,10,North America,Mexico,Monitor,Online,402,277.61,111599.55,61379.75,8921.04,11163.75,2479.08,83943.62,27655.93,24.78
ORD-004201,2026-10-09,2026,Q4,10,Asia Pacific,Japan,Printer,Online,440,249.82,109922.65,62655.91,7825.81,23076.47,8090.42,101648.6,8274.05,7.53
ORD-000127,2026-10-09,2026,Q4,10,Middle East,UAE,Tablet,Enterprise,397,449.27,178359.51,92746.95,10864.78,16453.42,5503.62,125568.77,52790.74,29.6
ORD-001743,2026-10-09,2026,Q4,10,Europe,France,Server,Retail,30,2408.91,72267.36,49141.8,1013.98,911.25,480.36,51547.4,20719.96,28.67
ORD-002276,2026-10-09,2026,Q4,10,North America,USA,Printer,Online,374,297.13,111124.89,63341.19,10547.4,6903.09,4964.77,85756.45,25368.44,22.83
ORD-000327,2026-10-09,2026,Q4,10,North America,USA,Tablet,Distributor,465,525.53,244369.55,127072.16,5320.39,21943.45,2174.2,156510.2,87859.34,35.95
ORD-000852,2026-10-10,2026,Q4,10,Europe,France,Server,Online,264,2520.7,665463.88,452515.44,2856.0,11068.27,3129.02,469568.73,195895.15,29.44
ORD-004860,2026-10-10,2026,Q4,10,Latin America,Chile,Monitor,Online,378,317.4,119975.62,65986.59,3468.12,4936.1,1888.87,76279.68,43695.94,36.42
ORD-001333,2026-10-10,2026,Q4,10,North America,Mexico,Desktop,Distributor,353,790.26,278961.42,167376.85,4963.66,14260.6,6471.25,193072.37,85889.05,30.79
ORD-001706,2026-10-10,2026,Q4,10,Europe,Germany,Printer,Retail,214,321.41,68781.5,39205.45,6184.53,5230.24,3345.5,53965.72,14815.78,21.54
ORD-002045,2026-10-10,2026,Q4,10,North America,USA,Desktop,Online,406,783.41,318065.27,190839.16,7992.42,19987.79,9674.98,228494.35,89570.92,28.16
ORD-001400,2026-10-10,2026,Q4,10,Europe,France,Tablet,Retail,107,564.15,60363.59,31389.06,3180.03,4068.43,894.44,39531.96,20831.63,34.51
ORD-000193,2026-10-11,2026,Q4,10,Latin America,Argentina,Desktop,Online,39,761.86,29712.4,17827.44,767.49,1102.21,710.14,20407.28,9305.12,31.32
ORD-001603,2026-10-11,2026,Q4,10,Latin America,Argentina,Laptop,Enterprise,333,990.11,329707.37,191230.27,7918.61,13329.62,1127.28,213605.78,116101.58,35.21
ORD-002261,2026-10-11,2026,Q4,10,Europe,UK,Desktop,Retail,373,807.05,301029.9,180617.94,11775.84,8072.15,8229.22,208695.16,92334.74,30.67
ORD-003158,2026-10-11,2026,Q4,10,Latin America,Brazil,Server,Online,364,2319.45,844278.02,574109.05,6699.07,8209.74,4905.07,593922.94,250355.08,29.65
ORD-001530,2026-10-11,2026,Q4,10,Middle East,UAE,Monitor,Online,362,337.77,122272.58,67249.92,11806.52,11705.3,8837.67,99599.41,22673.16,18.54
ORD-003298,2026-10-11,2026,Q4,10,Europe,Italy,Server,Retail,32,1947.02,62304.74,42367.22,513.64,629.59,551.11,44061.56,18243.18,29.28
ORD-002175,2026-10-11,2026,Q4,10,Asia Pacific,Japan,Printer,Retail,361,313.21,113067.54,64448.5,8762.77,13798.56,4816.26,91826.08,21241.46,18.79
ORD-002039,2026-10-11,2026,Q4,10,North America,USA,Laptop,Retail,474,784.05,371640.01,215551.2,7660.91,21985.5,10353.83,255551.44,116088.57,31.24
ORD-004336,2026-10-12,2026,Q4,10,Europe,France,Printer,Retail,147,255.1,37499.25,21374.57,1454.75,4109.78,3325.25,30264.34,7234.91,19.29
ORD-003008,2026-10-12,2026,Q4,10,Asia Pacific,India,Tablet,Enterprise,402,570.71,229425.67,119301.35,11345.42,8953.81,6038.98,145639.57,83786.1,36.52
ORD-000532,2026-10-12,2026,Q4,10,North America,Mexico,Tablet,Online,450,428.09,192642.3,100173.99,13531.94,4980.67,8133.11,126819.72,65822.57,34.17
ORD-004060,2026-10-12,2026,Q4,10,Middle East,UAE,Desktop,Distributor,54,710.88,38387.25,23032.35,623.53,2322.51,223.34,26201.74,12185.52,31.74
ORD-000363,2026-10-12,2026,Q4,10,Asia Pacific,Japan,Monitor,Distributor,19,275.79,5240.05,2882.03,493.06,825.71,204.59,4405.38,834.67,15.93
ORD-002172,2026-10-13,2026,Q4,10,Asia Pacific,India,Tablet,Distributor,208,497.08,103393.45,53764.59,2478.34,10869.06,4031.85,71143.85,32249.6,31.19
ORD-001330,2026-10-13,2026,Q4,10,North America,Mexico,Laptop,Online,31,822.43,25495.41,14787.34,685.02,1041.5,619.59,17133.45,8361.96,32.8
ORD-004178,2026-10-13,2026,Q4,10,North America,USA,Printer,Online,254,262.83,66759.97,38053.18,8812.9,8065.64,3743.24,58674.96,8085.01,12.11
ORD-004632,2026-10-13,2026,Q4,10,Asia Pacific,Singapore,Monitor,Enterprise,298,262.07,78097.29,42953.51,4310.27,11469.52,3929.96,62663.26,15434.03,19.76
ORD-000186,2026-10-13,2026,Q4,10,Middle East,UAE,Monitor,Online,343,321.32,110213.15,60617.23,6006.46,10039.45,4361.33,81024.47,29188.67,26.48
ORD-002938,2026-10-13,2026,Q4,10,Europe,UK,Server,Distributor,286,2405.24,687898.43,467770.93,5715.27,13978.92,6323.24,493788.36,194110.07,28.22
ORD-000061,2026-10-13,2026,Q4,10,Asia Pacific,India,Tablet,Retail,311,537.31,167103.9,86894.03,8664.44,10832.97,2766.82,109158.26,57945.64,34.68
ORD-003806,2026-10-13,2026,Q4,10,Middle East,Saudi Arabia,Tablet,Online,478,552.97,264321.74,137447.31,6506.24,19636.4,9320.82,172910.76,91410.98,34.58
ORD-003887,2026-10-13,2026,Q4,10,Asia Pacific,India,Laptop,Retail,77,806.2,62077.44,36004.92,1989.0,1284.74,855.05,40133.71,21943.74,35.35
ORD-001718,2026-10-13,2026,Q4,10,Asia Pacific,Australia,Laptop,Enterprise,97,848.17,82272.47,47718.03,2514.87,2656.76,1837.28,54726.94,27545.53,33.48
ORD-002631,2026-10-14,2026,Q4,10,Asia Pacific,Japan,Monitor,Distributor,400,279.78,111913.35,61552.34,10193.71,14032.34,6921.56,92699.96,19213.39,17.17
ORD-000085,2026-10-14,2026,Q4,10,North America,Mexico,Monitor,Enterprise,26,259.19,6738.9,3706.4,814.51,1286.7,390.2,6197.8,541.11,8.03
ORD-002753,2026-10-14,2026,Q4,10,Latin America,Chile,Printer,Enterprise,215,265.84,57154.56,32578.1,6302.11,10922.16,3777.61,53579.98,3574.58,6.25
ORD-003201,2026-10-15,2026,Q4,10,Europe,Italy,Desktop,Online,365,753.56,275049.69,165029.82,12053.52,5960.75,5449.2,188493.29,86556.41,31.47
ORD-004197,2026-10-15,2026,Q4,10,Asia Pacific,India,Server,Online,12,1894.85,22738.15,15461.94,353.09,338.39,135.43,16288.85,6449.3,28.36
ORD-003408,2026-10-16,2026,Q4,10,Latin America,Chile,Laptop,Enterprise,101,789.15,79704.25,46228.47,3188.47,5658.89,1372.89,56448.72,23255.54,29.18
ORD-002091,2026-10-16,2026,Q4,10,Europe,Italy,Server,Enterprise,412,2269.3,934953.16,635768.15,9582.8,7631.02,2878.46,655860.43,279092.73,29.85
ORD-004703,2026-10-16,2026,Q4,10,North America,USA,Tablet,Online,476,443.55,211127.67,109786.39,5836.58,21877.18,6434.22,143934.36,67193.3,31.83
ORD-000599,2026-10-16,2026,Q4,10,Latin America,Brazil,Desktop,Enterprise,262,677.49,177502.55,106501.53,4003.99,8754.36,2198.07,121457.95,56044.6,31.57
ORD-000236,2026-10-16,2026,Q4,10,Middle East,Qatar,Printer,Retail,156,313.7,48937.54,27894.4,1412.7,2652.53,2969.89,34929.52,14008.02,28.62
ORD-001019,2026-10-16,2026,Q4,10,Middle East,Saudi Arabia,Printer,Online,491,256.03,125712.37,71656.05,16803.27,9749.51,10436.23,108645.06,17067.32,13.58
ORD-003820,2026-10-17,2026,Q4,10,North America,USA,Laptop,Distributor,136,857.18,116575.81,67613.97,3668.66,7469.42,1242.21,79994.27,36581.54,31.38
ORD-000116,2026-10-17,2026,Q4,10,Asia Pacific,India,Desktop,Online,188,802.3,150832.64,90499.58,5828.89,10785.84,3088.21,110202.53,40630.11,26.94
ORD-004751,2026-10-17,2026,Q4,10,Latin America,Chile,Tablet,Online,25,508.54,12713.5,6611.02,641.64,1145.98,98.34,8496.98,4216.52,33.17
ORD-000805,2026-10-17,2026,Q4,10,Middle East,UAE,Server,Distributor,85,2228.46,189418.69,128804.71,1322.46,3138.54,808.31,134074.03,55344.66,29.22
ORD-000397,2026-10-17,2026,Q4,10,Europe,Italy,Desktop,Online,57,816.13,46519.62,27911.77,1319.4,1507.82,561.25,31300.24,15219.38,32.72
ORD-001979,2026-10-18,2026,Q4,10,Europe,Italy,Printer,Online,44,317.97,13990.68,7974.69,1289.07,515.01,138.75,9917.52,4073.16,29.11
ORD-000050,2026-10-18,2026,Q4,10,Latin America,Argentina,Server,Online,196,2094.07,410438.48,279098.17,6526.44,9689.25,4893.42,300207.28,110231.21,26.86
ORD-000390,2026-10-18,2026,Q4,10,Asia Pacific,Australia,Desktop,Enterprise,259,857.16,222004.64,133202.78,9044.83,12579.75,1519.35,156346.71,65657.93,29.58
ORD-002285,2026-10-18,2026,Q4,10,North America,Mexico,Desktop,Enterprise,222,642.73,142685.17,85611.1,5464.87,4271.61,5270.1,100617.69,42067.49,29.48
ORD-000965,2026-10-19,2026,Q4,10,North America,Mexico,Tablet,Retail,9,524.44,4719.98,2454.39,280.17,411.93,161.72,3308.21,1411.77,29.91
ORD-002639,2026-10-19,2026,Q4,10,Europe,Spain,Printer,Distributor,396,297.2,117692.55,67084.75,3350.99,10267.87,9004.8,89708.42,27984.13,23.78
ORD-002795,2026-10-20,2026,Q4,10,North America,Canada,Printer,Enterprise,205,305.02,62529.89,35642.03,2205.24,9806.47,2146.01,49799.75,12730.13,20.36
ORD-003277,2026-10-20,2026,Q4,10,Middle East,Saudi Arabia,Laptop,Retail,231,840.15,194074.71,112563.33,3368.43,12538.24,3448.35,131918.35,62156.36,32.03
ORD-002262,2026-10-20,2026,Q4,10,Asia Pacific,India,Tablet,Distributor,115,451.92,51970.49,27024.65,4012.81,6586.62,2314.77,39938.86,12031.63,23.15
ORD-001502,2026-10-21,2026,Q4,10,North America,USA,Laptop,Online,247,981.39,242403.15,140593.83,1989.08,12234.63,4718.39,159535.93,82867.22,34.19
ORD-004930,2026-10-21,2026,Q4,10,North America,USA,Printer,Online,143,263.79,37722.19,21501.65,2262.3,5261.45,1832.92,30858.31,6863.88,18.2
ORD-000475,2026-10-21,2026,Q4,10,Latin America,Chile,Server,Online,158,1892.53,299019.07,203332.97,3736.55,2413.93,2055.2,211538.64,87480.43,29.26
ORD-003105,2026-10-21,2026,Q4,10,Europe,Italy,Laptop,Retail,97,855.17,82951.32,48111.76,1863.71,5244.01,474.39,55693.87,27257.44,32.86
ORD-000860,2026-10-21,2026,Q4,10,Middle East,UAE,Server,Retail,432,1939.48,837855.46,569741.71,12486.19,6625.63,7551.9,596405.42,241450.03,28.82
ORD-003882,2026-10-21,2026,Q4,10,North America,USA,Monitor,Retail,60,334.5,20069.83,11038.41,997.65,1272.95,671.93,13980.94,6088.9,30.34
ORD-001544,2026-10-21,2026,Q4,10,North America,Canada,Tablet,Retail,435,436.15,189724.96,98656.98,4697.26,5173.69,5495.67,114023.61,75701.35,39.9
ORD-003857,2026-10-22,2026,Q4,10,Latin America,Argentina,Laptop,Retail,107,997.7,106754.25,61917.47,1396.63,3061.06,832.56,67207.72,39546.54,37.04
ORD-000049,2026-10-22,2026,Q4,10,Europe,Germany,Printer,Online,205,249.48,51143.77,29151.95,3574.8,7241.19,4222.76,44190.7,6953.07,13.6
ORD-002812,2026-10-23,2026,Q4,10,Asia Pacific,Singapore,Laptop,Online,34,813.65,27664.11,16045.18,902.26,1580.04,382.33,18909.81,8754.3,31.64
ORD-001581,2026-10-23,2026,Q4,10,Asia Pacific,Japan,Server,Online,316,2054.56,649241.37,441484.13,5195.05,11251.92,2222.84,460153.94,189087.43,29.12
ORD-000671,2026-10-23,2026,Q4,10,North America,Mexico,Printer,Online,408,303.38,123780.03,70554.62,8887.88,11364.8,5796.84,96604.13,27175.9,21.95
ORD-003331,2026-10-23,2026,Q4,10,Europe,Spain,Laptop,Online,468,834.02,390322.95,226387.31,13166.02,24812.5,6095.86,270461.69,119861.26,30.71
ORD-003046,2026-10-24,2026,Q4,10,Europe,Spain,Printer,Online,244,284.01,69298.69,39500.26,3080.06,11294.89,2034.82,55910.02,13388.68,19.32
ORD-004135,2026-10-24,2026,Q4,10,Asia Pacific,Australia,Printer,Distributor,41,261.88,10737.02,6120.1,559.0,619.85,865.62,8164.57,2572.45,23.96
ORD-004068,2026-10-25,2026,Q4,10,Europe,UK,Printer,Enterprise,24,303.96,7295.1,4158.21,536.88,580.95,471.33,5747.37,1547.74,21.22
ORD-000531,2026-10-25,2026,Q4,10,Latin America,Chile,Tablet,Online,452,565.15,255445.9,132831.87,5415.31,5245.26,2535.54,146027.98,109417.92,42.83
ORD-003958,2026-10-25,2026,Q4,10,Middle East,UAE,Tablet,Online,457,549.1,250938.26,130487.9,10785.25,24212.12,3637.38,169122.65,81815.62,32.6
ORD-000630,2026-10-25,2026,Q4,10,North America,Canada,Tablet,Online,41,440.07,18042.8,9382.26,613.35,963.19,659.08,11617.87,6424.93,35.61
ORD-000103,2026-10-25,2026,Q4,10,Europe,Italy,Tablet,Online,433,470.5,203725.84,105937.44,13318.67,7549.69,4275.1,131080.9,72644.94,35.66
ORD-003369,2026-10-26,2026,Q4,10,Asia Pacific,Japan,Tablet,Online,255,528.34,134725.92,70057.48,8768.94,6286.16,3595.67,88708.25,46017.67,34.16
ORD-003919,2026-10-26,2026,Q4,10,Europe,UK,Desktop,Retail,66,842.55,55607.98,33364.79,1445.0,2521.35,241.46,37572.6,18035.38,32.43
ORD-004141,2026-10-26,2026,Q4,10,North America,USA,Server,Online,16,2026.47,32423.58,22048.03,282.11,475.06,285.14,23090.35,9333.23,28.79
ORD-003445,2026-10-27,2026,Q4,10,North America,Canada,Tablet,Online,381,470.41,179225.96,93197.5,4134.24,20307.33,1462.07,119101.14,60124.82,33.55
ORD-000670,2026-10-27,2026,Q4,10,Latin America,Chile,Tablet,Retail,285,552.62,157496.67,81898.27,9278.05,6201.74,939.34,98317.4,59179.27,37.57
ORD-001278,2026-10-27,2026,Q4,10,Asia Pacific,Singapore,Monitor,Enterprise,318,278.17,88457.99,48651.89,10994.49,11478.68,1574.2,72699.26,15758.73,17.81
ORD-001772,2026-10-27,2026,Q4,10,Europe,France,Monitor,Distributor,181,273.53,49509.63,27230.3,5863.13,2999.69,2582.8,38675.92,10833.72,21.88
ORD-004865,2026-10-27,2026,Q4,10,Latin America,Argentina,Tablet,Online,315,556.49,175294.87,91153.33,4310.86,15581.01,3399.85,114445.06,60849.81,34.71
ORD-003248,2026-10-27,2026,Q4,10,Middle East,Saudi Arabia,Laptop,Enterprise,301,811.33,244208.9,141641.16,3806.6,6798.34,1869.4,154115.5,90093.4,36.89
ORD-001912,2026-10-28,2026,Q4,10,Latin America,Chile,Monitor,Online,13,344.25,4475.24,2461.38,384.02,333.1,107.0,3285.51,1189.73,26.58
ORD-000931,2026-10-28,2026,Q4,10,Europe,Germany,Monitor,Retail,41,271.3,11123.45,6117.9,1363.34,1914.01,1011.7,10406.94,716.51,6.44
ORD-000505,2026-10-28,2026,Q4,10,Asia Pacific,Singapore,Laptop,Distributor,342,984.25,336614.26,195236.27,10640.33,15937.69,7900.51,229714.8,106899.45,31.76
ORD-003691,2026-10-28,2026,Q4,10,North America,Canada,Printer,Enterprise,158,283.98,44868.93,25575.29,2141.73,5486.86,673.2,33877.08,10991.85,24.5
ORD-002412,2026-10-28,2026,Q4,10,Asia Pacific,India,Printer,Distributor,108,278.88,30118.73,17167.68,1594.24,4995.94,1687.38,25445.24,4673.49,15.52
ORD-004809,2026-10-28,2026,Q4,10,Europe,Spain,Desktop,Online,389,764.53,297400.89,178440.53,9734.57,14273.25,1729.61,204177.96,93222.93,31.35
ORD-001528,2026-10-28,2026,Q4,10,Middle East,Saudi Arabia,Printer,Enterprise,130,255.69,33239.93,18946.76,2367.55,3933.67,651.78,25899.75,7340.18,22.08
ORD-004276,2026-10-29,2026,Q4,10,Latin America,Chile,Server,Online,111,2347.19,260537.64,177165.59,2225.11,5729.75,699.9,185820.36,74717.28,28.68
ORD-000447,2026-10-29,2026,Q4,10,North America,USA,Desktop,Distributor,192,724.61,139125.21,83475.13,1750.78,9006.31,2350.76,96582.97,42542.24,30.58
ORD-003956,2026-10-30,2026,Q4,10,Europe,France,Monitor,Enterprise,70,337.96,23657.28,13011.51,1034.16,3442.64,1381.77,18870.08,4787.21,20.24
ORD-002019,2026-10-30,2026,Q4,10,Latin America,Argentina,Server,Online,289,1998.11,577453.35,392668.28,6577.41,10332.91,2395.37,411973.97,165479.39,28.66
ORD-002733,2026-10-30,2026,Q4,10,Asia Pacific,Singapore,Monitor,Online,275,293.7,80767.79,44422.29,4362.69,4601.71,871.89,54258.57,26509.22,32.82
ORD-004785,2026-10-30,2026,Q4,10,Middle East,UAE,Tablet,Distributor,338,542.3,183296.58,95314.22,4520.3,13442.19,5319.49,118596.21,64700.37,35.3
ORD-001478,2026-10-30,2026,Q4,10,Asia Pacific,India,Printer,Retail,425,282.47,120048.37,68427.57,7312.77,24057.97,10124.44,109922.75,10125.61,8.43
ORD-001892,2026-10-30,2026,Q4,10,North America,USA,Monitor,Retail,314,274.14,86080.54,47344.3,10090.81,16578.16,6682.22,80695.49,5385.06,6.26
ORD-003412,2026-10-31,2026,Q4,10,North America,Mexico,Desktop,Online,44,657.9,28947.52,17368.51,693.14,1671.0,1087.37,20820.03,8127.49,28.08
ORD-001800,2026-11-01,2026,Q4,11,Asia Pacific,Japan,Desktop,Enterprise,346,670.74,232077.23,139246.34,9541.66,18787.43,7018.09,174593.51,57483.71,24.77
ORD-000497,2026-11-01,2026,Q4,11,North America,Mexico,Printer,Online,264,279.0,73657.11,41984.55,6211.81,13838.07,5161.08,67195.51,6461.6,8.77
ORD-001727,2026-11-01,2026,Q4,11,Europe,Spain,Desktop,Enterprise,413,774.86,320019.08,192011.45,10275.25,4245.3,4022.97,210554.96,109464.11,34.21
ORD-002034,2026-11-01,2026,Q4,11,Latin America,Brazil,Server,Distributor,416,2154.95,896459.56,609592.5,7240.99,16333.91,2220.07,635387.47,261072.09,29.12
ORD-001401,2026-11-01,2026,Q4,11,Europe,UK,Server,Retail,205,2243.86,459990.92,312793.83,6019.23,8441.2,3228.46,330482.72,129508.2,28.15
ORD-002748,2026-11-01,2026,Q4,11,Asia Pacific,India,Laptop,Distributor,260,789.77,205339.97,119097.18,3162.59,3481.98,6200.17,131941.91,73398.05,35.74
ORD-003163,2026-11-01,2026,Q4,11,Europe,Germany,Monitor,Distributor,497,344.86,171394.19,94266.8,12349.68,6258.98,9002.71,121878.18,49516.01,28.89
ORD-001511,2026-11-01,2026,Q4,11,Latin America,Argentina,Monitor,Distributor,187,265.96,49733.79,27353.59,4584.14,6059.4,1589.6,39586.73,10147.06,20.4
ORD-002665,2026-11-02,2026,Q4,11,Europe,France,Laptop,Online,136,840.63,114326.01,66309.09,3949.73,5952.12,1020.69,77231.63,37094.39,32.45
ORD-004835,2026-11-02,2026,Q4,11,North America,Canada,Server,Online,437,2096.82,916309.73,623090.62,8621.43,18144.02,6602.03,656458.09,259851.64,28.36
ORD-003752,2026-11-02,2026,Q4,11,Europe,France,Server,Online,471,1911.94,900525.82,612357.55,13799.43,16283.63,10042.1,652482.71,248043.11,27.54
ORD-002712,2026-11-02,2026,Q4,11,North America,Mexico,Printer,Distributor,345,319.54,110241.29,62837.54,4405.35,17428.51,2011.34,86682.74,23558.55,21.37
ORD-002799,2026-11-02,2026,Q4,11,North America,Canada,Tablet,Distributor,315,523.52,164910.16,85753.28,7841.97,9437.03,7584.42,110616.71,54293.45,32.92
ORD-001857,2026-11-02,2026,Q4,11,North America,Mexico,Tablet,Distributor,142,534.29,75869.51,39452.15,3377.71,4374.03,3288.94,50492.83,25376.68,33.45
ORD-002784,2026-11-02,2026,Q4,11,Middle East,Qatar,Laptop,Distributor,194,989.06,191876.96,111288.64,3850.24,8720.24,4135.08,127994.19,63882.76,33.29
ORD-002026,2026-11-02,2026,Q4,11,Latin America,Brazil,Desktop,Enterprise,131,791.01,103622.77,62173.66,3383.04,1980.34,1675.06,69212.11,34410.67,33.21
ORD-003649,2026-11-03,2026,Q4,11,Latin America,Brazil,Printer,Retail,261,242.36,63255.33,36055.54,6634.51,3939.8,2141.9,48771.75,14483.58,22.9
ORD-002036,2026-11-03,2026,Q4,11,Middle East,Qatar,Server,Enterprise,250,1990.12,497529.28,338319.91,3923.77,7050.88,4102.46,353397.02,144132.26,28.97
ORD-004682,2026-11-03,2026,Q4,11,North America,Mexico,Server,Distributor,339,2417.25,819449.27,557225.51,3560.98,9886.16,8112.86,578785.5,240663.77,29.37
ORD-002736,2026-11-03,2026,Q4,11,Asia Pacific,Japan,Tablet,Retail,122,461.34,56283.75,29267.55,3657.75,6588.81,1233.99,40748.09,15535.66,27.6
ORD-004850,2026-11-04,2026,Q4,11,Europe,UK,Printer,Online,176,317.36,55855.29,31837.51,5170.3,2134.0,1754.62,40896.44,14958.85,26.78
ORD-000111,2026-11-04,2026,Q4,11,North America,USA,Laptop,Online,361,910.74,328775.84,190689.99,4974.91,10674.75,5797.22,212136.88,116638.97,35.48
ORD-000799,2026-11-04,2026,Q4,11,North America,Canada,Monitor,Retail,276,308.9,85255.24,46890.38,3581.9,14200.5,6354.72,71027.51,14227.74,16.69
ORD-000677,2026-11-04,2026,Q4,11,Asia Pacific,Australia,Printer,Online,366,295.47,108142.98,61641.5,5502.29,19091.58,3217.71,89453.07,18689.91,17.28
ORD-001075,2026-11-05,2026,Q4,11,Europe,Spain,Printer,Distributor,152,267.87,40716.52,23208.41,2307.03,7207.08,1189.67,33912.19,6804.32,16.71
ORD-000365,2026-11-05,2026,Q4,11,North America,Canada,Laptop,Retail,222,890.92,197783.87,114714.64,7382.45,12072.26,3601.53,137770.88,60012.98,30.34
ORD-004629,2026-11-05,2026,Q4,11,North America,Mexico,Laptop,Distributor,471,991.84,467155.37,270950.11,12646.54,21096.31,6188.07,310881.03,156274.34,33.45
ORD-002274,2026-11-05,2026,Q4,11,Europe,Spain,Printer,Enterprise,144,262.89,37856.19,21578.03,4508.73,7795.35,2839.2,36721.31,1134.88,3.0
ORD-002395,2026-11-05,2026,Q4,11,Europe,France,Printer,Distributor,171,321.97,55056.23,31382.05,3186.48,4026.15,3710.53,42305.21,12751.02,23.16
ORD-001918,2026-11-06,2026,Q4,11,North America,Mexico,Printer,Online,26,278.49,7240.86,4127.29,549.32,1341.1,636.42,6654.13,586.72,8.1
ORD-001260,2026-11-06,2026,Q4,11,Latin America,Argentina,Server,Online,473,2358.59,1115611.97,758616.14,14465.1,26483.55,5355.39,804920.18,310691.78,27.85
ORD-002993,2026-11-06,2026,Q4,11,Asia Pacific,Singapore,Laptop,Retail,371,814.87,302315.78,175343.15,3540.9,18502.59,4999.37,202386.0,99929.77,33.05
ORD-001001,2026-11-06,2026,Q4,11,Middle East,Qatar,Monitor,Distributor,453,334.0,151303.69,83217.03,11713.26,17279.05,1447.76,113657.1,37646.59,24.88
ORD-001046,2026-11-06,2026,Q4,11,Latin America,Brazil,Desktop,Retail,327,698.11,228281.01,136968.61,3151.01,11297.88,6369.91,157787.41,70493.61,30.88
ORD-001062,2026-11-06,2026,Q4,11,Europe,France,Laptop,Enterprise,197,937.12,184611.69,107074.78,3345.13,4680.94,4774.25,119875.1,64736.59,35.07
ORD-004993,2026-11-07,2026,Q4,11,Asia Pacific,Japan,Monitor,Enterprise,36,342.67,12335.97,6784.78,378.44,1125.85,412.47,8701.54,3634.42,29.46
ORD-003796,2026-11-07,2026,Q4,11,North America,Canada,Monitor,Distributor,54,328.84,17757.28,9766.51,1693.92,1640.2,629.48,13730.1,4027.18,22.68
ORD-003396,2026-11-07,2026,Q4,11,North America,Canada,Laptop,Online,125,906.32,113290.22,65708.33,3903.66,7436.68,2396.38,79445.03,33845.18,29.87
ORD-000418,2026-11-08,2026,Q4,11,North America,Canada,Server,Distributor,404,1933.52,781142.53,531176.92,13390.57,20450.97,1246.65,566265.11,214877.42,27.51
ORD-000913,2026-11-08,2026,Q4,11,Middle East,UAE,Laptop,Retail,345,915.35,315796.39,183161.91,6415.69,16013.36,2121.88,207712.83,108083.56,34.23
ORD-002941,2026-11-08,2026,Q4,11,Asia Pacific,India,Server,Retail,179,2168.82,388218.53,263988.6,4600.51,4057.57,1140.61,273787.3,114431.23,29.48
ORD-001170,2026-11-09,2026,Q4,11,Europe,Italy,Monitor,Distributor,123,320.42,39411.58,21676.37,2164.84,6170.23,2718.07,32729.51,6682.07,16.95
ORD-002043,2026-11-09,2026,Q4,11,North America,Canada,Printer,Distributor,242,276.69,66957.79,38165.94,4459.97,10067.17,797.68,53490.76,13467.03,20.11
ORD-002056,2026-11-09,2026,Q4,11,North America,Mexico,Tablet,Online,146,490.9,71671.34,37269.1,3425.85,5857.37,2229.35,48781.66,22889.68,31.94
ORD-002629,2026-11-09,2026,Q4,11,Europe,France,Desktop,Distributor,160,824.95,131991.94,79195.16,3102.75,3119.31,630.44,86047.66,45944.28,34.81
ORD-004456,2026-11-09,2026,Q4,11,Middle East,Qatar,Printer,Online,446,301.91,134652.18,76751.74,5014.9,19947.13,6721.76,108435.54,26216.64,19.47
ORD-001499,2026-11-09,2026,Q4,11,Europe,Germany,Printer,Distributor,9,318.48,2866.36,1633.83,203.92,336.0,210.73,2384.48,481.88,16.81
ORD-002037,2026-11-09,2026,Q4,11,Asia Pacific,India,Desktop,Retail,75,695.23,52141.92,31285.15,915.03,2610.89,592.8,35403.87,16738.05,32.1
ORD-004246,2026-11-10,2026,Q4,11,Europe,UK,Tablet,Retail,230,454.81,104606.96,54395.62,6416.5,2757.17,1239.38,64808.67,39798.29,38.05
ORD-000002,2026-11-10,2026,Q4,11,Middle East,Qatar,Monitor,Retail,349,272.28,95025.23,52263.87,4122.62,16906.85,6598.68,79892.03,15133.19,15.93
ORD-003078,2026-11-11,2026,Q4,11,Europe,Spain,Printer,Online,298,281.39,83854.56,47797.1,6660.66,12800.62,3646.33,70904.71,12949.85,15.44
ORD-000223,2026-11-11,2026,Q4,11,North America,Canada,Tablet,Distributor,491,493.32,242218.87,125953.81,10567.46,9165.93,2314.61,148001.81,94217.06,38.9
ORD-003151,2026-11-11,2026,Q4,11,Middle East,UAE,Printer,Online,84,275.17,23114.36,13175.18,1437.64,4877.27,1660.09,21150.18,1964.18,8.5
ORD-004947,2026-11-11,2026,Q4,11,Middle East,Qatar,Monitor,Retail,336,286.4,96232.04,52927.62,11375.16,12898.23,8234.51,85435.53,10796.51,11.22
ORD-002742,2026-11-11,2026,Q4,11,Middle East,Qatar,Server,Retail,386,2117.7,817433.8,555854.98,12178.93,5178.58,7369.74,580582.24,236851.56,28.98
ORD-001296,2026-11-11,2026,Q4,11,Middle East,UAE,Printer,Retail,28,315.27,8827.47,5031.66,691.88,652.55,273.29,6649.37,2178.1,24.67
ORD-004371,2026-11-11,2026,Q4,11,Latin America,Chile,Printer,Online,211,266.51,56232.78,32052.68,2263.12,6761.8,2930.48,44008.07,12224.7,21.74
ORD-002731,2026-11-12,2026,Q4,11,North America,Canada,Tablet,Distributor,58,468.93,27198.16,14143.04,1792.57,2366.27,183.46,18485.33,8712.82,32.03
ORD-000552,2026-11-12,2026,Q4,11,North America,USA,Tablet,Online,43,458.48,19714.83,10251.71,457.92,1679.27,315.69,12704.59,7010.24,35.56
ORD-000784,2026-11-12,2026,Q4,11,Europe,France,Laptop,Online,497,1017.35,505621.77,293260.63,10739.18,21600.86,8143.7,333744.38,171877.39,33.99
ORD-004913,2026-11-13,2026,Q4,11,Middle East,Qatar,Desktop,Distributor,373,671.84,250596.24,150357.75,8304.42,21367.71,5161.88,185191.76,65404.49,26.1
ORD-004649,2026-11-14,2026,Q4,11,North America,USA,Laptop,Retail,176,874.47,153906.42,89265.73,3451.49,5054.84,998.03,98770.09,55136.33,35.82
ORD-003984,2026-11-14,2026,Q4,11,North America,Mexico,Tablet,Distributor,50,464.31,23215.53,12072.08,813.35,2159.2,341.52,15386.15,7829.39,33.72
ORD-004769,2026-11-14,2026,Q4,11,Asia Pacific,Singapore,Tablet,Enterprise,356,508.61,181065.78,94154.21,12263.06,19647.7,3619.98,129684.95,51380.83,28.38
ORD-001794,2026-11-14,2026,Q4,11,Asia Pacific,Japan,Server,Distributor,284,2451.41,696200.26,473416.18,9208.94,4494.04,5553.07,492672.23,203528.03,29.23
ORD-004182,2026-11-14,2026,Q4,11,Asia Pacific,India,Server,Online,344,2432.46,836765.48,569000.53,11603.03,14812.45,7551.4,602967.41,233798.07,27.94
ORD-002892,2026-11-14,2026,Q4,11,Europe,France,Desktop,Distributor,400,836.52,334607.83,200764.7,6089.73,17518.93,3804.1,228177.45,106430.38,31.81
ORD-000432,2026-11-14,2026,Q4,11,Middle East,UAE,Laptop,Retail,218,845.44,184306.78,106897.93,1831.75,9050.09,3932.75,121712.52,62594.25,33.96
ORD-004595,2026-11-14,2026,Q4,11,Middle East,Qatar,Laptop,Online,473,839.55,397108.64,230323.01,9584.51,17977.91,9348.6,267234.03,129874.61,32.71
ORD-004176,2026-11-14,2026,Q4,11,Europe,France,Desktop,Retail,304,657.4,199849.72,119909.83,8604.14,17623.57,1669.32,147806.85,52042.87,26.04
ORD-001641,2026-11-15,2026,Q4,11,Asia Pacific,Australia,Server,Online,434,1931.55,838294.02,570039.94,11651.7,4409.67,7673.47,593774.78,244519.25,29.17
ORD-002222,2026-11-15,2026,Q4,11,Asia Pacific,India,Tablet,Retail,485,552.68,268049.36,139385.67,11998.6,13035.98,8006.16,172426.41,95622.95,35.67
ORD-000652,2026-11-15,2026,Q4,11,North America,USA,Laptop,Retail,273,998.25,272522.04,158062.78,4834.9,15193.82,1948.61,180040.1,92481.94,33.94
ORD-004452,2026-11-15,2026,Q4,11,Latin America,Argentina,Tablet,Online,56,441.19,24706.62,12847.44,1340.59,2256.45,331.55,16776.03,7930.59,32.1
ORD-000731,2026-11-15,2026,Q4,11,Middle East,UAE,Tablet,Retail,96,521.28,50043.18,26022.45,2887.89,5322.07,1058.39,35290.8,14752.38,29.48
ORD-001316,2026-11-16,2026,Q4,11,Europe,Germany,Server,Retail,304,2489.88,756923.59,514708.04,6071.97,16068.97,6189.4,543038.38,213885.22,28.26
ORD-002720,2026-11-16,2026,Q4,11,Latin America,Chile,Tablet,Distributor,359,517.76,185875.6,96655.31,7302.76,9221.97,3900.87,117080.91,68794.69,37.01
ORD-004917,2026-11-16,2026,Q4,11,Middle East,Saudi Arabia,Server,Online,333,2344.75,780802.77,530945.88,5888.36,19320.69,5316.73,561471.66,219331.11,28.09
ORD-003921,2026-11-17,2026,Q4,11,Europe,Spain,Desktop,Retail,44,807.7,35538.6,21323.16,1483.0,790.83,719.76,24316.76,11221.85,31.58
ORD-000130,2026-11-17,2026,Q4,11,Middle East,UAE,Printer,Enterprise,127,241.57,30679.85,17487.52,4194.41,6495.08,2105.74,30282.74,397.11,1.29
ORD-002813,2026-11-17,2026,Q4,11,Latin America,Brazil,Monitor,Online,474,335.71,159125.86,87519.22,5943.0,20565.04,10210.11,124237.37,34888.49,21.93
ORD-000087,2026-11-17,2026,Q4,11,North America,USA,Tablet,Retail,452,481.17,217486.77,113093.12,14196.21,6283.82,6408.03,139981.19,77505.58,35.64
ORD-000854,2026-11-18,2026,Q4,11,Middle East,Qatar,Desktop,Online,234,823.37,192668.22,115600.93,2703.48,4342.62,1402.1,124049.13,68619.09,35.62
ORD-003692,2026-11-18,2026,Q4,11,Europe,Germany,Desktop,Online,281,644.33,181057.89,108634.73,5216.8,11179.37,3074.36,128105.26,52952.63,29.25
ORD-003188,2026-11-18,2026,Q4,11,North America,USA,Desktop,Enterprise,170,775.35,131809.09,79085.45,5244.02,9160.35,1051.99,94541.8,37267.28,28.27
ORD-002010,2026-11-19,2026,Q4,11,Europe,Germany,Monitor,Online,157,295.87,46451.51,25548.33,4820.67,6150.26,2191.5,38710.76,7740.75,16.66
ORD-002743,2026-11-19,2026,Q4,11,Europe,Spain,Monitor,Retail,233,306.11,71323.83,39228.1,7634.95,7399.02,1536.24,55798.31,15525.51,21.77
ORD-002531,2026-11-19,2026,Q4,11,Asia Pacific,Japan,Monitor,Distributor,362,329.83,119398.37,65669.11,11346.63,7290.66,8180.59,92486.98,26911.39,22.54
ORD-004260,2026-11-19,2026,Q4,11,Europe,Spain,Desktop,Online,420,753.02,316266.94,189760.16,11845.73,20517.78,4305.81,226429.48,89837.46,28.41
ORD-001228,2026-11-20,2026,Q4,11,Asia Pacific,Singapore,Laptop,Online,459,830.44,381172.71,221080.17,14599.22,13223.7,5763.54,254666.64,126506.07,33.19
ORD-002557,2026-11-20,2026,Q4,11,Europe,France,Server,Enterprise,235,2517.58,591631.01,402309.09,8057.95,4212.77,2261.16,416840.97,174790.04,29.54
ORD-004548,2026-11-20,2026,Q4,11,North America,Mexico,Desktop,Distributor,117,858.4,100433.24,60259.94,2504.32,4559.35,2489.93,69813.54,30619.7,30.49
ORD-003783,2026-11-21,2026,Q4,11,North America,Canada,Desktop,Online,154,657.16,101202.61,60721.57,2817.6,2553.85,1333.44,67426.46,33776.15,33.37
ORD-003174,2026-11-22,2026,Q4,11,Middle East,UAE,Laptop,Online,304,869.59,264354.72,153325.74,3209.52,5633.07,6728.76,168897.09,95457.63,36.11
ORD-001281,2026-11-22,2026,Q4,11,Europe,Germany,Laptop,Online,88,855.22,75259.59,43650.56,1689.93,1746.95,762.18,47849.62,27409.97,36.42
ORD-000092,2026-11-22,2026,Q4,11,Europe,France,Monitor,Distributor,77,312.27,24045.02,13224.76,768.98,3920.9,1796.84,19711.47,4333.54,18.02
ORD-000218,2026-11-22,2026,Q4,11,North America,USA,Tablet,Retail,486,569.27,276664.24,143865.41,5971.11,10677.82,9029.52,169543.85,107120.39,38.72
ORD-004889,2026-11-24,2026,Q4,11,Asia Pacific,India,Printer,Distributor,122,319.09,38928.52,22189.26,1979.31,4964.52,2365.81,31498.89,7429.63,19.09
ORD-002401,2026-11-24,2026,Q4,11,Latin America,Chile,Laptop,Distributor,215,880.0,189199.99,109736.0,2003.91,2469.88,768.47,114978.26,74221.73,39.23
ORD-001504,2026-11-24,2026,Q4,11,Asia Pacific,Singapore,Laptop,Distributor,266,830.25,220846.22,128090.81,5451.17,8448.48,4234.96,146225.42,74620.8,33.79
ORD-004759,2026-11-24,2026,Q4,11,Asia Pacific,India,Desktop,Online,477,775.91,370111.24,222066.75,11790.53,23714.67,6702.41,264274.35,105836.9,28.6
ORD-002575,2026-11-24,2026,Q4,11,Middle East,Saudi Arabia,Desktop,Enterprise,110,803.3,88363.32,53017.99,3009.54,3482.77,1436.35,60946.66,27416.66,31.03
ORD-002406,2026-11-24,2026,Q4,11,North America,Mexico,Tablet,Distributor,351,517.42,181615.07,94439.83,11110.06,6074.01,8320.41,119944.32,61670.74,33.96
ORD-000122,2026-11-25,2026,Q4,11,North America,Canada,Monitor,Online,386,310.38,119805.92,65893.26,9766.8,6727.56,6229.45,88617.07,31188.85,26.03
ORD-004698,2026-11-26,2026,Q4,11,North America,Canada,Laptop,Enterprise,275,797.95,219435.11,127272.37,6572.56,13786.31,3833.52,151464.75,67970.36,30.98
ORD-000247,2026-11-26,2026,Q4,11,Asia Pacific,Singapore,Laptop,Enterprise,11,1010.39,11114.29,6446.29,101.02,143.04,228.32,6918.66,4195.63,37.75
ORD-000192,2026-11-26,2026,Q4,11,Middle East,UAE,Tablet,Retail,54,506.73,27363.33,14228.93,519.02,612.82,1114.68,16475.45,10887.88,39.79
ORD-003335,2026-11-27,2026,Q4,11,Middle East,Qatar,Server,Enterprise,472,2337.14,1103131.34,750129.31,13348.98,24587.1,3882.49,791947.89,311183.46,28.21
ORD-003067,2026-11-27,2026,Q4,11,Asia Pacific,Singapore,Tablet,Retail,83,433.46,35977.36,18708.23,1586.9,3357.96,1863.45,25516.54,10460.82,29.08
ORD-003791,2026-11-27,2026,Q4,11,Asia Pacific,Japan,Laptop,Online,44,844.35,37151.19,21547.69,568.81,666.91,966.11,23749.51,13401.67,36.07
ORD-001119,2026-11-28,2026,Q4,11,Europe,Germany,Server,Retail,246,2176.55,535431.88,364093.68,7996.05,14304.68,1902.1,388296.51,147135.37,27.48
ORD-000681,2026-11-28,2026,Q4,11,Europe,Italy,Desktop,Distributor,133,819.81,109034.18,65420.51,4285.74,6680.75,2698.41,79085.41,29948.77,27.47
ORD-000271,2026-11-28,2026,Q4,11,Asia Pacific,Australia,Monitor,Distributor,20,286.14,5722.72,3147.5,512.86,491.81,472.16,4624.33,1098.4,19.19
ORD-003373,2026-11-28,2026,Q4,11,Europe,UK,Printer,Retail,371,274.18,101720.21,57980.52,9817.23,13996.22,4393.23,86187.19,15533.01,15.27
ORD-001627,2026-11-28,2026,Q4,11,Latin America,Chile,Printer,Distributor,352,280.07,98584.58,56193.21,8961.08,15237.18,5040.3,85431.77,13152.81,13.34
ORD-002961,2026-11-28,2026,Q4,11,North America,USA,Monitor,Online,499,286.18,142806.27,78543.45,12104.09,14873.88,5521.37,111042.78,31763.49,22.24
ORD-001051,2026-11-28,2026,Q4,11,Middle East,Saudi Arabia,Laptop,Online,370,996.08,368548.38,213758.06,9287.31,14993.41,4587.69,242626.47,125921.9,34.17
ORD-004352,2026-11-28,2026,Q4,11,Europe,Spain,Laptop,Online,286,887.7,253881.46,147251.25,3269.87,5116.78,4165.19,159803.08,94078.38,37.06
ORD-001518,2026-11-28,2026,Q4,11,North America,Mexico,Desktop,Online,21,791.18,16614.88,9968.93,179.62,572.86,130.64,10852.05,5762.83,34.68
ORD-004553,2026-11-28,2026,Q4,11,Europe,France,Desktop,Retail,344,724.44,249206.28,149523.77,10636.33,9708.86,8031.65,177900.62,71305.66,28.61
ORD-000794,2026-11-28,2026,Q4,11,Europe,Italy,Monitor,Online,185,308.23,57023.14,31362.73,2554.71,5342.59,4477.72,43737.75,13285.39,23.3
ORD-000436,2026-11-28,2026,Q4,11,Latin America,Chile,Laptop,Enterprise,485,874.11,423944.01,245887.53,7277.02,7638.74,8342.03,269145.32,154798.69,36.51
ORD-001202,2026-11-29,2026,Q4,11,Europe,France,Tablet,Online,201,498.45,100188.64,52098.09,2942.3,8405.98,3365.88,66812.26,33376.38,33.31
ORD-000714,2026-11-29,2026,Q4,11,Middle East,Saudi Arabia,Printer,Distributor,40,241.66,9666.46,5509.88,689.7,844.01,883.09,7926.68,1739.78,18.0
ORD-003542,2026-11-29,2026,Q4,11,Middle East,Saudi Arabia,Desktop,Distributor,64,792.9,50745.6,30447.36,1720.13,2611.76,921.18,35700.42,15045.17,29.65
ORD-001208,2026-11-29,2026,Q4,11,North America,USA,Laptop,Online,83,1028.38,85355.61,49506.25,1389.58,2412.28,361.61,53669.72,31685.89,37.12
ORD-003005,2026-11-30,2026,Q4,11,Latin America,Brazil,Desktop,Online,359,703.55,252573.06,151543.84,3119.25,10178.69,4852.81,169694.59,82878.47,32.81
ORD-003269,2026-11-30,2026,Q4,11,Middle East,Saudi Arabia,Server,Distributor,94,1924.6,180912.82,123020.72,778.3,5126.72,1428.56,130354.3,50558.52,27.95
ORD-002534,2026-11-30,2026,Q4,11,Asia Pacific,Singapore,Monitor,Online,368,293.97,108180.26,59499.14,4449.39,8387.25,6312.06,78647.84,29532.42,27.3
ORD-000073,2026-11-30,2026,Q4,11,Europe,Spain,Laptop,Retail,92,819.0,75348.26,43701.99,2840.23,2561.29,1985.49,51089.0,24259.27,32.2
ORD-002472,2026-11-30,2026,Q4,11,Latin America,Argentina,Laptop,Online,207,954.43,197567.54,114589.17,3148.05,3159.78,2284.21,123181.21,74386.33,37.65
ORD-000438,2026-12-01,2026,Q4,12,North America,Mexico,Desktop,Retail,372,644.16,239626.2,143775.72,9019.52,16361.22,3280.13,172436.59,67189.61,28.04
ORD-003892,2026-12-01,2026,Q4,12,Asia Pacific,Japan,Server,Distributor,37,2522.08,93316.82,63455.44,963.13,754.45,835.32,66008.34,27308.47,29.26
ORD-000777,2026-12-01,2026,Q4,12,North America,Mexico,Printer,Enterprise,468,297.52,139241.69,79367.76,15099.16,18384.12,5581.19,118432.23,20809.46,14.94
ORD-004772,2026-12-01,2026,Q4,12,Europe,Spain,Printer,Online,51,315.25,16077.6,9164.23,929.31,902.68,1071.38,12067.59,4010.0,24.94
ORD-004464,2026-12-01,2026,Q4,12,Asia Pacific,Japan,Server,Online,437,2507.07,1095589.66,745000.97,3975.15,9395.77,8390.14,766762.03,328827.63,30.01
ORD-003677,2026-12-02,2026,Q4,12,Europe,UK,Desktop,Online,424,707.36,299919.62,179951.77,11020.79,21475.23,2443.47,214891.26,85028.36,28.35
ORD-000377,2026-12-02,2026,Q4,12,Middle East,Qatar,Printer,Retail,48,260.8,12518.62,7135.62,512.36,1030.21,808.1,9486.29,3032.34,24.22
ORD-004448,2026-12-02,2026,Q4,12,Latin America,Argentina,Laptop,Enterprise,219,823.81,180413.43,104639.79,2736.45,10940.33,3790.01,122106.58,58306.85,32.32
ORD-001059,2026-12-03,2026,Q4,12,Latin America,Chile,Server,Retail,105,2520.54,264656.23,179966.23,2431.01,1393.21,2296.18,186086.64,78569.59,29.69
ORD-002226,2026-12-03,2026,Q4,12,Middle East,Saudi Arabia,Printer,Online,39,302.78,11808.39,6730.78,1346.1,1479.25,950.74,10506.87,1301.52,11.02
ORD-003883,2026-12-03,2026,Q4,12,Middle East,UAE,Monitor,Distributor,114,295.94,33736.68,18555.17,1995.8,6435.54,1775.74,28762.26,4974.42,14.74
ORD-002967,2026-12-03,2026,Q4,12,Latin America,Argentina,Desktop,Enterprise,268,660.18,176927.66,106156.6,8043.14,9587.02,4678.02,128464.77,48462.89,27.39
ORD-002000,2026-12-03,2026,Q4,12,North America,USA,Printer,Online,241,314.56,75808.53,43210.86,4773.71,9913.84,1856.7,59755.1,16053.43,21.18
ORD-002827,2026-12-03,2026,Q4,12,Asia Pacific,Australia,Tablet,Online,332,535.21,177689.98,92398.79,7269.44,3775.32,7880.75,111324.31,66365.67,37.35
ORD-004568,2026-12-03,2026,Q4,12,Europe,Italy,Server,Online,77,2177.77,167688.51,114028.19,1900.05,4457.63,859.36,121245.22,46443.28,27.7
ORD-003704,2026-12-04,2026,Q4,12,Asia Pacific,India,Monitor,Enterprise,468,310.81,145459.2,80002.56,9982.0,14628.5,10290.83,114903.89,30555.31,21.01
ORD-003390,2026-12-04,2026,Q4,12,Asia Pacific,Japan,Server,Online,255,2038.38,519786.08,353454.54,6797.93,12687.47,6357.96,379297.9,140488.19,27.03
ORD-002871,2026-12-04,2026,Q4,12,Asia Pacific,Japan,Tablet,Retail,138,505.11,69705.66,36246.95,2489.04,6784.69,851.15,46371.82,23333.84,33.47
ORD-001237,2026-12-05,2026,Q4,12,Middle East,UAE,Server,Enterprise,82,2040.33,167307.31,113768.97,2566.83,943.16,1693.93,118972.89,48334.43,28.89
ORD-000639,2026-12-05,2026,Q4,12,Asia Pacific,Australia,Tablet,Online,368,573.53,211057.54,109749.92,11724.44,8619.8,5016.1,135110.27,75947.27,35.98
ORD-001355,2026-12-05,2026,Q4,12,Europe,Germany,Printer,Online,366,272.81,99849.92,56914.45,11501.13,15036.4,3237.81,86689.79,13160.13,13.18
ORD-000244,2026-12-05,2026,Q4,12,Europe,France,Monitor,Online,213,284.71,60642.46,33353.35,2283.88,2327.83,4708.81,42673.87,17968.58,29.63
ORD-002096,2026-12-06,2026,Q4,12,Asia Pacific,Japan,Laptop,Enterprise,171,964.94,165004.66,95702.7,4717.63,6535.13,2751.79,109707.26,55297.4,33.51
ORD-000344,2026-12-06,2026,Q4,12,Middle East,Saudi Arabia,Desktop,Retail,450,801.6,360718.73,216431.24,10535.81,12078.81,11187.28,250233.13,110485.6,30.63
ORD-003076,2026-12-06,2026,Q4,12,Asia Pacific,Singapore,Printer,Distributor,18,300.97,5417.4,3087.92,486.16,580.45,361.38,4515.91,901.5,16.64
ORD-004169,2026-12-06,2026,Q4,12,Europe,Italy,Server,Online,101,2385.21,240906.43,163816.37,2389.57,1813.48,1682.55,169701.98,71204.45,29.56
ORD-001167,2026-12-06,2026,Q4,12,Asia Pacific,Australia,Desktop,Retail,129,724.46,93455.55,56073.33,3202.16,6056.11,917.22,66248.82,27206.73,29.11
ORD-002324,2026-12-06,2026,Q4,12,Asia Pacific,India,Printer,Online,383,316.3,121142.71,69051.34,3618.83,11533.1,7009.26,91212.53,29930.17,24.71
ORD-003276,2026-12-06,2026,Q4,12,Asia Pacific,India,Laptop,Retail,436,960.57,418807.82,242908.54,11784.95,18104.74,8625.19,281423.42,137384.41,32.8
ORD-002654,2026-12-07,2026,Q4,12,Asia Pacific,Singapore,Laptop,Online,363,798.74,289943.17,168167.04,11354.68,14176.86,5236.34,198934.93,91008.25,31.39
ORD-000093,2026-12-07,2026,Q4,12,North America,Mexico,Server,Enterprise,95,2364.26,224604.86,152731.3,1658.18,3555.79,1660.65,159605.92,64998.94,28.94
ORD-003517,2026-12-07,2026,Q4,12,Asia Pacific,Japan,Desktop,Retail,45,836.21,37629.46,22577.68,1230.59,957.8,820.96,25587.03,12042.43,32.0
ORD-003639,2026-12-07,2026,Q4,12,Europe,UK,Tablet,Distributor,168,480.59,80739.16,41984.36,4593.18,3119.18,2778.82,52475.55,28263.61,35.01
ORD-003488,2026-12-08,2026,Q4,12,Asia Pacific,Australia,Laptop,Retail,465,870.65,404852.51,234814.45,7628.7,10718.11,7331.57,260492.83,144359.68,35.66
ORD-000893,2026-12-08,2026,Q4,12,North America,USA,Printer,Distributor,301,290.32,87384.88,49809.38,4704.39,12391.73,6045.88,72951.38,14433.49,16.52
ORD-000240,2026-12-08,2026,Q4,12,North America,Mexico,Tablet,Enterprise,461,437.7,201778.54,104924.84,12600.47,13206.7,1644.22,132376.23,69402.31,34.4
ORD-002901,2026-12-08,2026,Q4,12,Middle East,UAE,Printer,Online,144,306.0,44064.68,25116.87,1537.21,1526.38,1040.08,29220.53,14844.15,33.69
ORD-001650,2026-12-08,2026,Q4,12,Europe,Germany,Server,Enterprise,420,2184.19,917359.02,623804.13,5359.41,12245.16,6100.24,647508.94,269850.08,29.42
ORD-003750,2026-12-08,2026,Q4,12,North America,USA,Desktop,Distributor,434,709.75,308031.99,184819.19,14030.91,5774.46,4644.09,209268.66,98763.33,32.06
ORD-004094,2026-12-09,2026,Q4,12,Latin America,Chile,Server,Online,359,2085.43,748669.61,509095.33,4504.95,11683.23,7763.66,533047.17,215622.44,28.8
ORD-004915,2026-12-09,2026,Q4,12,Europe,France,Desktop,Retail,273,775.64,211749.85,127049.91,9448.87,3887.47,1090.48,141476.73,70273.12,33.19
ORD-004278,2026-12-09,2026,Q4,12,North America,Mexico,Server,Retail,204,2029.01,413918.22,281464.39,4181.98,9329.22,3120.75,298096.34,115821.88,27.98
ORD-004732,2026-12-09,2026,Q4,12,Latin America,Brazil,Monitor,Online,238,265.54,63198.01,34758.9,3200.79,7708.15,5459.72,51127.57,12070.44,19.1
ORD-000940,2026-12-10,2026,Q4,12,Asia Pacific,Singapore,Tablet,Online,36,571.22,20563.96,10693.26,1173.2,887.23,309.33,13063.01,7500.95,36.48
ORD-000629,2026-12-10,2026,Q4,12,Asia Pacific,Australia,Desktop,Online,69,798.75,55113.83,33068.3,662.33,3426.74,904.38,38061.75,17052.08,30.94
ORD-001545,2026-12-12,2026,Q4,12,Europe,Italy,Monitor,Online,25,283.67,7091.82,3900.5,499.06,1258.97,236.69,5895.22,1196.6,16.87
ORD-002726,2026-12-12,2026,Q4,12,Latin America,Brazil,Laptop,Online,437,965.58,421960.2,244736.91,14418.56,11235.36,2475.37,272866.2,149094.0,35.33
ORD-000066,2026-12-12,2026,Q4,12,Latin America,Argentina,Printer,Retail,338,271.18,91660.13,52246.27,5752.08,18340.94,1880.64,78219.93,13440.2,14.66
ORD-000305,2026-12-12,2026,Q4,12,North America,Canada,Laptop,Enterprise,490,806.16,395018.19,229110.55,5419.94,22321.07,7760.25,264611.81,130406.38,33.01
ORD-000973,2026-12-12,2026,Q4,12,Asia Pacific,India,Laptop,Retail,154,909.95,140132.9,81277.08,3174.33,3048.15,1008.83,88508.39,51624.51,36.84
ORD-000150,2026-12-12,2026,Q4,12,Europe,France,Monitor,Distributor,441,326.07,143795.66,79087.61,12888.19,15174.72,5303.06,112453.59,31342.08,21.8
ORD-004608,2026-12-12,2026,Q4,12,Asia Pacific,Australia,Printer,Enterprise,195,246.46,48058.85,27393.54,6291.6,9512.81,3068.98,46266.93,1791.92,3.73
ORD-000937,2026-12-13,2026,Q4,12,Asia Pacific,Australia,Monitor,Online,68,299.18,20344.57,11189.51,1894.34,3208.14,820.83,17112.82,3231.75,15.89
ORD-004498,2026-12-13,2026,Q4,12,Europe,Italy,Laptop,Online,265,838.99,222332.77,128953.01,6631.85,4012.97,4005.78,143603.61,78729.16,35.41
ORD-000299,2026-12-13,2026,Q4,12,Middle East,Qatar,Server,Distributor,263,2296.48,603975.17,410703.12,4730.7,4931.35,864.62,421229.79,182745.39,30.26
ORD-000574,2026-12-13,2026,Q4,12,Europe,France,Desktop,Retail,200,776.39,155278.22,93166.93,6021.33,8108.54,1624.28,108921.08,46357.14,29.85
ORD-002063,2026-12-14,2026,Q4,12,Europe,France,Server,Distributor,450,2122.59,955163.77,649511.36,14730.42,22113.78,4125.71,690481.27,264682.5,27.71
ORD-004652,2026-12-15,2026,Q4,12,Europe,France,Server,Online,315,2252.54,709549.73,482493.82,10452.76,5438.92,5300.36,503685.85,205863.88,29.01
ORD-000646,2026-12-15,2026,Q4,12,North America,USA,Printer,Distributor,130,317.72,41303.53,23543.01,3924.33,3012.07,3012.51,33491.92,7811.61,18.91
ORD-001821,2026-12-15,2026,Q4,12,Latin America,Argentina,Monitor,Enterprise,343,318.62,109287.9,60108.35,5258.25,16188.24,5170.92,86725.75,22562.15,20.64
ORD-004990,2026-12-15,2026,Q4,12,Middle East,Saudi Arabia,Server,Enterprise,136,2306.0,313616.11,213258.96,1947.71,7228.65,2373.88,224809.19,88806.92,28.32
ORD-002191,2026-12-16,2026,Q4,12,Europe,UK,Tablet,Enterprise,424,452.07,191678.32,99672.73,5498.11,14805.55,6309.48,126285.87,65392.45,34.12
ORD-002054,2026-12-16,2026,Q4,12,Middle East,Saudi Arabia,Printer,Online,111,320.1,35531.47,20252.94,2090.15,1973.87,1106.67,25423.62,10107.85,28.45
ORD-000328,2026-12-17,2026,Q4,12,Europe,France,Server,Distributor,281,2170.77,609987.72,414791.65,3131.54,6001.48,5906.8,429831.47,180156.25,29.53
ORD-000470,2026-12-17,2026,Q4,12,Europe,Italy,Desktop,Retail,384,831.87,319438.38,191663.03,11983.27,14867.15,8277.1,226790.55,92647.83,29.0
ORD-003002,2026-12-17,2026,Q4,12,Europe,Spain,Printer,Retail,311,310.47,96555.43,55036.59,2491.36,10055.69,1533.45,69117.09,27438.34,28.42
ORD-000323,2026-12-17,2026,Q4,12,Asia Pacific,Australia,Tablet,Retail,384,543.78,208810.67,108581.55,6541.56,3890.53,1294.76,120308.39,88502.28,42.38
ORD-003849,2026-12-17,2026,Q4,12,Asia Pacific,Japan,Tablet,Enterprise,243,474.08,115200.6,59904.31,4251.43,12505.81,5086.38,81747.92,33452.68,29.04
ORD-002872,2026-12-18,2026,Q4,12,Asia Pacific,Japan,Server,Distributor,106,2042.06,216457.98,147191.43,2224.28,2134.05,2492.93,154042.69,62415.29,28.83
ORD-003676,2026-12-18,2026,Q4,12,North America,Canada,Printer,Retail,453,265.09,120084.96,68448.43,13173.06,25392.78,4355.56,111369.83,8715.13,7.26
ORD-002746,2026-12-18,2026,Q4,12,Europe,Italy,Server,Distributor,154,2449.98,377297.01,256561.97,5026.23,2568.7,1611.25,265768.15,111528.86,29.56
ORD-003227,2026-12-18,2026,Q4,12,Asia Pacific,Singapore,Server,Online,390,1956.36,762979.27,518825.91,4889.85,10658.63,2995.07,537369.45,225609.82,29.57
ORD-000021,2026-12-18,2026,Q4,12,Middle East,Qatar,Printer,Distributor,119,278.76,33171.93,18908.0,2269.99,3469.88,2338.13,26985.99,6185.94,18.65
ORD-003173,2026-12-18,2026,Q4,12,North America,Mexico,Printer,Enterprise,334,263.12,87883.02,50093.32,5949.88,4114.97,8283.65,68441.81,19441.21,22.12
ORD-001507,2026-12-18,2026,Q4,12,Europe,Italy,Laptop,Enterprise,421,997.17,419809.36,243489.43,8993.47,16101.52,4930.34,273514.76,146294.61,34.85
ORD-004884,2026-12-18,2026,Q4,12,Latin America,Argentina,Desktop,Retail,369,760.97,280799.34,168479.6,9879.92,13014.03,1381.88,192755.45,88043.89,31.35
ORD-003541,2026-12-18,2026,Q4,12,Europe,France,Laptop,Retail,78,883.06,68878.58,39949.58,827.48,2389.14,1473.25,44639.45,24239.13,35.19
ORD-001416,2026-12-18,2026,Q4,12,Europe,Spain,Desktop,Retail,391,736.98,288158.95,172895.37,3432.41,7244.63,2438.3,186010.72,102148.23,35.45
ORD-001655,2026-12-19,2026,Q4,12,North America,Canada,Laptop,Enterprise,317,950.3,301245.51,174722.4,2777.13,15324.71,7556.68,200380.92,100864.6,33.48
ORD-001811,2026-12-19,2026,Q4,12,Asia Pacific,Japan,Tablet,Enterprise,15,470.52,7057.79,3670.05,325.78,324.98,196.99,4517.79,2539.99,35.99
ORD-004062,2026-12-19,2026,Q4,12,Asia Pacific,Australia,Laptop,Online,56,1032.0,57791.85,33519.27,1427.03,1917.47,519.08,37382.86,20409.0,35.31
ORD-001311,2026-12-19,2026,Q4,12,Asia Pacific,Singapore,Desktop,Enterprise,310,651.19,201869.93,121121.96,3785.42,13940.38,3562.98,142410.73,59459.19,29.45
ORD-003747,2026-12-19,2026,Q4,12,North America,Mexico,Desktop,Retail,367,810.87,297589.23,178553.54,6988.79,15889.53,2574.14,204005.99,93583.23,31.45
ORD-001154,2026-12-21,2026,Q4,12,North America,USA,Tablet,Retail,418,464.01,193957.8,100858.05,13967.97,8622.78,9668.18,133116.98,60840.81,31.37
ORD-002397,2026-12-21,2026,Q4,12,Asia Pacific,Japan,Laptop,Distributor,249,871.69,217050.8,125889.46,8034.61,7029.2,2420.17,143373.45,73677.35,33.94
ORD-003510,2026-12-21,2026,Q4,12,Middle East,UAE,Server,Online,18,2283.33,41099.93,27947.95,376.64,674.57,405.99,29405.15,11694.78,28.45
ORD-002535,2026-12-22,2026,Q4,12,North America,Mexico,Laptop,Online,350,771.3,269955.51,156574.19,3701.91,12735.11,6142.09,179153.31,90802.2,33.64
ORD-000078,2026-12-22,2026,Q4,12,Middle East,Saudi Arabia,Monitor,Online,69,323.58,22327.08,12279.89,844.22,1363.85,1227.68,15715.64,6611.44,29.61
ORD-003914,2026-12-22,2026,Q4,12,Asia Pacific,India,Desktop,Online,126,679.63,85633.08,51379.85,2504.76,7032.01,1708.63,62625.25,23007.83,26.87
ORD-004225,2026-12-22,2026,Q4,12,Middle East,Qatar,Desktop,Retail,23,721.81,16601.68,9961.01,364.58,498.8,539.29,11363.68,5238.0,31.55
ORD-000900,2026-12-22,2026,Q4,12,Europe,France,Laptop,Distributor,207,1002.41,207499.14,120349.5,2380.38,7779.95,3374.16,133883.99,73615.14,35.48
ORD-001839,2026-12-22,2026,Q4,12,North America,USA,Tablet,Distributor,288,505.24,145510.27,75665.34,6377.69,17150.07,5601.96,104795.06,40715.21,27.98
ORD-002369,2026-12-22,2026,Q4,12,Europe,Spain,Tablet,Online,121,489.39,59216.59,30792.63,4198.7,4549.1,393.78,39934.21,19282.39,32.56
ORD-003722,2026-12-23,2026,Q4,12,Latin America,Brazil,Monitor,Online,196,266.56,52244.89,28734.69,2825.39,11721.27,2455.08,45736.43,6508.46,12.46
ORD-001339,2026-12-23,2026,Q4,12,Middle East,Saudi Arabia,Desktop,Online,155,660.1,102316.26,61389.76,2934.14,5080.19,3679.46,73083.55,29232.71,28.57
ORD-003664,2026-12-23,2026,Q4,12,Middle East,UAE,Tablet,Distributor,25,447.43,11185.64,5816.53,758.13,525.37,328.85,7428.89,3756.74,33.59
ORD-003765,2026-12-24,2026,Q4,12,Latin America,Argentina,Server,Retail,298,2405.51,716843.44,487453.54,5385.66,10170.32,4864.96,507874.48,208968.96,29.15
ORD-003231,2026-12-24,2026,Q4,12,Europe,Spain,Tablet,Online,53,488.59,25895.35,13465.58,736.03,2965.18,992.59,18159.38,7735.97,29.87
ORD-000534,2026-12-24,2026,Q4,12,Latin America,Brazil,Printer,Retail,371,302.7,112302.98,64012.7,8958.72,22106.48,6359.42,101437.32,10865.66,9.68
ORD-002819,2026-12-24,2026,Q4,12,Asia Pacific,India,Tablet,Distributor,70,449.27,31449.05,16353.51,1471.08,4071.22,1524.57,23420.38,8028.67,25.53
ORD-004095,2026-12-24,2026,Q4,12,Asia Pacific,Singapore,Desktop,Online,77,790.75,60887.4,36532.44,1555.1,1786.79,1169.47,41043.8,19843.6,32.59
ORD-001565,2026-12-24,2026,Q4,12,Asia Pacific,Australia,Server,Online,465,1948.42,906014.71,616090.0,13344.64,10693.59,7741.46,647869.69,258145.01,28.49
ORD-002686,2026-12-24,2026,Q4,12,North America,Mexico,Laptop,Enterprise,137,826.05,113168.88,65637.95,1475.71,3065.24,813.96,70992.86,42176.02,37.27
ORD-002411,2026-12-24,2026,Q4,12,Asia Pacific,India,Monitor,Distributor,189,265.51,50180.99,27599.54,6286.82,2127.77,1459.85,37473.98,12707.01,25.32
ORD-002023,2026-12-25,2026,Q4,12,North America,Canada,Tablet,Enterprise,249,470.94,117263.72,60977.14,6629.23,13843.48,3880.18,85330.02,31933.7,27.23
ORD-002319,2026-12-25,2026,Q4,12,North America,Mexico,Printer,Enterprise,228,309.52,70569.58,40224.66,3194.65,8122.14,5050.92,56592.38,13977.2,19.81
ORD-004555,2026-12-25,2026,Q4,12,Middle East,Saudi Arabia,Desktop,Online,221,777.6,171849.84,103109.91,6954.97,5497.52,1734.46,117296.86,54552.98,31.74
ORD-002192,2026-12-25,2026,Q4,12,Asia Pacific,Japan,Tablet,Online,209,529.31,110625.12,57525.06,4606.94,2834.09,2178.06,67144.15,43480.97,39.3
ORD-004672,2026-12-25,2026,Q4,12,Latin America,Argentina,Desktop,Online,25,674.81,16870.15,10122.09,686.73,577.21,345.83,11731.87,5138.29,30.46
ORD-002706,2026-12-25,2026,Q4,12,Europe,Spain,Server,Retail,211,2042.8,431030.67,293100.85,5918.82,4681.74,900.27,304601.67,126428.99,29.33
ORD-001771,2026-12-26,2026,Q4,12,Europe,UK,Monitor,Retail,345,329.02,113513.39,62432.36,5478.72,12678.23,2170.66,82759.97,30753.41,27.09
ORD-004620,2026-12-26,2026,Q4,12,Europe,France,Laptop,Online,123,868.23,106792.55,61939.68,3988.62,1477.22,1809.33,69214.86,37577.69,35.19
ORD-002209,2026-12-27,2026,Q4,12,North America,Canada,Server,Enterprise,331,2460.48,814418.67,553804.7,5810.86,15128.18,4669.4,579413.14,235005.53,28.86
ORD-002897,2026-12-27,2026,Q4,12,Asia Pacific,Japan,Printer,Retail,253,284.8,72055.04,41071.38,5075.08,11702.64,2225.32,60074.41,11980.64,16.63
ORD-004660,2026-12-27,2026,Q4,12,Middle East,Qatar,Printer,Retail,114,241.05,27479.75,15663.46,2495.18,1246.53,2350.17,21755.34,5724.41,20.83
ORD-003247,2026-12-27,2026,Q4,12,Europe,Italy,Monitor,Online,500,287.78,143889.77,79139.37,6105.56,10017.06,5920.58,101182.57,42707.2,29.68
ORD-002588,2026-12-28,2026,Q4,12,Latin America,Chile,Tablet,Retail,220,440.73,96960.94,50419.69,7182.65,9450.17,4462.68,71515.19,25445.75,26.24
ORD-001546,2026-12-28,2026,Q4,12,Middle East,UAE,Printer,Online,147,264.82,38928.92,22189.49,4379.35,8645.63,3199.96,38414.43,514.5,1.32
ORD-004800,2026-12-28,2026,Q4,12,Middle East,UAE,Monitor,Enterprise,60,312.58,18755.02,10315.26,1396.91,3174.56,939.52,15826.26,2928.76,15.62
ORD-004168,2026-12-28,2026,Q4,12,Asia Pacific,Singapore,Monitor,Retail,266,291.72,77598.65,42679.26,9261.79,6776.86,1347.14,60065.05,17533.6,22.6
ORD-003170,2026-12-28,2026,Q4,12,Europe,UK,Desktop,Online,95,843.38,80121.2,48072.72,3123.81,2485.57,326.97,54009.07,26112.13,32.59
ORD-004962,2026-12-28,2026,Q4,12,North America,Mexico,Printer,Online,333,314.11,104599.57,59621.75,10553.62,19956.69,5200.29,95332.36,9267.21,8.86
ORD-000343,2026-12-28,2026,Q4,12,North America,Mexico,Tablet,Online,448,551.67,247148.6,128517.27,7009.54,6771.98,4729.99,147028.78,100119.82,40.51
ORD-000430,2026-12-28,2026,Q4,12,Europe,Italy,Server,Online,441,1967.08,867480.85,589886.98,14702.32,13410.02,2660.0,620659.31,246821.54,28.45
ORD-002150,2026-12-29,2026,Q4,12,Europe,Spain,Monitor,Retail,160,281.19,44990.25,24744.64,2900.65,1909.89,1381.58,30936.76,14053.49,31.24
ORD-002040,2026-12-29,2026,Q4,12,North America,Mexico,Server,Retail,443,2099.59,930116.52,632479.24,11680.51,13833.26,2423.75,660416.75,269699.77,29.0
ORD-001693,2026-12-29,2026,Q4,12,Asia Pacific,Japan,Server,Online,281,2101.27,590456.84,401510.65,9715.74,4628.53,2777.77,418632.7,171824.14,29.1
ORD-003583,2026-12-29,2026,Q4,12,North America,USA,Laptop,Enterprise,404,825.7,333582.55,193477.88,12139.53,5767.53,9530.92,220915.85,112666.69,33.77
ORD-004779,2026-12-29,2026,Q4,12,Latin America,Argentina,Laptop,Retail,40,803.77,32150.78,18647.45,847.01,902.62,248.7,20645.77,11505.01,35.78
ORD-000460,2026-12-29,2026,Q4,12,North America,USA,Desktop,Online,145,820.67,118997.41,71398.45,3998.14,1755.55,565.79,77717.92,41279.49,34.69
ORD-004240,2026-12-30,2026,Q4,12,North America,Canada,Desktop,Online,367,713.0,261670.39,157002.23,6337.74,8831.48,7774.06,179945.52,81724.87,31.23
ORD-003726,2026-12-30,2026,Q4,12,Asia Pacific,Australia,Printer,Retail,467,307.2,143463.07,81773.95,8877.99,21545.59,5442.04,117639.56,25823.5,18.0
